order,id,target,partOfSpeech,cefr,effectiveBand,freqRank,examOrder,isPhrase,score
0,pollution:noun,"pollution","noun",A1,0.00,11628,100,,0.0262
1,blank:adjective,"blank","adjective",A1,0.00,4992,111,,0.0290
2,ugly:adjective,"ugly","adjective",A1,0.00,1679,121,,0.0317
3,thin:adjective,"thin","adjective",A1,0.00,2734,170,,0.0445
4,headache:noun,"headache","noun",A1,0.00,3756,258,,0.0675
5,vase:noun,"vase","noun",A1,0.00,8498,324,,0.0848
6,paragraph:noun,"paragraph","noun",A1,0.00,12117,513,,0.1342
7,cartoon:noun,"cartoon","noun",A1,0.00,8267,1423,,0.3723
8,foggy:adjective,"foggy","adjective",A1,0.00,15427,1905,,0.4984
9,minute:noun,"minute","noun",A1,0.00,387,3112,,0.8142
10,account:noun,"account","noun",A2,1.00,1467,12,,1.0031
11,seek:verb,"seek","verb",A2,1.00,2583,16,,1.0042
12,novel:adjective,"novel","adjective",A2,1.00,3761,17,,1.0044
13,pursue:verb,"pursue","verb",A2,1.00,5881,59,,1.0154
14,pity:noun,"pity","noun",A2,1.00,2035,64,,1.0167
15,invade:verb,"invade","verb",A2,1.00,9670,78,,1.0204
16,drawer:noun,"drawer","noun",A2,1.00,4496,89,,1.0233
17,slave:noun,"slave","noun",A2,1.00,2780,108,,1.0283
18,silence:noun,"silence","noun",A2,1.00,1808,117,,1.0306
19,envelope:noun,"envelope","noun",A2,1.00,4805,120,,1.0314
20,soap:noun,"soap","noun",A2,1.00,3814,125,,1.0327
21,rob:verb,"rob","verb",A2,1.00,2216,135,,1.0353
22,adventure:noun,"adventure","noun",A2,1.00,3336,143,,1.0374
23,earthquake:noun,"earthquake","noun",A2,1.00,5861,145,,1.0379
24,grace:noun,"grace","noun",A2,1.00,1366,146,,1.0382
25,shell:noun,"shell","noun",A2,1.00,3658,147,,1.0385
26,container:noun,"container","noun",A2,1.00,7673,176,,1.0460
27,comb:noun,"comb","noun",A2,1.00,7723,182,,1.0476
28,fiction:noun,"fiction","noun",A2,1.00,5991,183,,1.0479
29,frank:adjective,"frank","adjective",A2,1.00,810,185,,1.0484
30,roast:verb,"roast","verb",A2,1.00,5355,194,,1.0508
31,kingdom:noun,"kingdom","noun",A2,1.00,2519,200,,1.0523
32,ankle:noun,"ankle","noun",A2,1.00,5802,205,,1.0536
33,instead:adverb,"instead","adverb",A2,1.00,779,206,,1.0539
34,fortunately:adverb,"fortunately","adverb",A2,1.00,5137,213,,1.0557
35,countryside:noun,"countryside","noun",A2,1.00,6813,214,,1.0560
36,atom:noun,"atom","noun",A2,1.00,9344,217,,1.0568
37,stairs:noun,"stairs","noun",A2,1.00,2463,225,,1.0589
38,invention:noun,"invention","noun",A2,1.00,6222,227,,1.0594
39,bush:noun,"bush","noun",A2,1.00,3598,233,,1.0610
40,blame:verb,"blame","verb",A2,1.00,1159,242,,1.0633
41,fare:noun,"fare","noun",A2,1.00,6782,245,,1.0641
42,breeze:noun,"breeze","noun",A2,1.00,5230,250,,1.0654
43,feather:noun,"feather","noun",A2,1.00,7008,259,,1.0678
44,injure:verb,"injure","verb",A2,1.00,20832,266,,1.0696
45,weep:verb,"weep","verb",A2,1.00,7806,268,,1.0701
46,refrigerator:noun,"refrigerator","noun",A2,1.00,7421,289,,1.0756
47,screw:noun,"screw","noun",A2,1.00,1770,316,,1.0827
48,flour:noun,"flour","noun",A2,1.00,7864,323,,1.0845
49,pill:noun,"pill","noun",A2,1.00,4043,327,,1.0856
50,tidy:adjective,"tidy","adjective",A2,1.00,7361,339,,1.0887
51,uncertain:adjective,"uncertain","adjective",A2,1.00,10976,340,,1.0890
52,apologize:verb,"apologize","verb",A2,1.00,1419,344,,1.0900
53,scenery:noun,"scenery","noun",A2,1.00,9546,361,,1.0944
54,sew:verb,"sew","verb",A2,1.00,8251,372,,1.0973
55,advertisement:noun,"advertisement","noun",A2,1.00,12789,415,,1.1086
56,greedy:adjective,"greedy","adjective",A2,1.00,5698,442,,1.1156
57,envy:noun,"envy","noun",A2,1.00,4929,445,,1.1164
58,awfully:adverb,"awfully","adverb",A2,1.00,3951,447,,1.1169
59,pronounce:verb,"pronounce","verb",A2,1.00,7545,462,,1.1209
60,composer:noun,"composer","noun",A2,1.00,12002,486,,1.1272
61,marvelous:adjective,"marvelous","adjective",A2,1.00,5170,516,,1.1350
62,concentrated:adjective,"concentrated","adjective",A2,1.00,11346,534,,1.1397
63,symphony:noun,"symphony","noun",A2,1.00,10686,537,,1.1405
64,fascinating:adjective,"fascinating","adjective",A2,1.00,3659,583,,1.1525
65,progressive:adjective,"progressive","adjective",A2,1.00,12340,604,,1.1580
66,fantastic:adjective,"fantastic","adjective",A2,1.00,1530,623,,1.1630
67,hug:verb,"hug","verb",A2,1.00,2567,637,,1.1667
68,verb:noun,"verb","noun",A2,1.00,21020,660,,1.1727
69,physically:adverb,"physically","adverb",A2,1.00,4539,661,,1.1729
70,batch:noun,"batch","noun",A2,1.00,8292,662,,1.1732
71,aisle:noun,"aisle","noun",A2,1.00,7445,694,,1.1816
72,forbid:verb,"forbid","verb",A2,1.00,4957,756,,1.1978
73,inspiration:noun,"inspiration","noun",A2,1.00,5069,757,,1.1981
74,singular:adjective,"singular","adjective",A2,1.00,16464,793,,1.2075
75,bug:noun,"bug","noun",A2,1.00,3206,816,,1.2135
76,robbery:noun,"robbery","noun",A2,1.00,2653,819,,1.2143
77,midday:noun,"midday","noun",A2,1.00,14018,909,,1.2378
78,noun:noun,"noun","noun",A2,1.00,31679,914,,1.2391
79,disappointed:adjective,"disappointed","adjective",A2,1.00,2673,919,,1.2404
80,impatient:adjective,"impatient","adjective",A2,1.00,8383,929,,1.2431
81,perfume:noun,"perfume","noun",A2,1.00,4895,937,,1.2451
82,architecture:noun,"architecture","noun",A2,1.00,8464,949,,1.2483
83,plural:adjective,"plural","adjective",A2,1.00,19768,976,,1.2553
84,prediction:noun,"prediction","noun",A2,1.00,14646,1038,,1.2716
85,disturbing:adjective,"disturbing","adjective",A2,1.00,4567,1060,,1.2773
86,receptionist:noun,"receptionist","noun",A2,1.00,11617,1065,,1.2786
87,script:noun,"script","noun",A2,1.00,3070,1095,,1.2865
88,astronaut:noun,"astronaut","noun",A2,1.00,7189,1111,,1.2907
89,illegal:adjective,"illegal","adjective",A2,1.00,2264,1209,,1.3163
90,adjective:noun,"adjective","noun",A2,1.00,31412,1257,,1.3289
91,curse:verb,"curse","verb",A2,1.00,2552,1306,,1.3417
92,dizzy:adjective,"dizzy","adjective",A2,1.00,5383,1320,,1.3453
93,orphan:noun,"orphan","noun",A2,1.00,5956,1404,,1.3673
94,tram:noun,"tram","noun",A2,1.00,13247,1570,,1.4108
95,roundabout:adjective,"roundabout","adjective",A2,1.00,21272,1815,,1.4749
96,pollute:verb,"pollute","verb",A2,1.00,29360,2004,,1.5243
97,pilgrim:noun,"pilgrim","noun",A2,1.00,13531,2153,,1.5633
98,gender:noun,"gender","noun",A2,1.00,9270,2301,,1.6020
99,lyric:noun,"lyric","noun",A2,1.00,18935,2330,,1.6096
100,reunion:noun,"reunion","noun",A2,1.00,5912,2824,,1.7388
101,opposed:adjective,"opposed","adjective",A2,1.00,6184,3026,,1.7917
102,annoy:verb,"annoy","verb",A2,1.00,10177,3048,,1.7974
103,proper:adjective,"proper","adjective",A2,1.00,2020,3065,,1.8019
104,feature:noun-verb,"feature","noun/verb",A2,1.00,6389,3077,,1.8050
105,encourage:verb,"encourage","verb",A2,1.00,6267,3160,,1.8267
106,appropriate:adjective,"appropriate","adjective",A2,1.00,3933,3318,,1.8681
107,thief:noun,"thief","noun",A2,1.00,1946,3323,,1.8694
108,ancestor:noun,"ancestor","noun",A2,1.00,11755,3339,,1.8736
109,wander:verb,"wander","verb",A2,1.00,6511,3365,,1.8804
110,predict:verb,"predict","verb",A2,1.00,7098,3382,,1.8848
111,endangered:adjective,"endangered","adjective",A2,1.00,11674,3411,,1.8924
112,crisp:adjective,"crisp","adjective",A2,1.00,10733,3420,,1.8948
113,severe:adjective,"severe","adjective",B1,2.00,4480,0,,2.0000
114,inevitable:adjective,"inevitable","adjective",B1,2.00,6505,2,,2.0005
115,substantial:adjective,"substantial","adjective",B1,2.00,9818,11,,2.0029
116,highlight:verb,"highlight","verb",B1,2.00,12914,15,,2.0039
117,rely:verb,"rely","verb",B1,2.00,4670,19,,2.0050
118,controversial:adjective,"controversial","adjective",B1,2.00,10751,21,,2.0055
119,acquire:verb,"acquire","verb",B1,2.00,10470,23,,2.0060
120,promote:verb,"promote","verb",B1,2.00,8520,25,,2.0065
121,maintain:verb,"maintain","verb",B1,2.00,3856,26,,2.0068
122,participate:verb,"participate","verb",B1,2.00,6660,32,,2.0084
123,decline:noun,"decline","noun",B1,2.00,8772,35,,2.0092
124,address:verb,"address","verb",B1,2.00,1141,36,,2.0094
125,restrict:verb,"restrict","verb",B1,2.00,26263,38,,2.0099
126,assistance:noun,"assistance","noun",B1,2.00,4640,39,,2.0102
127,revise:verb,"revise","verb",B1,2.00,20960,42,,2.0110
128,distribute:verb,"distribute","verb",B1,2.00,11129,43,,2.0112
129,committed:adjective,"committed","adjective",B1,2.00,2100,46,,2.0120
130,sufficient:adjective,"sufficient","adjective",B1,2.00,7399,47,,2.0123
131,deliver:verb,"deliver","verb",B1,2.00,2066,51,,2.0133
132,negotiate:verb,"negotiate","verb",B1,2.00,5374,54,,2.0141
133,primarily:adverb,"primarily","adverb",B1,2.00,13086,58,,2.0152
134,limited:adjective,"limited","adjective",B1,2.00,4264,60,,2.0157
135,brightly:adverb,"brightly","adverb",B1,2.00,16959,66,,2.0173
136,temper:noun,"temper","noun",B1,2.00,4229,72,,2.0188
137,loyalty:noun,"loyalty","noun",B1,2.00,3678,75,,2.0196
138,lately:adverb,"lately","adverb",B1,2.00,1694,77,,2.0201
139,forgive:verb,"forgive","verb",B1,2.00,775,82,,2.0215
140,thumb:noun,"thumb","noun",B1,2.00,5262,86,,2.0225
141,terribly:adverb,"terribly","adverb",B1,2.00,2912,88,,2.0230
142,sympathy:noun,"sympathy","noun",B1,2.00,5469,95,,2.0249
143,mend:verb,"mend","verb",B1,2.00,9961,99,,2.0259
144,tightly:adverb,"tightly","adverb",B1,2.00,10437,101,,2.0264
145,cruel:adjective,"cruel","adjective",B1,2.00,2784,102,,2.0267
146,oxygen:noun,"oxygen","noun",B1,2.00,3560,103,,2.0269
147,applause:noun,"applause","noun",B1,2.00,1281,105,,2.0275
148,spectator:noun,"spectator","noun",B1,2.00,20077,106,,2.0277
149,debt:noun,"debt","noun",B1,2.00,2595,109,,2.0285
150,incredible:adjective,"incredible","adjective",B1,2.00,1549,118,,2.0309
151,nasty:adjective,"nasty","adjective",B1,2.00,2478,119,,2.0311
152,horrible:adjective,"horrible","adjective",B1,2.00,1524,123,,2.0322
153,leap:verb,"leap","verb",B1,2.00,5732,124,,2.0324
154,reception:noun,"reception","noun",B1,2.00,4032,127,,2.0332
155,capacity:noun,"capacity","noun",B1,2.00,5607,129,,2.0337
156,blend:verb,"blend","verb",B1,2.00,8022,130,,2.0340
157,religious:adjective,"religious","adjective",B1,2.00,3175,132,,2.0345
158,interval:noun,"interval","noun",B1,2.00,19631,134,,2.0351
159,vast:adjective,"vast","adjective",B1,2.00,4157,136,,2.0356
160,luggage:noun,"luggage","noun",B1,2.00,4518,137,,2.0358
161,kettle:noun,"kettle","noun",B1,2.00,8337,139,,2.0364
162,flock:noun,"flock","noun",B1,2.00,8331,140,,2.0366
163,boast:verb,"boast","verb",B1,2.00,15065,149,,2.0390
164,bandage:noun,"bandage","noun",B1,2.00,10338,151,,2.0395
165,afterward:adverb,"afterward","adverb",B1,2.00,14367,152,,2.0398
166,horizon:noun,"horizon","noun",B1,2.00,7030,155,,2.0406
167,arrest:verb,"arrest","verb",B1,2.00,1109,156,,2.0408
168,geography:noun,"geography","noun",B1,2.00,11690,159,,2.0416
169,per:preposition,"per","preposition",B1,2.00,2047,160,,2.0419
170,warmth:noun,"warmth","noun",B1,2.00,7406,164,,2.0429
171,fountain:noun,"fountain","noun",B1,2.00,6300,168,,2.0440
172,cage:noun,"cage","noun",B1,2.00,3238,172,,2.0450
173,invitation:noun,"invitation","noun",B1,2.00,3582,175,,2.0458
174,jealous:adjective,"jealous","adjective",B1,2.00,1607,177,,2.0463
175,marble:noun,"marble","noun",B1,2.00,8272,178,,2.0466
176,unite:verb,"unite","verb",B1,2.00,7520,180,,2.0471
177,bold:adjective,"bold","adjective",B1,2.00,4922,191,,2.0500
178,organ:noun,"organ","noun",B1,2.00,5124,199,,2.0521
179,outstanding:adjective,"outstanding","adjective",B1,2.00,6627,201,,2.0526
180,vague:adjective,"vague","adjective",B1,2.00,8756,203,,2.0531
181,essence:noun,"essence","noun",B1,2.00,6628,210,,2.0549
182,rage:noun,"rage","noun",B1,2.00,4109,218,,2.0570
183,urgent:adjective,"urgent","adjective",B1,2.00,2765,222,,2.0581
184,delighted:adjective,"delighted","adjective",B1,2.00,4150,229,,2.0599
185,wrap:verb,"wrap","verb",B1,2.00,3309,231,,2.0604
186,shallow:adjective,"shallow","adjective",B1,2.00,6999,232,,2.0607
187,purse:noun,"purse","noun",B1,2.00,3131,241,,2.0631
188,employment:noun,"employment","noun",B1,2.00,7516,243,,2.0636
189,consequently:adverb,"consequently","adverb",B1,2.00,20178,244,,2.0638
190,parcel:noun,"parcel","noun",B1,2.00,10959,251,,2.0657
191,bless:verb,"bless","verb",B1,2.00,1960,256,,2.0670
192,electricity:noun,"electricity","noun",B1,2.00,3117,260,,2.0680
193,ladder:noun,"ladder","noun",B1,2.00,4833,261,,2.0683
194,baggage:noun,"baggage","noun",B1,2.00,7958,270,,2.0706
195,era:noun,"era","noun",B1,2.00,4751,273,,2.0714
196,bore:verb,"bore","verb",B1,2.00,5450,277,,2.0725
197,instance:noun,"instance","noun",B1,2.00,3663,278,,2.0727
198,disappointment:noun,"disappointment","noun",B1,2.00,7040,281,,2.0735
199,complicated:adjective,"complicated","adjective",B1,2.00,1974,284,,2.0743
200,wrist:noun,"wrist","noun",B1,2.00,5240,286,,2.0748
201,apology:noun,"apology","noun",B1,2.00,3340,288,,2.0753
202,breed:verb,"breed","verb",B1,2.00,6585,292,,2.0764
203,anyhow:adverb,"anyhow","adverb",B1,2.00,5205,294,,2.0769
204,bound:verb,"bound","verb",B1,2.00,2811,296,,2.0774
205,tendency:noun,"tendency","noun",B1,2.00,11667,299,,2.0782
206,departure:noun,"departure","noun",B1,2.00,6969,301,,2.0787
207,beard:noun,"beard","noun",B1,2.00,3849,304,,2.0795
208,fortunate:adjective,"fortunate","adjective",B1,2.00,5460,308,,2.0806
209,offensive:adjective,"offensive","adjective",B1,2.00,5782,309,,2.0808
210,steep:adjective,"steep","adjective",B1,2.00,10069,315,,2.0824
211,dull:adjective,"dull","adjective",B1,2.00,4874,319,,2.0835
212,expense:noun,"expense","noun",B1,2.00,6275,320,,2.0837
213,loyal:adjective,"loyal","adjective",B1,2.00,3355,321,,2.0840
214,crush:verb,"crush","verb",B1,2.00,2994,326,,2.0853
215,fund:noun,"fund","noun",B1,2.00,4212,328,,2.0858
216,deadly:adjective,"deadly","adjective",B1,2.00,3966,329,,2.0861
217,destination:noun,"destination","noun",B1,2.00,5078,331,,2.0866
218,embarrassment:noun,"embarrassment","noun",B1,2.00,8585,334,,2.0874
219,launch:verb,"launch","verb",B1,2.00,3008,338,,2.0884
220,sticky:adjective,"sticky","adjective",B1,2.00,7296,343,,2.0897
221,surrounding:noun,"surrounding","noun",B1,2.00,6648,351,,2.0918
222,detective:noun,"detective","noun",B1,2.00,905,354,,2.0926
223,measurement:noun,"measurement","noun",B1,2.00,19513,356,,2.0931
224,depart:verb,"depart","verb",B1,2.00,9664,357,,2.0934
225,determination:noun,"determination","noun",B1,2.00,9152,358,,2.0937
226,efficiency:noun,"efficiency","noun",B1,2.00,11084,362,,2.0947
227,competitor:noun,"competitor","noun",B1,2.00,12436,365,,2.0955
228,differ:verb,"differ","verb",B1,2.00,12573,368,,2.0963
229,favorable:adjective,"favorable","adjective",B1,2.00,18529,371,,2.0971
230,triumph:noun,"triumph","noun",B1,2.00,6547,384,,2.1005
231,sculpture:noun,"sculpture","noun",B1,2.00,9440,386,,2.1010
232,agricultural:adjective,"agricultural","adjective",B1,2.00,13301,388,,2.1015
233,heal:verb,"heal","verb",B1,2.00,3886,390,,2.1020
234,resemble:verb,"resemble","verb",B1,2.00,12473,395,,2.1033
235,butcher:noun,"butcher","noun",B1,2.00,5105,396,,2.1036
236,stir:verb,"stir","verb",B1,2.00,6708,400,,2.1047
237,dusty:adjective,"dusty","adjective",B1,2.00,7867,407,,2.1065
238,faithful:adjective,"faithful","adjective",B1,2.00,4721,424,,2.1109
239,hidden:adjective,"hidden","adjective",B1,2.00,1864,427,,2.1117
240,admiration:noun,"admiration","noun",B1,2.00,12362,429,,2.1122
241,prosperity:noun,"prosperity","noun",B1,2.00,10308,430,,2.1125
242,enthusiastic:adjective,"enthusiastic","adjective",B1,2.00,10752,431,,2.1128
243,miserable:adjective,"miserable","adjective",B1,2.00,2886,433,,2.1133
244,enclose:verb,"enclose","verb",B1,2.00,41776,435,,2.1138
245,ambitious:adjective,"ambitious","adjective",B1,2.00,6497,436,,2.1141
246,guilt:noun,"guilt","noun",B1,2.00,3291,438,,2.1146
247,occasional:adjective,"occasional","adjective",B1,2.00,9951,439,,2.1149
248,puppy:noun,"puppy","noun",B1,2.00,4618,441,,2.1154
249,partial:adjective,"partial","adjective",B1,2.00,8065,446,,2.1167
250,razor:noun,"razor","noun",B1,2.00,6672,449,,2.1175
251,nap:noun,"nap","noun",B1,2.00,4505,450,,2.1177
252,saucer:noun,"saucer","noun",B1,2.00,12346,464,,2.1214
253,outer:adjective,"outer","adjective",B1,2.00,5127,465,,2.1217
254,despair:noun,"despair","noun",B1,2.00,6069,466,,2.1219
255,glory:noun,"glory","noun",B1,2.00,2623,468,,2.1224
256,faint:adjective,"faint","adjective",B1,2.00,4949,470,,2.1230
257,forecast:verb,"forecast","verb",B1,2.00,12580,472,,2.1235
258,scholarship:noun,"scholarship","noun",B1,2.00,6037,475,,2.1243
259,repay:verb,"repay","verb",B1,2.00,5573,477,,2.1248
260,accuse:verb,"accuse","verb",B1,2.00,6166,480,,2.1256
261,ache:noun,"ache","noun",B1,2.00,9830,484,,2.1266
262,monument:noun,"monument","noun",B1,2.00,9665,489,,2.1279
263,canal:noun,"canal","noun",B1,2.00,6494,492,,2.1287
264,hatred:noun,"hatred","noun",B1,2.00,4983,496,,2.1298
265,basin:noun,"basin","noun",B1,2.00,13354,498,,2.1303
266,bleed:verb,"bleed","verb",B1,2.00,4953,499,,2.1306
267,ripe:adjective,"ripe","adjective",B1,2.00,8766,500,,2.1308
268,thorough:adjective,"thorough","adjective",B1,2.00,7357,501,,2.1311
269,athletic:adjective,"athletic","adjective",B1,2.00,9983,505,,2.1321
270,sidewalk:noun,"sidewalk","noun",B1,2.00,9538,506,,2.1324
271,fasten:verb,"fasten","verb",B1,2.00,12692,507,,2.1326
272,scold:verb,"scold","verb",B1,2.00,10225,510,,2.1334
273,vain:adjective,"vain","adjective",B1,2.00,5061,515,,2.1347
274,conquer:verb,"conquer","verb",B1,2.00,6094,517,,2.1353
275,sorrow:noun,"sorrow","noun",B1,2.00,4790,524,,2.1371
276,hasty:adjective,"hasty","adjective",B1,2.00,10460,527,,2.1379
277,flu:noun,"flu","noun",B1,2.00,5706,535,,2.1400
278,magnificent:adjective,"magnificent","adjective",B1,2.00,3956,541,,2.1415
279,herd:noun,"herd","noun",B1,2.00,6217,549,,2.1436
280,approximately:adverb,"approximately","adverb",B1,2.00,5743,551,,2.1442
281,liver:noun,"liver","noun",B1,2.00,3689,552,,2.1444
282,biology:noun,"biology","noun",B1,2.00,7866,557,,2.1457
283,sparkle:noun,"sparkle","noun",B1,2.00,12016,564,,2.1476
284,attain:verb,"attain","verb",B1,2.00,17611,568,,2.1486
285,assign:verb,"assign","verb",B1,2.00,12145,571,,2.1494
286,disgusting:adjective,"disgusting","adjective",B1,2.00,2159,580,,2.1517
287,shiny:adjective,"shiny","adjective",B1,2.00,6071,590,,2.1544
288,organism:noun,"organism","noun",B1,2.00,12616,591,,2.1546
289,courageous:adjective,"courageous","adjective",B1,2.00,9151,594,,2.1554
290,suspicion:noun,"suspicion","noun",B1,2.00,5265,599,,2.1567
291,mourn:verb,"mourn","verb",B1,2.00,10138,606,,2.1585
292,boredom:noun,"boredom","noun",B1,2.00,11034,616,,2.1612
293,furnish:verb,"furnish","verb",B1,2.00,24277,617,,2.1614
294,daring:adjective,"daring","adjective",B1,2.00,8255,618,,2.1617
295,appreciation:noun,"appreciation","noun",B1,2.00,8516,619,,2.1619
296,noticeable:adjective,"noticeable","adjective",B1,2.00,21825,622,,2.1627
297,vivid:adjective,"vivid","adjective",B1,2.00,11810,625,,2.1635
298,frustration:noun,"frustration","noun",B1,2.00,9748,630,,2.1648
299,prescription:noun,"prescription","noun",B1,2.00,6124,634,,2.1659
300,refusal:noun,"refusal","noun",B1,2.00,15386,642,,2.1680
301,uncertainty:noun,"uncertainty","noun",B1,2.00,13828,643,,2.1682
302,tragic:adjective,"tragic","adjective",B1,2.00,4250,647,,2.1693
303,declaration:noun,"declaration","noun",B1,2.00,9794,649,,2.1698
304,tighten:verb,"tighten","verb",B1,2.00,10980,651,,2.1703
305,warrior:noun,"warrior","noun",B1,2.00,3277,659,,2.1724
306,volcano:noun,"volcano","noun",B1,2.00,6863,666,,2.1742
307,severely:adverb,"severely","adverb",B1,2.00,9028,669,,2.1750
308,feast:noun,"feast","noun",B1,2.00,4757,671,,2.1756
309,modify:verb,"modify","verb",B1,2.00,18549,677,,2.1771
310,bond:noun,"bond","noun",B1,2.00,3063,678,,2.1774
311,surgeon:noun,"surgeon","noun",B1,2.00,3692,683,,2.1787
312,forehead:noun,"forehead","noun",B1,2.00,5699,692,,2.1810
313,productive:adjective,"productive","adjective",B1,2.00,11269,693,,2.1813
314,sphere:noun,"sphere","noun",B1,2.00,11379,695,,2.1818
315,prominent:adjective,"prominent","adjective",B1,2.00,10848,701,,2.1834
316,remedy:noun,"remedy","noun",B1,2.00,10047,710,,2.1858
317,fluent:adjective,"fluent","adjective",B1,2.00,18129,712,,2.1863
318,farewell:noun,"farewell","noun",B1,2.00,3533,713,,2.1865
319,fetch:verb,"fetch","verb",B1,2.00,3280,719,,2.1881
320,accurately:adverb,"accurately","adverb",B1,2.00,14416,722,,2.1889
321,dissolve:verb,"dissolve","verb",B1,2.00,13619,729,,2.1907
322,moderate:adjective,"moderate","adjective",B1,2.00,16264,730,,2.1910
323,trim:verb,"trim","verb",B1,2.00,9790,735,,2.1923
324,sacred:adjective,"sacred","adjective",B1,2.00,3095,747,,2.1954
325,faithfully:adverb,"faithfully","adverb",B1,2.00,16052,748,,2.1957
326,diligent:adjective,"diligent","adjective",B1,2.00,20617,752,,2.1967
327,protective:adjective,"protective","adjective",B1,2.00,6580,759,,2.1986
328,bump:noun,"bump","noun",B1,2.00,4593,765,,2.2001
329,ward:noun,"ward","noun",B1,2.00,3411,767,,2.2007
330,freshman:noun,"freshman","noun",B1,2.00,8644,768,,2.2009
331,eternal:adjective,"eternal","adjective",B1,2.00,3796,772,,2.2020
332,arithmetic:noun,"arithmetic","noun",B1,2.00,19621,776,,2.2030
333,currency:noun,"currency","noun",B1,2.00,8343,778,,2.2035
334,ridiculous:adjective,"ridiculous","adjective",B1,2.00,1336,779,,2.2038
335,calculation:noun,"calculation","noun",B1,2.00,17430,780,,2.2041
336,terrific:adjective,"terrific","adjective",B1,2.00,2735,781,,2.2043
337,legally:adverb,"legally","adverb",B1,2.00,5439,790,,2.2067
338,deadline:noun,"deadline","noun",B1,2.00,7055,803,,2.2101
339,proclaim:verb,"proclaim","verb",B1,2.00,17068,805,,2.2106
340,ivory:noun,"ivory","noun",B1,2.00,12000,809,,2.2117
341,stumble:verb,"stumble","verb",B1,2.00,13495,815,,2.2132
342,awkward:adjective,"awkward","adjective",B1,2.00,3242,821,,2.2148
343,separation:noun,"separation","noun",B1,2.00,7713,823,,2.2153
344,swell:verb,"swell","verb",B1,2.00,4755,826,,2.2161
345,organic:adjective,"organic","adjective",B1,2.00,6293,828,,2.2166
346,delightful:adjective,"delightful","adjective",B1,2.00,6392,836,,2.2187
347,continuous:adjective,"continuous","adjective",B1,2.00,11886,840,,2.2198
348,abundance:noun,"abundance","noun",B1,2.00,15196,846,,2.2213
349,glorious:adjective,"glorious","adjective",B1,2.00,4981,850,,2.2224
350,damp:adjective,"damp","adjective",B1,2.00,10048,851,,2.2226
351,consume:verb,"consume","verb",B1,2.00,11098,856,,2.2240
352,frequency:noun,"frequency","noun",B1,2.00,6549,858,,2.2245
353,tempt:verb,"tempt","verb",B1,2.00,11243,861,,2.2253
354,stubborn:adjective,"stubborn","adjective",B1,2.00,3573,872,,2.2281
355,publisher:noun,"publisher","noun",B1,2.00,8993,887,,2.2321
356,chaos:noun,"chaos","noun",B1,2.00,3569,894,,2.2339
357,exploration:noun,"exploration","noun",B1,2.00,11932,895,,2.2342
358,neutral:adjective,"neutral","adjective",B1,2.00,8081,903,,2.2363
359,pullover:verb,"pullover","verb",B1,2.00,45224,923,,2.2415
360,architect:noun,"architect","noun",B1,2.00,6595,925,,2.2420
361,assignment:noun,"assignment","noun",B1,2.00,3917,928,,2.2428
362,invasion:noun,"invasion","noun",B1,2.00,5188,935,,2.2446
363,mischief:noun,"mischief","noun",B1,2.00,10708,940,,2.2459
364,sneeze:noun,"sneeze","noun",B1,2.00,12308,942,,2.2465
365,plainly:adverb,"plainly","adverb",B1,2.00,16786,946,,2.2475
366,uncover:verb,"uncover","verb",B1,2.00,11822,951,,2.2488
367,graceful:adjective,"graceful","adjective",B1,2.00,13347,956,,2.2501
368,deprive:verb,"deprive","verb",B1,2.00,16607,966,,2.2527
369,diverse:adjective,"diverse","adjective",B1,2.00,16158,984,,2.2574
370,simultaneously:adverb,"simultaneously","adverb",B1,2.00,11563,987,,2.2582
371,remainder:noun,"remainder","noun",B1,2.00,19002,1003,,2.2624
372,biography:noun,"biography","noun",B1,2.00,16735,1004,,2.2627
373,rubbish:noun,"rubbish","noun",B1,2.00,3715,1006,,2.2632
374,shameful:adjective,"shameful","adjective",B1,2.00,9326,1007,,2.2635
375,skyscraper:noun,"skyscraper","noun",B1,2.00,25054,1020,,2.2669
376,isolation:noun,"isolation","noun",B1,2.00,9079,1023,,2.2676
377,obstacle:noun,"obstacle","noun",B1,2.00,9245,1028,,2.2690
378,embarrassed:adjective,"embarrassed","adjective",B1,2.00,2909,1030,,2.2695
379,probability:noun,"probability","noun",B1,2.00,11119,1037,,2.2713
380,accounting:noun,"accounting","noun",B1,2.00,8576,1041,,2.2724
381,comet:noun,"comet","noun",B1,2.00,7392,1047,,2.2739
382,discrimination:noun,"discrimination","noun",B1,2.00,14831,1055,,2.2760
383,bounce:verb,"bounce","verb",B1,2.00,5747,1057,,2.2765
384,astronomer:noun,"astronomer","noun",B1,2.00,19419,1078,,2.2820
385,bilingual:noun,"bilingual","noun",B1,2.00,40012,1082,,2.2831
386,accuracy:noun,"accuracy","noun",B1,2.00,13521,1087,,2.2844
387,registration:noun,"registration","noun",B1,2.00,6852,1091,,2.2854
388,remembrance:noun,"remembrance","noun",B1,2.00,19008,1103,,2.2886
389,documentary:adjective,"documentary","adjective",B1,2.00,6746,1108,,2.2899
390,dedicate:verb,"dedicate","verb",B1,2.00,10476,1110,,2.2904
391,trash:noun,"trash","noun",B1,2.00,2586,1116,,2.2920
392,genetic:adjective,"genetic","adjective",B1,2.00,5167,1122,,2.2935
393,spectacular:adjective,"spectacular","adjective",B1,2.00,5866,1124,,2.2941
394,with-all:phrase,"with all","phrase",,2.54,37,1800,1,2.2954
395,furthermore:adverb,"furthermore","adverb",B1,2.00,10190,1141,,2.2985
396,exclusive:adjective,"exclusive","adjective",B1,2.00,5496,1142,,2.2988
397,faraway:adjective,"faraway","adjective",B1,2.00,16411,1152,,2.3014
398,retail:noun,"retail","noun",B1,2.00,12591,1166,,2.3051
399,regain:verb,"regain","verb",B1,2.00,9267,1178,,2.3082
400,shiver:verb,"shiver","verb",B1,2.00,16442,1181,,2.3090
401,garment:noun,"garment","noun",B1,2.00,14618,1184,,2.3098
402,unfold:verb,"unfold","verb",B1,2.00,16551,1190,,2.3113
403,get-in-on:phrase,"get in on","phrase",,2.54,45,1951,1,2.3114
404,get-on-with:phrase,"get on with","phrase",,2.54,45,2934,1,2.3114
405,dialogue:noun,"dialogue","noun",B1,2.00,5549,1191,,2.3116
406,residential:adjective,"residential","adjective",B1,2.00,15051,1194,,2.3124
407,accountant:noun,"accountant","noun",B1,2.00,6403,1196,,2.3129
408,inspection:noun,"inspection","noun",B1,2.00,6718,1199,,2.3137
409,accessible:adjective,"accessible","adjective",B1,2.00,16641,1210,,2.3166
410,what-if:phrase,"what if","phrase",,2.54,48,1289,1,2.3167
411,glimpse:noun,"glimpse","noun",B1,2.00,8334,1223,,2.3200
412,fuss:noun,"fuss","noun",B1,2.00,4804,1224,,2.3202
413,sheer:adjective,"sheer","adjective",B1,2.00,7483,1229,,2.3215
414,applaud:verb,"applaud","verb",B1,2.00,12013,1233,,2.3226
415,up-for:phrase,"up for","phrase",,2.54,52,1598,1,2.3232
416,preservation:noun,"preservation","noun",B1,2.00,18284,1236,,2.3234
417,depressed:adjective,"depressed","adjective",B1,2.00,3969,1247,,2.3262
418,fragment:noun,"fragment","noun",B1,2.00,12532,1251,,2.3273
419,bald:adjective,"bald","adjective",B1,2.00,5263,1253,,2.3278
420,classify:verb,"classify","verb",B1,2.00,27424,1258,,2.3291
421,overwhelm:verb,"overwhelm","verb",B1,2.00,23245,1267,,2.3315
422,librarian:noun,"librarian","noun",B1,2.00,12547,1269,,2.3320
423,molecule:noun,"molecule","noun",B1,2.00,18892,1288,,2.3370
424,undo:verb,"undo","verb",B1,2.00,7993,1296,,2.3391
425,rebuild:verb,"rebuild","verb",B1,2.00,8147,1304,,2.3412
426,want-for:phrase,"want for","phrase",,2.54,66,882,1,2.3427
427,untidy:adjective,"untidy","adjective",B1,2.00,30305,1311,,2.3430
428,think-out:phrase,"think out","phrase",,2.54,67,1027,1,2.3440
429,mislead:verb,"mislead","verb",B1,2.00,20840,1322,,2.3459
430,adverb:noun,"adverb","noun",B1,2.00,,1323,,2.3461
431,see-out:phrase,"see out","phrase",,2.54,69,317,1,2.3464
432,transformation:noun,"transformation","noun",B1,2.00,9685,1327,,2.3472
433,for-the-good-of:phrase,"for the good of","phrase",,2.54,71,830,1,2.3487
434,examiner:noun,"examiner","noun",B1,2.00,10867,1335,,2.3493
435,idiom:noun,"idiom","noun",B1,2.00,43893,1342,,2.3511
436,let-on:phrase,"let on","phrase",,2.54,75,633,1,2.3532
437,let-up:phrase,"let up","phrase",,2.54,75,1571,1,2.3532
438,let-out:phrase,"let out","phrase",,2.54,75,1950,1,2.3532
439,let-a-go:phrase,"let A go","phrase",,2.54,75,2894,1,2.3532
440,rainfall:noun,"rainfall","noun",B1,2.00,24186,1353,,2.3540
441,vowel:noun,"vowel","noun",B1,2.00,32679,1362,,2.3563
442,all-the-time:phrase,"all the time","phrase",,2.54,80,1817,1,2.3585
443,murderer:noun,"murderer","noun",B1,2.00,1911,1371,,2.3587
444,penniless:adjective,"penniless","adjective",B1,2.00,16127,1373,,2.3592
445,back-up:phrase,"back up","phrase",,2.54,83,1761,1,2.3615
446,go-back-on:phrase,"go back on","phrase",,2.54,83,2602,1,2.3615
447,look-up-to:phrasal-verb,"look up to","phrasal verb",,2.54,84,68,1,2.3625
448,look-to:phrase,"look to","phrase",,2.54,84,1318,1,2.3625
449,fortnight:noun,"fortnight","noun",B1,2.00,13998,1394,,2.3647
450,narrative:noun,"narrative","noun",B1,2.00,13876,1401,,2.3665
451,take-on:phrase,"take on","phrase",,2.54,90,1898,1,2.3681
452,take-in:phrase,"take in","phrase",,2.54,90,2262,1,2.3681
453,take-up:phrase,"take up","phrase",,2.54,90,2533,1,2.3681
454,ape:noun,"ape","noun",B1,2.00,7548,1410,,2.3689
455,moderately:adverb,"moderately","adverb",B1,2.00,30438,1412,,2.3694
456,earnestly:adverb,"earnestly","adverb",B1,2.00,35599,1420,,2.3715
457,disturbance:noun,"disturbance","noun",B1,2.00,9426,1427,,2.3733
458,tell-on:phrase,"tell on","phrase",,2.54,97,1968,1,2.3742
459,owing:adjective,"owing","adjective",B1,2.00,17778,1436,,2.3757
460,electron:noun,"electron","noun",B1,2.00,17427,1439,,2.3765
461,tremble:verb,"tremble","verb",B1,2.00,11405,1441,,2.3770
462,nutrition:noun,"nutrition","noun",B1,2.00,17063,1448,,2.3788
463,slavery:noun,"slavery","noun",B1,2.00,8133,1452,,2.3799
464,intermediate:adjective,"intermediate","adjective",B1,2.00,31741,1458,,2.3815
465,get-by:phrase,"get by","phrase",,2.54,106,300,1,2.3815
466,divine:adjective,"divine","adjective",B1,2.00,3781,1459,,2.3817
467,seaweed:noun,"seaweed","noun",B1,2.00,14178,1465,,2.3833
468,lasting:adjective,"lasting","adjective",B1,2.00,11718,1470,,2.3846
469,what-is-more:adverbial-phrase,"what is more","adverbial phrase",,2.54,111,174,1,2.3853
470,come-down-with:phrasal-verb,"come down with","phrasal verb",,2.54,113,104,1,2.3867
471,come-down-to:phrase,"come down to","phrase",,2.54,113,1316,1,2.3867
472,look-down-on:phrase,"look down on","phrase",,2.54,113,1566,1,2.3867
473,back-down:phrase,"back down","phrase",,2.54,113,2507,1,2.3867
474,get-down-to:phrase,"get down to","phrase",,2.54,113,2917,1,2.3867
475,make-out:phrase,"make out","phrase",,2.54,114,1419,1,2.3874
476,make-it:phrase,"make it","phrase",,2.54,114,1694,1,2.3874
477,objection:noun,"objection","noun",B1,2.00,3787,1483,,2.3880
478,gratitude:noun,"gratitude","noun",B1,2.00,5576,1484,,2.3883
479,make-over:phrase,"make over","phrase",,2.54,119,2222,1,2.3909
480,go-over:phrase,"go over","phrase",,2.54,119,2726,1,2.3909
481,take-over:phrase,"take over","phrase",,2.54,119,3227,1,2.3909
482,look-over:phrase,"look over","phrase",,2.54,119,3372,1,2.3909
483,improper:adjective,"improper","adjective",B1,2.00,16984,1505,,2.3937
484,weird:adjective,"weird","adjective",B1,2.00,724,1511,,2.3953
485,diligence:noun,"diligence","noun",B1,2.00,19547,1514,,2.3961
486,give-way:phrase,"give way","phrase",,2.54,128,839,1,2.3969
487,give-in:phrase,"give in","phrase",,2.54,128,1785,1,2.3969
488,give-over:phrase,"give over","phrase",,2.54,128,1966,1,2.3969
489,give-off:phrase,"give off","phrase",,2.54,129,275,1,2.3975
490,right-off:adverb,"right off","adverb",,2.54,129,696,1,2.3975
491,have-off:phrase,"have off","phrase",,2.54,129,791,1,2.3975
492,back-off:phrase,"back off","phrase",,2.54,129,1255,1,2.3975
493,come-off:phrase,"come off","phrase",,2.54,129,2158,1,2.3975
494,oppress:verb,"oppress","verb",B1,2.00,33210,1526,,2.3992
495,limp:verb,"limp","verb",B1,2.00,9707,1546,,2.4045
496,superstition:noun,"superstition","noun",B1,2.00,12220,1548,,2.4050
497,look-into:phrase,"look into","phrase",,2.54,142,1542,1,2.4054
498,get-into:phrase,"get into","phrase",,2.54,142,1701,1,2.4054
499,recite:verb,"recite","verb",B1,2.00,10408,1562,,2.4087
500,enrich:verb,"enrich","verb",B1,2.00,28583,1567,,2.4100
501,work-off:phrase,"work off","phrase",,2.54,151,980,1,2.4104
502,work-out:phrase,"work out","phrase",,2.54,151,2454,1,2.4104
503,coastal:adjective,"coastal","adjective",B1,2.00,15014,1574,,2.4118
504,come-before:phrase,"come before","phrase",,2.54,157,1579,1,2.4136
505,as-before:phrase,"as before","phrase",,2.54,157,2835,1,2.4136
506,stop-by:phrase,"stop by","phrase",,2.54,160,2646,1,2.4152
507,stop-over:phrase,"stop over","phrase",,2.54,160,3336,1,2.4152
508,call-down:phrase,"call down","phrase",,2.54,161,1093,1,2.4157
509,call-on:phrase,"call on","phrase",,2.54,161,2101,1,2.4157
510,call-off:phrase,"call off","phrase",,2.54,161,3075,1,2.4157
511,after-all:phrase,"after all","phrase",,2.54,162,426,1,2.4162
512,take-after:phrase,"take after","phrase",,2.54,162,3279,1,2.4162
513,talk-back-to:phrase,"talk back to","phrase",,2.54,164,1246,1,2.4172
514,talk-down-to:phrase,"talk down to","phrase",,2.54,164,2384,1,2.4172
515,talk-up:phrase,"talk up","phrase",,2.54,164,2788,1,2.4172
516,do-away-with:phrasal-verb,"do away with","phrasal verb",,2.54,165,122,1,2.4177
517,get-away-with:phrase,"get away with","phrase",,2.54,165,1810,1,2.4177
518,give-away:phrase,"give away","phrase",,2.54,165,2995,1,2.4177
519,put-up-at:phrase,"put up at","phrase",,2.54,170,196,1,2.4201
520,tumble:verb,"tumble","verb",B1,2.00,15549,1611,,2.4215
521,no-better-than:phrase,"no better than","phrase",,2.54,174,1612,1,2.4220
522,all-told:phrase,"all told","phrase",,2.54,176,573,1,2.4230
523,vein:noun,"vein","noun",B1,2.00,10065,1624,,2.4249
524,keep-at:phrase,"keep at","phrase",,2.54,181,290,1,2.4253
525,keep-down:phrase,"keep down","phrase",,2.54,181,945,1,2.4253
526,keep-up-on:phrase,"keep up on","phrase",,2.54,181,2297,1,2.4253
527,keep-up-with:phrase,"keep up with","phrase",,2.54,181,2848,1,2.4253
528,diameter:noun,"diameter","noun",B1,2.00,15450,1627,,2.4257
529,leave-off:phrase,"leave off","phrase",,2.54,184,2016,1,2.4266
530,come-around:phrase,"come around","phrase",,2.54,187,1036,1,2.4279
531,in-place-of:phrase,"in place of","phrase",,2.54,190,529,1,2.4292
532,out-of-place:phrase,"out of place","phrase",,2.54,190,655,1,2.4292
533,in-the-first-place:phrase,"in the first place","phrase",,2.54,190,2140,1,2.4292
534,put-a-into-place:phrase,"put A into place","phrase",,2.54,190,2489,1,2.4292
535,feel-for:phrase,"feel for","phrase",,2.54,192,2317,1,2.4301
536,giggle:verb,"giggle","verb",B1,2.00,12694,1656,,2.4333
537,confirmation:noun,"confirmation","noun",B1,2.00,7383,1657,,2.4335
538,humid:adjective,"humid","adjective",B1,2.00,21359,1658,,2.4338
539,fright:noun,"fright","noun",B1,2.00,9223,1662,,2.4348
540,believe-in:phrase,"believe in","phrase",,2.54,205,1955,1,2.4354
541,geographical:adjective,"geographical","adjective",B1,2.00,27342,1666,,2.4359
542,see-through:phrase,"see through","phrase",,2.54,216,2727,1,2.4397
543,come-through:phrase,"come through","phrase",,2.54,216,2870,1,2.4397
544,swarm:noun,"swarm","noun",B1,2.00,14884,1683,,2.4403
545,stay-off:phrase,"stay off","phrase",,2.54,219,1811,1,2.4408
546,pottery:noun,"pottery","noun",B1,2.00,13853,1690,,2.4422
547,easygoing:adjective,"easygoing","adjective",B1,2.00,34936,1696,,2.4437
548,disastrous:adjective,"disastrous","adjective",B1,2.00,12908,1702,,2.4453
549,deficiency:noun,"deficiency","noun",B1,2.00,21867,1704,,2.4458
550,discomfort:noun,"discomfort","noun",B1,2.00,14737,1706,,2.4463
551,show-off:phrase,"show off","phrase",,2.54,241,1454,1,2.4487
552,show-up:phrase,"show up","phrase",,2.54,241,2197,1,2.4487
553,wither:verb,"wither","verb",B1,2.00,17691,1728,,2.4521
554,try-out:phrase,"try out","phrase",,2.54,252,681,1,2.4523
555,meditate:verb,"meditate","verb",B1,2.00,16965,1734,,2.4537
556,in-mind:phrase,"in mind","phrase",,2.54,258,2587,1,2.4542
557,prove:verb,"prove","verb",B1,2.00,987,1737,,2.4544
558,submarine:noun,"submarine","noun",B1,2.00,7171,1739,,2.4550
559,dazzle:verb,"dazzle","verb",B1,2.00,19091,1741,,2.4555
560,pronoun:noun,"pronoun","noun",B1,2.00,48437,1745,,2.4565
561,without-so-much-as:phrase,"without so much as","phrase",,2.54,273,1136,1,2.4589
562,live-up-to:phrase,"live up to","phrase",,2.54,281,1339,1,2.4612
563,miss-out:phrase,"miss out","phrase",,2.54,282,960,1,2.4615
564,head-off:phrase,"head off","phrase",,2.54,290,1292,1,2.4638
565,come-to-a-head:phrase,"come to a head","phrase",,2.54,290,1837,1,2.4638
566,head-out:phrase,"head out","phrase",,2.54,290,2875,1,2.4638
567,insane:adjective,"insane","adjective",B1,2.00,1771,1778,,2.4652
568,hold-off:phrase,"hold off","phrase",,2.54,295,1172,1,2.4652
569,hold-over:phrase,"hold over","phrase",,2.54,295,1776,1,2.4652
570,hold-up:phrase,"hold up","phrase",,2.54,295,2184,1,2.4652
571,souvenir:noun,"souvenir","noun",B1,2.00,8361,1780,,2.4657
572,complement:noun,"complement","noun",B1,2.00,22984,1799,,2.4707
573,bring-about:phrase,"bring about","phrase",,2.54,319,1059,1,2.4716
574,bring-on:phrase,"bring on","phrase",,2.54,319,1383,1,2.4716
575,bring-a-in:phrase,"bring A in","phrase",,2.54,319,1718,1,2.4716
576,bring-out:phrase,"bring out","phrase",,2.54,319,2575,1,2.4716
577,bring-off:phrase,"bring off","phrase",,2.54,319,2777,1,2.4716
578,citizenship:noun,"citizenship","noun",B1,2.00,15863,1803,,2.4717
579,run-down:phrase,"run down","phrase",,2.54,322,639,1,2.4724
580,on-the-run:phrase,"on the run","phrase",,2.54,322,1372,1,2.4724
581,end-up:phrasal-verb,"end up","phrasal verb",,2.54,331,70,1,2.4746
582,end-up-with:phrase,"end up with","phrase",,2.54,331,267,1,2.4746
583,put-an-end-to:phrase,"put an end to","phrase",,2.54,331,2928,1,2.4746
584,play-at:phrase,"play at","phrase",,2.54,334,1847,1,2.4754
585,play-down:phrase,"play down","phrase",,2.54,334,1989,1,2.4754
586,play-out:phrase,"play out","phrase",,2.54,334,2930,1,2.4754
587,messy:adjective,"messy","adjective",B1,2.00,5849,1828,,2.4783
588,face-off:phrase,"face off","phrase",,2.54,347,2895,1,2.4785
589,eyesight:noun,"eyesight","noun",B1,2.00,12563,1832,,2.4793
590,turn-over:phrase,"turn over","phrase",,2.54,352,298,1,2.4797
591,turn-down:phrase,"turn down","phrase",,2.54,352,2570,1,2.4797
592,die-down:phrase,"die down","phrase",,2.54,358,572,1,2.4810
593,die-out:phrase,"die out","phrase",,2.54,358,2189,1,2.4810
594,hand-off:phrase,"hand off","phrase",,2.54,367,2435,1,2.4831
595,sit-by:phrase,"sit by","phrase",,2.54,372,1440,1,2.4842
596,sit-up:phrase,"sit up","phrase",,2.54,372,3335,1,2.4842
597,eat-up:phrase,"eat up","phrase",,2.54,373,2544,1,2.4844
598,cherish:verb,"cherish","verb",B1,2.00,8953,1855,,2.4853
599,water-down:phrasal-verb,"water down","phrasal verb",,2.54,378,167,1,2.4855
600,in-person:phrase,"in person","phrase",,2.54,379,1934,1,2.4857
601,go-under:phrase,"go under","phrase",,2.54,385,585,1,2.4870
602,vacancy:noun,"vacancy","noun",B1,2.00,19544,1866,,2.4882
603,proverb:noun,"proverb","noun",B1,2.00,18010,1870,,2.4892
604,evenly:adverb,"evenly","adverb",B1,2.00,18518,1873,,2.4900
605,paralyze:verb,"paralyze","verb",B1,2.00,29676,1885,,2.4932
606,landlord:noun,"landlord","noun",B1,2.00,6057,1891,,2.4947
607,rotten:adjective,"rotten","adjective",B1,2.00,3366,1896,,2.4960
608,despite:conjunction,"despite","conjunction",B1,2.00,2576,1931,,2.5052
609,furnished:adjective,"furnished","adjective",B1,2.00,18322,1942,,2.5081
610,hatch:verb,"hatch","verb",B1,2.00,5982,1944,,2.5086
611,coffin:noun,"coffin","noun",B1,2.00,4615,1949,,2.5099
612,geology:noun,"geology","noun",B1,2.00,19640,1952,,2.5107
613,hazard:noun,"hazard","noun",B1,2.00,9743,1979,,2.5178
614,lessen:verb,"lessen","verb",B1,2.00,25090,1986,,2.5196
615,spoil:verb,"spoil","verb",B1,2.00,4459,1998,,2.5227
616,interaction:noun,"interaction","noun",B1,2.00,14082,2001,,2.5235
617,habitat:noun,"habitat","noun",B1,2.00,12447,2019,,2.5282
618,disabled:adjective,"disabled","adjective",B1,2.00,7925,2039,,2.5335
619,supposedly:adverb,"supposedly","adverb",B1,2.00,6888,2052,,2.5369
620,radiation:noun,"radiation","noun",B1,2.00,4448,2070,,2.5416
621,questionnaire:noun,"questionnaire","noun",B1,2.00,23538,2071,,2.5418
622,theft:noun,"theft","noun",B1,2.00,4714,2075,,2.5429
623,bishop:noun,"bishop","noun",B1,2.00,3323,2081,,2.5444
624,disability:noun,"disability","noun",B1,2.00,13837,2083,,2.5450
625,encyclopedia:noun,"encyclopedia","noun",B1,2.00,20030,2093,,2.5476
626,extinct:adjective,"extinct","adjective",B1,2.00,10397,2106,,2.5510
627,endanger:verb,"endanger","verb",B1,2.00,16034,2144,,2.5609
628,buddy:noun,"buddy","noun",B1,2.00,823,2146,,2.5615
629,strategic:adjective,"strategic","adjective",B1,2.00,9328,2203,,2.5764
630,subconscious:noun,"subconscious","noun",B1,2.00,11162,2208,,2.5777
631,devastate:verb,"devastate","verb",B1,2.00,36237,2214,,2.5792
632,parental:adjective,"parental","adjective",B1,2.00,14336,2225,,2.5821
633,interact:verb,"interact","verb",B1,2.00,13926,2228,,2.5829
634,unify:verb,"unify","verb",B1,2.00,33772,2271,,2.5942
635,pharmacy:noun,"pharmacy","noun",B1,2.00,8679,2283,,2.5973
636,disaster:noun,"disaster","noun",B1,2.00,2726,2305,,2.6031
637,ecological:adjective,"ecological","adjective",B1,2.00,24383,2326,,2.6085
638,breakthrough:noun,"breakthrough","noun",B1,2.00,8716,2355,,2.6161
639,willingness:noun,"willingness","noun",B1,2.00,19669,2425,,2.6344
640,nutrient:noun,"nutrient","noun",B1,2.00,40598,2427,,2.6350
641,syndrome:noun,"syndrome","noun",B1,2.00,6897,2428,,2.6352
642,bin:noun,"bin","noun",B1,2.00,4739,2487,,2.6507
643,haven:noun,"haven","noun",B1,2.00,305,2578,,2.6745
644,stun:verb,"stun","verb",B1,2.00,14433,2608,,2.6823
645,piety:noun,"piety","noun",B1,2.00,25358,2611,,2.6831
646,impair:verb,"impair","verb",B1,2.00,,2642,,2.6912
647,dynasty:noun,"dynasty","noun",B1,2.00,8026,2645,,2.6920
648,intermission:noun,"intermission","noun",B1,2.00,22350,2649,,2.6931
649,spiral:adjective,"spiral","adjective",B1,2.00,10663,2660,,2.6959
650,participle:noun,"participle","noun",B1,2.00,,2692,,2.7043
651,pollutant:noun,"pollutant","noun",B1,2.00,,2699,,2.7061
652,border:noun,"border","noun",B1,2.00,2629,2762,,2.7226
653,daze:verb,"daze","verb",B1,2.00,25299,2766,,2.7237
654,camel:noun,"camel","noun",B1,2.00,7566,2793,,2.7307
655,thump:verb,"thump","verb",B1,2.00,12235,2797,,2.7318
656,purify:verb,"purify","verb",B1,2.00,20717,2828,,2.7399
657,doze:verb,"doze","verb",B1,2.00,29551,2861,,2.7485
658,dioxide:noun,"dioxide","noun",B1,2.00,12726,2898,,2.7582
659,notorious:adjective,"notorious","adjective",B1,2.00,8872,2924,,2.7650
660,retrospect:noun,"retrospect","noun",B1,2.00,22859,2931,,2.7668
661,warranty:noun,"warranty","noun",B1,2.00,22129,2944,,2.7702
662,debris:noun,"debris","noun",B1,2.00,8165,2975,,2.7783
663,vice:noun,"vice","noun",B1,2.00,3157,2979,,2.7794
664,devastating:adjective,"devastating","adjective",B1,2.00,9039,2984,,2.7807
665,incredibly:adverb,"incredibly","adverb",B1,2.00,3200,3036,,2.7943
666,embarrass:verb,"embarrass","verb",B1,2.00,6261,3053,,2.7988
667,irritate:verb,"irritate","verb",B1,2.00,19362,3054,,2.7990
668,ashamed:adjective,"ashamed","adjective",B1,2.00,2037,3060,,2.8006
669,hesitate:verb,"hesitate","verb",B1,2.00,5981,3070,,2.8032
670,compose:verb,"compose","verb",B1,2.00,15771,3071,,2.8035
671,notion:noun,"notion","noun",B1,2.00,6946,3073,,2.8040
672,orbit:noun,"orbit","noun",B1,2.00,5464,3081,,2.8061
673,charm:noun,"charm","noun",B1,2.00,3518,3084,,2.8069
674,bureau:noun,"bureau","noun",B1,2.00,4495,3090,,2.8084
675,abandon:verb,"abandon","verb",B1,2.00,4036,3095,,2.8097
676,commit:verb,"commit","verb",B1,2.00,2659,3101,,2.8113
677,stem:noun,"stem","noun",B1,2.00,9480,3106,,2.8126
678,soothe:verb,"soothe","verb",B1,2.00,18866,3111,,2.8139
679,peculiar:adjective,"peculiar","adjective",B1,2.00,7307,3115,,2.8150
680,expand:verb,"expand","verb",B1,2.00,7264,3117,,2.8155
681,chronological:adjective,"chronological","adjective",B1,2.00,44197,3125,,2.8176
682,barrel:noun,"barrel","noun",B1,2.00,4858,3137,,2.8207
683,briefly:adverb,"briefly","adverb",B1,2.00,8914,3139,,2.8213
684,investigation:noun,"investigation","noun",B1,2.00,1534,3142,,2.8220
685,accompany:verb,"accompany","verb",B1,2.00,5479,3146,,2.8231
686,adorable:adjective,"adorable","adjective",B1,2.00,4648,3152,,2.8247
687,appoint:verb,"appoint","verb",B1,2.00,12045,3155,,2.8254
688,cultivate:verb,"cultivate","verb",B1,2.00,18457,3163,,2.8275
689,diagram:noun,"diagram","noun",B1,2.00,17985,3164,,2.8278
690,burden:noun,"burden","noun",B1,2.00,4015,3171,,2.8296
691,worthwhile:adjective,"worthwhile","adjective",B1,2.00,9997,3173,,2.8301
692,wound:noun,"wound","noun",B1,2.00,2129,3180,,2.8320
693,mutual:adjective,"mutual","adjective",B1,2.00,5771,3184,,2.8330
694,absorb:verb,"absorb","verb",B1,2.00,11343,3187,,2.8338
695,emerge:verb,"emerge","verb",B1,2.00,9832,3188,,2.8341
696,resolve:verb,"resolve","verb",B1,2.00,6778,3196,,2.8362
697,twist:noun-verb,"twist","noun/verb",B1,2.00,4115,3206,,2.8388
698,glance:noun-verb,"glance","noun/verb",B1,2.00,8499,3211,,2.8401
699,glide:verb,"glide","verb",B1,2.00,16850,3212,,2.8403
700,vary:verb,"vary","verb",B1,2.00,18883,3218,,2.8419
701,barely:adverb,"barely","adverb",B1,2.00,1876,3226,,2.8440
702,observation:noun,"observation","noun",B1,2.00,6301,3230,,2.8451
703,unified:adjective,"unified","adjective",B1,2.00,17908,3231,,2.8453
704,prejudice:noun,"prejudice","noun",B1,2.00,10517,3233,,2.8458
705,acquaintance:noun,"acquaintance","noun",B1,2.00,7667,3238,,2.8472
706,distinction:noun,"distinction","noun",B1,2.00,11917,3240,,2.8477
707,apparent:adjective,"apparent","adjective",B1,2.00,8426,3241,,2.8479
708,inject:verb,"inject","verb",B1,2.00,11542,3244,,2.8487
709,summit:noun,"summit","noun",B1,2.00,7892,3249,,2.8500
710,convey:verb,"convey","verb",B1,2.00,10116,3253,,2.8511
711,vessel:noun,"vessel","noun",B1,2.00,4602,3261,,2.8532
712,constitute:verb,"constitute","verb",B1,2.00,23268,3273,,2.8563
713,definition:noun,"definition","noun",B1,2.00,7212,3277,,2.8574
714,excess:noun,"excess","noun",B1,2.00,10317,3280,,2.8581
715,undergo:verb,"undergo","verb",B1,2.00,15368,3292,,2.8613
716,abstract:adjective,"abstract","adjective",B1,2.00,13067,3295,,2.8621
717,scatter:verb,"scatter","verb",B1,2.00,12158,3298,,2.8628
718,principle:noun,"principle","noun",B1,2.00,5031,3299,,2.8631
719,essential:adjective,"essential","adjective",B1,2.00,5588,3306,,2.8649
720,recall:verb,"recall","verb",B1,2.00,2901,3309,,2.8657
721,associate:verb,"associate","verb",B1,2.00,5308,3315,,2.8673
722,permanent:adjective,"permanent","adjective",B1,2.00,4343,3324,,2.8697
723,seize:verb,"seize","verb",B1,2.00,6294,3330,,2.8712
724,chuckle:noun,"chuckle","noun",B1,2.00,5446,3332,,2.8717
725,passive:adjective,"passive","adjective",B1,2.00,14470,3346,,2.8754
726,accustom:verb,"accustom","verb",B1,2.00,,3347,,2.8757
727,attach:verb,"attach","verb",B1,2.00,10621,3360,,2.8791
728,discourage:verb,"discourage","verb",B1,2.00,19172,3366,,2.8806
729,absolute:adjective,"absolute","adjective",B1,2.00,3588,3368,,2.8812
730,eliminate:verb,"eliminate","verb",B1,2.00,5834,3370,,2.8817
731,immigrate:verb,"immigrate","verb",B1,2.00,,3374,,2.8827
732,compliment:noun,"compliment","noun",B1,2.00,5035,3383,,2.8851
733,fold:verb,"fold","verb",B1,2.00,6020,3388,,2.8864
734,admission:noun,"admission","noun",B1,2.00,8667,3397,,2.8887
735,tension:noun,"tension","noun",B1,2.00,4917,3400,,2.8895
736,primitive:adjective,"primitive","adjective",B1,2.00,7299,3404,,2.8906
737,acknowledge:verb,"acknowledge","verb",B1,2.00,7116,3405,,2.8908
738,aid:noun,"aid","noun",B1,2.00,3773,3406,,2.8911
739,groom:noun,"groom","noun",B1,2.00,4519,3410,,2.8922
740,choke:verb,"choke","verb",B1,2.00,6735,3419,,2.8945
741,generate:verb,"generate","verb",B1,2.00,10355,3422,,2.8953
742,conflict:noun,"conflict","noun",B1,2.00,4433,3424,,2.8958
743,rational:adjective,"rational","adjective",B1,2.00,7763,3437,,2.8992
744,foundation:noun,"foundation","noun",B1,2.00,4065,3438,,2.8995
745,implement:verb,"implement","verb",B2,3.00,15005,4,,3.0010
746,consensus:noun,"consensus","noun",B2,3.00,17001,13,,3.0034
747,consistent:adjective,"consistent","adjective",B2,3.00,6288,18,,3.0047
748,circumstances:noun,"circumstances","noun",B2,3.00,2457,20,,3.0052
749,postpone:verb,"postpone","verb",B2,3.00,9377,22,,3.0058
750,comprehensive:adjective,"comprehensive","adjective",B2,3.00,17168,24,,3.0063
751,evaluate:verb,"evaluate","verb",B2,3.00,15445,28,,3.0073
752,prescribe:verb,"prescribe","verb",B2,3.00,15083,29,,3.0076
753,emissions:noun,"emissions","noun",,3.10,18519,31,,3.0081
754,encounter:verb,"encounter","verb",B2,3.00,5475,33,,3.0086
755,compensate:verb,"compensate","verb",B2,3.00,11304,37,,3.0097
756,clause:noun,"clause","noun",B2,3.00,11991,40,,3.0105
757,reinforce:verb,"reinforce","verb",B2,3.00,19497,41,,3.0107
758,investigate:verb,"investigate","verb",B2,3.00,3589,44,,3.0115
759,disclose:verb,"disclose","verb",,3.00,13337,45,,3.0118
760,fierce:adjective,"fierce","adjective",B2,3.00,6570,50,,3.0131
761,unforeseen:adjective,"unforeseen","adjective",B2,3.00,23153,52,,3.0136
762,transparency:noun,"transparency","noun",,3.43,25158,53,,3.0139
763,foster:verb,"foster","verb",,3.00,3408,56,,3.0147
764,recruit:verb,"recruit","verb",B2,3.00,8384,57,,3.0149
765,clarify:verb,"clarify","verb",B2,3.00,10613,61,,3.0160
766,spark:noun,"spark","noun",B2,3.00,6561,63,,3.0165
767,strictly:adverb,"strictly","adverb",B2,3.00,5048,65,,3.0170
768,sympathetic:adjective,"sympathetic","adjective",B2,3.00,9839,69,,3.0181
769,chimney:noun,"chimney","noun",B2,3.00,9120,71,,3.0186
770,quarrel:noun,"quarrel","noun",B2,3.00,7289,73,,3.0191
771,bark:verb,"bark","verb",B2,3.00,6685,74,,3.0194
772,intent:noun,"intent","noun",B2,3.00,6668,76,,3.0199
773,tender:adjective,"tender","adjective",B2,3.00,4993,79,,3.0207
774,fame:noun,"fame","noun",B2,3.00,4782,84,,3.0220
775,modest:adjective,"modest","adjective",B2,3.00,6442,85,,3.0222
776,informal:adjective,"informal","adjective",B2,3.00,16046,90,,3.0235
777,sincerely:adverb,"sincerely","adverb",B2,3.00,7474,94,,3.0246
778,pat:verb,"pat","verb",,3.00,3492,96,,3.0251
779,tame:verb,"tame","verb",B2,3.00,9950,110,,3.0288
780,gross:adjective,"gross","adjective",B2,3.00,3017,112,,3.0293
781,impractical:adjective,"impractical","adjective",B2,3.00,26954,114,,3.0298
782,confess:verb,"confess","verb",B2,3.00,2856,116,,3.0303
783,spite:noun,"spite","noun",B2,3.00,5456,126,,3.0330
784,noble:adjective,"noble","adjective",B2,3.00,3005,128,,3.0335
785,laundry:noun,"laundry","noun",B2,3.00,3401,133,,3.0348
786,grief:noun,"grief","noun",B2,3.00,3745,138,,3.0361
787,cart:noun,"cart","noun",,3.00,4504,144,,3.0377
788,weave:verb,"weave","verb",B2,3.00,12240,148,,3.0387
789,instruct:verb,"instruct","verb",B2,3.00,14869,153,,3.0400
790,starve:verb,"starve","verb",B2,3.00,6152,154,,3.0403
791,prestigious:adjective,"prestigious","adjective",B2,3.00,14703,158,,3.0413
792,replacement:noun,"replacement","noun",B2,3.00,6224,171,,3.0447
793,tutor:noun,"tutor","noun",B2,3.00,8245,179,,3.0468
794,spectacle:noun,"spectacle","noun",B2,3.00,10624,186,,3.0487
795,ultimately:adverb,"ultimately","adverb",B2,3.00,5579,192,,3.0502
796,backyard:noun,"backyard","noun",B2,3.00,6065,193,,3.0505
797,neat:adjective,"neat","adjective",B2,3.00,4961,195,,3.0510
798,flash:noun,"flash","noun",B2,3.00,2837,198,,3.0518
799,striking:adjective,"striking","adjective",B2,3.00,7507,207,,3.0542
800,calmly:adverb,"calmly","adverb",B2,3.00,9322,212,,3.0555
801,vanish:verb,"vanish","verb",B2,3.00,7996,215,,3.0562
802,sincere:adjective,"sincere","adjective",B2,3.00,6178,219,,3.0573
803,elder:adjective,"elder","adjective",,3.00,3848,220,,3.0576
804,convention:noun,"convention","noun",B2,3.00,5619,221,,3.0578
805,glorify:verb,"glorify","verb",B2,3.00,30784,224,,3.0586
806,atlas:noun,"atlas","noun",,3.10,16090,226,,3.0591
807,stiff:adjective,"stiff","adjective",B2,3.00,5157,234,,3.0612
808,discharge:verb,"discharge","verb",B2,3.00,7883,237,,3.0620
809,wheat:noun,"wheat","noun",B2,3.00,6965,239,,3.0625
810,weary:adjective,"weary","adjective",B2,3.00,9370,240,,3.0628
811,venue:noun,"venue","noun",B2,3.00,10983,246,,3.0644
812,weed:noun,"weed","noun",B2,3.00,4080,255,,3.0667
813,dawn:noun,"dawn","noun",B2,3.00,2174,263,,3.0688
814,deliberate:adjective,"deliberate","adjective",B2,3.00,10977,271,,3.0709
815,suck:verb,"suck","verb",B2,3.00,2014,291,,3.0761
816,monastery:noun,"monastery","noun",B2,3.00,8381,295,,3.0772
817,devote:verb,"devote","verb",B2,3.00,12860,302,,3.0790
818,moustache:noun,"moustache","noun",B2,3.00,7647,318,,3.0832
819,grain:noun,"grain","noun",B2,3.00,6454,325,,3.0850
820,abuse:noun,"abuse","noun",B2,3.00,3837,330,,3.0863
821,residence:noun,"residence","noun",B2,3.00,5037,332,,3.0869
822,infant:noun,"infant","noun",B2,3.00,9010,336,,3.0879
823,inherit:verb,"inherit","verb",B2,3.00,8771,337,,3.0882
824,scarcely:adverb,"scarcely","adverb",B2,3.00,15149,341,,3.0892
825,token:noun,"token","noun",,3.00,7914,342,,3.0895
826,yawn:verb,"yawn","verb",B2,3.00,19605,347,,3.0908
827,minister:noun,"minister","noun",B2,3.00,1483,348,,3.0910
828,assert:verb,"assert","verb",B2,3.00,21108,349,,3.0913
829,consciousness:noun,"consciousness","noun",B2,3.00,5098,350,,3.0916
830,crawl:verb,"crawl","verb",B2,3.00,5152,352,,3.0921
831,wilderness:noun,"wilderness","noun",B2,3.00,7990,353,,3.0924
832,seal:verb,"seal","verb",B2,3.00,3122,355,,3.0929
833,mercy:noun,"mercy","noun",B2,3.00,2110,367,,3.0960
834,formerly:adverb,"formerly","adverb",B2,3.00,14585,370,,3.0968
835,adjustment:noun,"adjustment","noun",B2,3.00,12793,376,,3.0984
836,confession:noun,"confession","noun",B2,3.00,3142,377,,3.0986
837,ministry:noun,"ministry","noun",,3.00,5108,378,,3.0989
838,outcome:noun,"outcome","noun",B2,3.00,6951,379,,3.0992
839,scent:noun,"scent","noun",B2,3.00,5206,381,,3.0997
840,await:verb,"await","verb",B2,3.00,8206,387,,3.1012
841,conscience:noun,"conscience","noun",B2,3.00,3295,389,,3.1018
842,profitable:adjective,"profitable","adjective",B2,3.00,11260,391,,3.1023
843,haste:noun,"haste","noun",B2,3.00,10392,392,,3.1026
844,weaken:verb,"weaken","verb",B2,3.00,16128,393,,3.1028
845,engagement:noun,"engagement","noun",B2,3.00,3621,397,,3.1039
846,humble:adjective,"humble","adjective",B2,3.00,4585,399,,3.1044
847,stock:noun,"stock","noun",B2,3.00,2602,401,,3.1049
848,ignorance:noun,"ignorance","noun",B2,3.00,8386,403,,3.1054
849,commerce:noun,"commerce","noun",B2,3.00,10915,405,,3.1060
850,clap:verb,"clap","verb",B2,3.00,7239,406,,3.1062
851,unkind:adjective,"unkind","adjective",B2,3.00,17262,408,,3.1067
852,pavement:noun,"pavement","noun",B2,3.00,12528,409,,3.1070
853,imperial:adjective,"imperial","adjective",,3.00,4939,413,,3.1081
854,betray:verb,"betray","verb",B2,3.00,4142,417,,3.1091
855,coward:noun,"coward","noun",B2,3.00,2836,418,,3.1094
856,obedient:adjective,"obedient","adjective",B2,3.00,12721,419,,3.1096
857,porter:noun,"porter","noun",,3.00,5238,423,,3.1107
858,hollow:noun,"hollow","noun",B2,3.00,6572,425,,3.1112
859,limb:noun,"limb","noun",B2,3.00,8726,428,,3.1120
860,surrender:verb,"surrender","verb",B2,3.00,2991,432,,3.1130
861,decay:verb,"decay","verb",B2,3.00,12059,434,,3.1135
862,descend:verb,"descend","verb",B2,3.00,11543,453,,3.1185
863,multiply:verb,"multiply","verb",B2,3.00,13543,454,,3.1188
864,formation:noun,"formation","noun",B2,3.00,7501,457,,3.1196
865,namely:adverb,"namely","adverb",,3.10,16271,458,,3.1198
866,mighty:adjective,"mighty","adjective",B2,3.00,2902,459,,3.1201
867,antique:adjective,"antique","adjective",B2,3.00,7510,467,,3.1222
868,insult:verb,"insult","verb",B2,3.00,3881,471,,3.1232
869,chew:verb,"chew","verb",B2,3.00,5833,473,,3.1237
870,fatal:adjective,"fatal","adjective",B2,3.00,5341,476,,3.1245
871,deceive:verb,"deceive","verb",B2,3.00,8457,478,,3.1251
872,frankly:adverb,"frankly","adverb",B2,3.00,3145,482,,3.1261
873,cruelty:noun,"cruelty","noun",B2,3.00,9930,490,,3.1282
874,amaze:verb,"amaze","verb",B2,3.00,15888,493,,3.1290
875,bud:noun,"bud","noun",B2,3.00,2963,495,,3.1295
876,digest:noun,"digest","noun",B2,3.00,12229,502,,3.1313
877,digest:verb,"digest","verb",B2,3.00,12229,503,,3.1316
878,rattle:verb,"rattle","verb",B2,3.00,9789,504,,3.1319
879,interpreter:noun,"interpreter","noun",B2,3.00,12624,509,,3.1332
880,ruling:adjective,"ruling","adjective",B2,3.00,7625,511,,3.1337
881,thoroughly:adverb,"thoroughly","adverb",B2,3.00,7133,512,,3.1340
882,obey:verb,"obey","verb",B2,3.00,3700,518,,3.1355
883,arc:noun,"arc","noun",,3.00,10712,520,,3.1360
884,margin:noun,"margin","noun",B2,3.00,12209,528,,3.1381
885,swift:adjective,"swift","adjective",B2,3.00,7912,530,,3.1387
886,oral:adjective,"oral","adjective",B2,3.00,10056,531,,3.1389
887,ambassador:noun,"ambassador","noun",B2,3.00,3942,533,,3.1394
888,tread:verb,"tread","verb",B2,3.00,9972,538,,3.1408
889,hedge:noun,"hedge","noun",B2,3.00,12418,546,,3.1428
890,patiently:adverb,"patiently","adverb",B2,3.00,16133,548,,3.1434
891,shrink:verb,"shrink","verb",B2,3.00,5517,555,,3.1452
892,instantly:adverb,"instantly","adverb",B2,3.00,6603,556,,3.1455
893,vigor:noun,"vigor","noun",B2,3.00,27985,561,,3.1468
894,conquest:noun,"conquest","noun",B2,3.00,11435,563,,3.1473
895,arena:noun,"arena","noun",B2,3.00,7642,565,,3.1478
896,ban:verb,"ban","verb",B2,3.00,8373,570,,3.1491
897,prohibit:verb,"prohibit","verb",B2,3.00,29660,577,,3.1510
898,conceive:verb,"conceive","verb",B2,3.00,14161,578,,3.1512
899,medieval:adjective,"medieval","adjective",B2,3.00,8434,581,,3.1520
900,dock:noun,"dock","noun",B2,3.00,5586,584,,3.1528
901,retreat:verb,"retreat","verb",B2,3.00,4498,586,,3.1533
902,retreat:noun,"retreat","noun",B2,3.00,4498,587,,3.1536
903,productivity:noun,"productivity","noun",,3.10,22052,588,,3.1538
904,kneel:verb,"kneel","verb",B2,3.00,7195,595,,3.1557
905,desperately:adverb,"desperately","adverb",B2,3.00,6372,600,,3.1570
906,startle:verb,"startle","verb",B2,3.00,17804,601,,3.1572
907,solely:adverb,"solely","adverb",,3.00,12047,608,,3.1591
908,strive:verb,"strive","verb",B2,3.00,13514,610,,3.1596
909,sole:adjective,"sole","adjective",,3.00,5940,613,,3.1604
910,despise:verb,"despise","verb",B2,3.00,8198,614,,3.1606
911,obedience:noun,"obedience","noun",B2,3.00,13150,615,,3.1609
912,prosper:verb,"prosper","verb",B2,3.00,14143,620,,3.1622
913,rosy:adjective,"rosy","adjective",B2,3.00,12636,621,,3.1625
914,brutal:adjective,"brutal","adjective",,3.00,5059,627,,3.1640
915,disguise:verb,"disguise","verb",B2,3.00,5631,628,,3.1643
916,consult:verb,"consult","verb",B2,3.00,6874,629,,3.1646
917,particle:noun,"particle","noun",B2,3.00,9862,635,,3.1661
918,hug:noun,"hug","noun",B2,3.00,2567,636,,3.1664
919,absurd:adjective,"absurd","adjective",B2,3.00,4373,638,,3.1669
920,assemble:verb,"assemble","verb",B2,3.00,9683,640,,3.1674
921,conceal:verb,"conceal","verb",B2,3.00,10931,644,,3.1685
922,expedition:noun,"expedition","noun",B2,3.00,6319,645,,3.1688
923,edit:verb,"edit","verb",B2,3.00,12094,648,,3.1695
924,vow:noun,"vow","noun",B2,3.00,6798,650,,3.1701
925,tolerate:verb,"tolerate","verb",B2,3.00,5951,653,,3.1708
926,gloomy:adjective,"gloomy","adjective",B2,3.00,10564,654,,3.1711
927,suspend:verb,"suspend","verb",B2,3.00,12518,656,,3.1716
928,imitation:noun,"imitation","noun",B2,3.00,14609,657,,3.1719
929,acquisition:noun,"acquisition","noun",B2,3.00,18219,658,,3.1722
930,honorable:adjective,"honorable","adjective",B2,3.00,6070,663,,3.1735
931,anticipate:verb,"anticipate","verb",B2,3.00,12679,664,,3.1737
932,flexible:adjective,"flexible","adjective",B2,3.00,10735,670,,3.1753
933,eagerly:adverb,"eagerly","adverb",B2,3.00,19345,672,,3.1758
934,soar:verb,"soar","verb",B2,3.00,15963,673,,3.1761
935,overhead:adjective,"overhead","adjective",,3.00,9425,676,,3.1769
936,comprehension:noun,"comprehension","noun",B2,3.00,22901,680,,3.1779
937,lick:verb,"lick","verb",B2,3.00,5158,684,,3.1790
938,refuge:noun,"refuge","noun",B2,3.00,7740,685,,3.1792
939,peel:noun,"peel","noun",B2,3.00,7249,688,,3.1800
940,grieve:verb,"grieve","verb",B2,3.00,11552,690,,3.1805
941,dense:adjective,"dense","adjective",B2,3.00,9599,698,,3.1826
942,dip:verb,"dip","verb",B2,3.00,6082,699,,3.1829
943,statesman:noun,"statesman","noun",B2,3.00,29399,702,,3.1837
944,experimental:adjective,"experimental","adjective",,3.00,8917,704,,3.1842
945,likewise:adverb,"likewise","adverb",B2,3.00,8982,707,,3.1850
946,sue:verb,"sue","verb",B2,3.00,2289,709,,3.1855
947,electronics:noun,"electronics","noun",B2,3.00,9873,711,,3.1860
948,prevail:verb,"prevail","verb",B2,3.00,12367,716,,3.1873
949,patron:noun,"patron","noun",B2,3.00,10231,718,,3.1878
950,plead:verb,"plead","verb",B2,3.00,6201,720,,3.1884
951,suspicious:adjective,"suspicious","adjective",B2,3.00,2861,721,,3.1886
952,resign:verb,"resign","verb",B2,3.00,6290,724,,3.1894
953,stain:noun,"stain","noun",B2,3.00,6893,725,,3.1897
954,oriental:adjective,"oriental","adjective",,3.00,13244,727,,3.1902
955,microwave:noun,"microwave","noun",B2,3.00,8440,731,,3.1913
956,torch:noun,"torch","noun",B2,3.00,5907,733,,3.1918
957,optimistic:adjective,"optimistic","adjective",B2,3.00,9381,737,,3.1928
958,evaluation:noun,"evaluation","noun",B2,3.00,10003,738,,3.1931
959,rag:noun,"rag","noun",B2,3.00,8258,740,,3.1936
960,rib:noun,"rib","noun",B2,3.00,8370,741,,3.1939
961,wit:noun,"wit","noun",B2,3.00,8224,744,,3.1947
962,unaware:adjective,"unaware","adjective",B2,3.00,9642,746,,3.1952
963,clay:noun,"clay","noun",,3.00,3346,753,,3.1970
964,regulate:verb,"regulate","verb",B2,3.00,21692,754,,3.1973
965,misfortune:noun,"misfortune","noun",B2,3.00,7975,755,,3.1975
966,gleam:noun,"gleam","noun",B2,3.00,28114,758,,3.1983
967,promptly:adverb,"promptly","adverb",B2,3.00,16049,764,,3.1999
968,refine:verb,"refine","verb",,3.43,32074,769,,3.2012
969,dim:adjective,"dim","adjective",B2,3.00,10068,770,,3.2015
970,resume:verb,"resume","verb",B2,3.00,6550,771,,3.2017
971,colonial:adjective,"colonial","adjective",B2,3.00,12377,775,,3.2028
972,stitch:noun,"stitch","noun",B2,3.00,8362,782,,3.2046
973,lame:adjective,"lame","adjective",B2,3.00,4220,789,,3.2064
974,condemn:verb,"condemn","verb",B2,3.00,10583,794,,3.2077
975,catastrophe:noun,"catastrophe","noun",B2,3.00,9180,795,,3.2080
976,colleague:noun,"colleague","noun",B2,3.00,3871,797,,3.2085
977,passionate:adjective,"passionate","adjective",B2,3.00,5597,798,,3.2088
978,widow:noun,"widow","noun",B2,3.00,3739,801,,3.2096
979,enlarge:verb,"enlarge","verb",,3.10,23316,806,,3.2109
980,stern:adjective,"stern","adjective",B2,3.00,8261,808,,3.2114
981,outlet:noun,"outlet","noun",B2,3.00,13093,810,,3.2119
982,steer:verb,"steer","verb",B2,3.00,7487,812,,3.2124
983,hay:noun,"hay","noun",B2,3.00,7012,813,,3.2127
984,erect:adjective,"erect","adjective",B2,3.00,17808,814,,3.2130
985,grim:adjective,"grim","adjective",B2,3.00,8433,817,,3.2138
986,cathedral:noun,"cathedral","noun",B2,3.00,8905,818,,3.2140
987,slap:noun,"slap","noun",B2,3.00,3519,820,,3.2145
988,lark:noun,"lark","noun",B2,3.00,13334,822,,3.2151
989,makeup:noun,"makeup","noun",,3.00,3205,824,,3.2156
990,dye:noun,"dye","noun",B2,3.00,10039,825,,3.2158
991,ideally:adverb,"ideally","adverb",B2,3.00,20701,829,,3.2169
992,dread:verb,"dread","verb",B2,3.00,11701,831,,3.2174
993,barn:noun,"barn","noun",B2,3.00,4092,834,,3.2182
994,economist:noun,"economist","noun",B2,3.00,27124,835,,3.2185
995,exaggerate:verb,"exaggerate","verb",B2,3.00,10419,837,,3.2190
996,proven:adjective,"proven","adjective",B2,3.00,5522,841,,3.2200
997,unity:noun,"unity","noun",,3.00,8961,842,,3.2203
998,destiny:noun,"destiny","noun",B2,3.00,2420,843,,3.2206
999,witch:noun,"witch","noun",,3.00,2334,848,,3.2219
1000,thermometer:noun,"thermometer","noun",B2,3.00,16481,854,,3.2234
1001,violate:verb,"violate","verb",B2,3.00,12163,857,,3.2242
1002,agony:noun,"agony","noun",B2,3.00,7835,859,,3.2247
1003,uncommon:adjective,"uncommon","adjective",B2,3.00,13766,862,,3.2255
1004,punctual:adjective,"punctual","adjective",B2,3.00,15931,864,,3.2260
1005,twinkle:verb,"twinkle","verb",B2,3.00,11852,868,,3.2271
1006,inhabit:verb,"inhabit","verb",B2,3.00,23170,876,,3.2292
1007,psychology:noun,"psychology","noun",B2,3.00,7153,878,,3.2297
1008,genuine:adjective,"genuine","adjective",B2,3.00,5008,883,,3.2310
1009,conductor:noun,"conductor","noun",B2,3.00,9268,884,,3.2313
1010,blaze:noun,"blaze","noun",B2,3.00,11662,890,,3.2328
1011,heap:noun,"heap","noun",B2,3.00,9169,891,,3.2331
1012,exclaim:verb,"exclaim","verb",B2,3.00,25464,892,,3.2334
1013,sob:verb,"sob","verb",B2,3.00,14700,893,,3.2336
1014,prevention:noun,"prevention","noun",B2,3.00,19612,897,,3.2347
1015,undertake:verb,"undertake","verb",B2,3.00,17534,899,,3.2352
1016,reluctant:adjective,"reluctant","adjective",B2,3.00,11922,902,,3.2360
1017,influential:adjective,"influential","adjective",B2,3.00,11341,905,,3.2368
1018,apparatus:noun,"apparatus","noun",,3.00,14783,912,,3.2386
1019,cradle:noun,"cradle","noun",,3.00,9513,913,,3.2389
1020,foam:noun,"foam","noun",,3.00,8326,915,,3.2394
1021,disgrace:noun,"disgrace","noun",B2,3.00,5427,917,,3.2399
1022,scar:noun,"scar","noun",B2,3.00,4802,918,,3.2402
1023,grocery:noun,"grocery","noun",,3.00,7122,921,,3.2410
1024,accommodation:noun,"accommodation","noun",B2,3.00,15235,924,,3.2417
1025,stride:verb,"stride","verb",B2,3.00,15349,926,,3.2423
1026,inquire:verb,"inquire","verb",B2,3.00,14628,930,,3.2433
1027,murmur:verb,"murmur","verb",B2,3.00,16742,931,,3.2436
1028,acute:adjective,"acute","adjective",B2,3.00,10756,932,,3.2438
1029,undergraduate:noun,"undergraduate","noun",B2,3.00,35188,933,,3.2441
1030,provider:noun,"provider","noun",,3.10,17019,939,,3.2457
1031,sneeze:verb,"sneeze","verb",B2,3.00,12308,941,,3.2462
1032,roar:verb,"roar","verb",B2,3.00,7467,943,,3.2467
1033,shipping:noun,"shipping","noun",B2,3.00,6966,948,,3.2480
1034,embassy:noun,"embassy","noun",B2,3.00,4778,952,,3.2491
1035,pessimistic:adjective,"pessimistic","adjective",B2,3.00,22309,953,,3.2493
1036,assurance:noun,"assurance","noun",B2,3.00,15483,954,,3.2496
1037,abolish:verb,"abolish","verb",B2,3.00,23763,957,,3.2504
1038,carve:verb,"carve","verb",B2,3.00,10902,959,,3.2509
1039,remarkably:adverb,"remarkably","adverb",B2,3.00,11509,963,,3.2519
1040,exceed:verb,"exceed","verb",B2,3.00,18553,964,,3.2522
1041,revive:verb,"revive","verb",B2,3.00,11472,965,,3.2525
1042,legend:noun,"legend","noun",B2,3.00,3009,968,,3.2533
1043,complexity:noun,"complexity","noun",B2,3.00,17104,969,,3.2535
1044,overtake:verb,"overtake","verb",B2,3.00,18849,970,,3.2538
1045,harmless:adjective,"harmless","adjective",B2,3.00,5685,971,,3.2540
1046,consent:verb,"consent","verb",B2,3.00,5215,972,,3.2543
1047,ornament:noun,"ornament","noun",B2,3.00,18288,973,,3.2546
1048,idiot:noun,"idiot","noun",B2,3.00,879,975,,3.2551
1049,removal:noun,"removal","noun",,3.00,12183,978,,3.2559
1050,diarrhea:noun,"diarrhea","noun",B2,3.00,12391,979,,3.2561
1051,gravity:noun,"gravity","noun",,3.00,4190,983,,3.2572
1052,pledge:noun,"pledge","noun",,3.00,6422,985,,3.2577
1053,anticipation:noun,"anticipation","noun",B2,3.00,13693,986,,3.2580
1054,soak:verb,"soak","verb",B2,3.00,10542,988,,3.2585
1055,supplement:noun,"supplement","noun",B2,3.00,20112,989,,3.2588
1056,rip:verb,"rip","verb",B2,3.00,2967,994,,3.2601
1057,supervision:noun,"supervision","noun",B2,3.00,12103,995,,3.2603
1058,metaphor:noun,"metaphor","noun",B2,3.00,9033,999,,3.2614
1059,compensation:noun,"compensation","noun",B2,3.00,8336,1000,,3.2616
1060,impolite:adjective,"impolite","adjective",B2,3.00,18614,1001,,3.2619
1061,persistent:adjective,"persistent","adjective",B2,3.00,10703,1005,,3.2629
1062,vanity:noun,"vanity","noun",B2,3.00,9097,1009,,3.2640
1063,intensity:noun,"intensity","noun",,3.00,12107,1011,,3.2645
1064,diplomat:noun,"diplomat","noun",B2,3.00,13445,1012,,3.2648
1065,naval:adjective,"naval","adjective",B2,3.00,7262,1014,,3.2653
1066,microscope:noun,"microscope","noun",B2,3.00,12820,1016,,3.2658
1067,probe:noun,"probe","noun",B2,3.00,7575,1017,,3.2661
1068,geometry:noun,"geometry","noun",,3.00,14985,1018,,3.2663
1069,fuzzy:adjective,"fuzzy","adjective",,3.00,9724,1019,,3.2666
1070,nobility:noun,"nobility","noun",B2,3.00,13263,1025,,3.2682
1071,attendance:noun,"attendance","noun",B2,3.00,11896,1035,,3.2708
1072,ownership:noun,"ownership","noun",,3.00,11362,1039,,3.2718
1073,equation:noun,"equation","noun",B2,3.00,9136,1040,,3.2721
1074,shatter:verb,"shatter","verb",B2,3.00,14287,1042,,3.2726
1075,preliminary:adjective,"preliminary","adjective",B2,3.00,8512,1043,,3.2729
1076,endurance:noun,"endurance","noun",B2,3.00,14311,1044,,3.2731
1077,fleet:noun,"fleet","noun",B2,3.00,4219,1045,,3.2734
1078,cozy:adjective,"cozy","adjective",B2,3.00,7942,1048,,3.2742
1079,execute:verb,"execute","verb",B2,3.00,6592,1050,,3.2747
1080,masterpiece:noun,"masterpiece","noun",B2,3.00,8280,1052,,3.2752
1081,attentive:adjective,"attentive","adjective",B2,3.00,17336,1061,,3.2776
1082,mock:verb,"mock","verb",B2,3.00,7233,1063,,3.2781
1083,identification:noun,"identification","noun",B2,3.00,6826,1066,,3.2789
1084,scramble:verb,"scramble","verb",B2,3.00,13305,1073,,3.2807
1085,federation:noun,"federation","noun",,3.00,7004,1075,,3.2813
1086,perception:noun,"perception","noun",B2,3.00,9595,1077,,3.2818
1087,administrative:adjective,"administrative","adjective",B2,3.00,13660,1084,,3.2836
1088,mortal:adjective,"mortal","adjective",B2,3.00,5306,1088,,3.2847
1089,liner:noun,"liner","noun",B2,3.00,18887,1089,,3.2849
1090,exhaustion:noun,"exhaustion","noun",B2,3.00,14732,1092,,3.2857
1091,cluster:noun,"cluster","noun",,3.00,11492,1094,,3.2862
1092,infectious:adjective,"infectious","adjective",B2,3.00,15631,1096,,3.2867
1093,ample:adjective,"ample","adjective",B2,3.00,15793,1098,,3.2873
1094,indication:noun,"indication","noun",,3.00,9656,1101,,3.2881
1095,certificate:noun,"certificate","noun",B2,3.00,4920,1102,,3.2883
1096,naughty:adjective,"naughty","adjective",B2,3.00,3809,1112,,3.2909
1097,pregnancy:noun,"pregnancy","noun",,3.00,5636,1113,,3.2912
1098,comparable:adjective,"comparable","adjective",,3.10,22876,1114,,3.2915
1099,haunt:verb,"haunt","verb",B2,3.00,8653,1115,,3.2917
1100,valid:adjective,"valid","adjective",B2,3.00,8530,1118,,3.2925
1101,paw:noun,"paw","noun",B2,3.00,10879,1121,,3.2933
1102,villa:noun,"villa","noun",B2,3.00,4944,1125,,3.2943
1103,costly:adjective,"costly","adjective",B2,3.00,14935,1128,,3.2951
1104,coarse:adjective,"coarse","adjective",B2,3.00,19672,1129,,3.2954
1105,accusation:noun,"accusation","noun",B2,3.00,10051,1131,,3.2959
1106,transaction:noun,"transaction","noun",,3.00,10266,1132,,3.2962
1107,leak:verb,"leak","verb",B2,3.00,4117,1134,,3.2967
1108,rack:noun,"rack","noun",B2,3.00,6690,1137,,3.2975
1109,hesitation:noun,"hesitation","noun",B2,3.00,11489,1139,,3.2980
1110,utility:noun,"utility","noun",B2,3.00,15073,1140,,3.2983
1111,signify:verb,"signify","verb",B2,3.00,26698,1143,,3.2990
1112,exclusively:adverb,"exclusively","adverb",B2,3.00,12405,1145,,3.2996
1113,vocal:adjective,"vocal","adjective",,3.00,9027,1147,,3.3001
1114,exceptional:adjective,"exceptional","adjective",B2,3.00,8195,1148,,3.3003
1115,irresponsible:adjective,"irresponsible","adjective",B2,3.00,7648,1150,,3.3009
1116,sincerity:noun,"sincerity","noun",B2,3.00,12223,1154,,3.3019
1117,starvation:noun,"starvation","noun",B2,3.00,13308,1157,,3.3027
1118,stack:verb,"stack","verb",B2,3.00,6964,1159,,3.3032
1119,alongside:adverb,"alongside","adverb",B2,3.00,7278,1161,,3.3037
1120,utilize:verb,"utilize","verb",B2,3.00,23931,1167,,3.3053
1121,withdrawal:noun,"withdrawal","noun",B2,3.00,10600,1169,,3.3058
1122,ethics:noun,"ethics","noun",B2,3.00,8482,1175,,3.3074
1123,ethnic:adjective,"ethnic","adjective",B2,3.00,13607,1180,,3.3087
1124,inadequate:adjective,"inadequate","adjective",B2,3.00,16789,1182,,3.3092
1125,exploit:noun,"exploit","noun",B2,3.00,9975,1185,,3.3100
1126,deliberately:adverb,"deliberately","adverb",B2,3.00,6151,1186,,3.3103
1127,vacant:adjective,"vacant","adjective",B2,3.00,10444,1192,,3.3119
1128,architectural:adjective,"architectural","adjective",,3.10,18355,1198,,3.3134
1129,patent:noun,"patent","noun",,3.00,11258,1200,,3.3140
1130,guarantee:verb,"guarantee","verb",B2,3.00,2713,1201,,3.3142
1131,fluid:noun,"fluid","noun",B2,3.00,6036,1203,,3.3147
1132,decent:adjective,"decent","adjective",B2,3.00,2295,1204,,3.3150
1133,identical:adjective,"identical","adjective",B2,3.00,6280,1205,,3.3153
1134,penetrate:verb,"penetrate","verb",B2,3.00,11012,1212,,3.3171
1135,accommodate:verb,"accommodate","verb",,3.00,13461,1214,,3.3176
1136,considerably:adverb,"considerably","adverb",B2,3.00,14593,1218,,3.3187
1137,institutional:adjective,"institutional","adjective",,3.43,31955,1221,,3.3194
1138,plague:noun,"plague","noun",B2,3.00,5228,1222,,3.3197
1139,insert:verb,"insert","verb",,3.00,11192,1227,,3.3210
1140,coordinate:verb,"coordinate","verb",,3.00,12739,1231,,3.3221
1141,flexibility:noun,"flexibility","noun",B2,3.00,22550,1238,,3.3239
1142,virgin:noun,"virgin","noun",,3.00,2739,1240,,3.3244
1143,transmit:verb,"transmit","verb",B2,3.00,12164,1241,,3.3247
1144,denial:noun,"denial","noun",,3.00,8441,1243,,3.3252
1145,nobleman:noun,"nobleman","noun",B2,3.00,18176,1244,,3.3255
1146,overthrow:verb,"overthrow","verb",B2,3.00,14002,1249,,3.3268
1147,excursion:noun,"excursion","noun",B2,3.00,19959,1250,,3.3270
1148,mutter:verb,"mutter","verb",B2,3.00,30946,1254,,3.3281
1149,ridge:noun,"ridge","noun",B2,3.00,6667,1256,,3.3286
1150,cooperate:verb,"cooperate","verb",B2,3.00,4878,1260,,3.3297
1151,cooperative:adjective,"cooperative","adjective",B2,3.00,11611,1265,,3.3310
1152,donation:noun,"donation","noun",B2,3.00,7965,1266,,3.3312
1153,authorize:verb,"authorize","verb",B2,3.00,16048,1271,,3.3325
1154,transmission:noun,"transmission","noun",B2,3.00,5937,1274,,3.3333
1155,peep:verb,"peep","verb",B2,3.00,9828,1275,,3.3336
1156,endeavor:verb,"endeavor","verb",B2,3.00,17181,1276,,3.3338
1157,outbreak:noun,"outbreak","noun",B2,3.00,11306,1280,,3.3349
1158,slam:verb,"slam","verb",B2,3.00,6952,1283,,3.3357
1159,capability:noun,"capability","noun",B2,3.00,15538,1287,,3.3367
1160,participation:noun,"participation","noun",B2,3.00,13934,1290,,3.3375
1161,faculty:noun,"faculty","noun",B2,3.00,9885,1291,,3.3378
1162,courtesy:noun,"courtesy","noun",B2,3.00,5979,1293,,3.3383
1163,midst:noun,"midst","noun",B2,3.00,8854,1294,,3.3385
1164,riddle:noun,"riddle","noun",B2,3.00,8983,1299,,3.3399
1165,corruption:noun,"corruption","noun",B2,3.00,6481,1300,,3.3401
1166,extract:verb,"extract","verb",B2,3.00,8949,1301,,3.3404
1167,unconscious:adjective,"unconscious","adjective",B2,3.00,4441,1303,,3.3409
1168,prominence:noun,"prominence","noun",B2,3.00,38640,1307,,3.3419
1169,transparent:adjective,"transparent","adjective",B2,3.00,12280,1313,,3.3435
1170,stool:noun,"stool","noun",B2,3.00,9376,1321,,3.3456
1171,corrupt:adjective,"corrupt","adjective",B2,3.00,6359,1325,,3.3467
1172,immortal:adjective,"immortal","adjective",B2,3.00,6369,1328,,3.3474
1173,mine:noun,"mine","noun",B2,3.00,421,1330,,3.3480
1174,pension:noun,"pension","noun",B2,3.00,6382,1331,,3.3482
1175,buzz:verb,"buzz","verb",B2,3.00,3980,1336,,3.3495
1176,infinite:adjective,"infinite","adjective",,3.00,7620,1337,,3.3498
1177,eternally:adverb,"eternally","adverb",B2,3.00,14922,1338,,3.3501
1178,beak:noun,"beak","noun",B2,3.00,12775,1340,,3.3506
1179,muddy:adjective,"muddy","adjective",B2,3.00,10798,1341,,3.3508
1180,interruption:noun,"interruption","noun",B2,3.00,14688,1343,,3.3514
1181,syllable:noun,"syllable","noun",B2,3.00,25236,1344,,3.3516
1182,revolve:verb,"revolve","verb",B2,3.00,26024,1345,,3.3519
1183,controversy:noun,"controversy","noun",B2,3.00,13880,1347,,3.3524
1184,delicately:adverb,"delicately","adverb",B2,3.00,23438,1348,,3.3527
1185,accumulate:verb,"accumulate","verb",B2,3.00,24340,1349,,3.3529
1186,conception:noun,"conception","noun",B2,3.00,14534,1352,,3.3537
1187,framework:noun,"framework","noun",,3.10,21236,1354,,3.3542
1188,realm:noun,"realm","noun",,3.00,6710,1356,,3.3548
1189,trivial:adjective,"trivial","adjective",B2,3.00,10958,1358,,3.3553
1190,oval:adjective,"oval","adjective",B2,3.00,15377,1360,,3.3558
1191,exaggeration:noun,"exaggeration","noun",B2,3.00,19880,1364,,3.3569
1192,nomination:noun,"nomination","noun",B2,3.00,12637,1367,,3.3576
1193,warrant:noun,"warrant","noun",,3.00,2517,1368,,3.3579
1194,maiden:noun,"maiden","noun",,3.00,6682,1369,,3.3582
1195,continental:adjective,"continental","adjective",,3.00,11981,1370,,3.3584
1196,paradox:noun,"paradox","noun",B2,3.00,14555,1376,,3.3600
1197,dimension:noun,"dimension","noun",B2,3.00,6734,1378,,3.3605
1198,canyon:noun,"canyon","noun",,3.00,6688,1382,,3.3616
1199,defy:verb,"defy","verb",B2,3.00,9903,1385,,3.3624
1200,prick:verb,"prick","verb",B2,3.00,3818,1386,,3.3626
1201,sympathize:verb,"sympathize","verb",B2,3.00,16438,1388,,3.3631
1202,treasury:noun,"treasury","noun",,3.00,9321,1391,,3.3639
1203,roam:verb,"roam","verb",B2,3.00,8939,1393,,3.3644
1204,savage:adjective,"savage","adjective",,3.00,5740,1397,,3.3655
1205,torture:verb,"torture","verb",B2,3.00,3088,1398,,3.3658
1206,stability:noun,"stability","noun",B2,3.00,11140,1406,,3.3678
1207,bacteria:noun,"bacteria","noun",,3.00,7683,1407,,3.3681
1208,parliamentary:adjective,"parliamentary","adjective",,3.10,22864,1408,,3.3684
1209,qualification:noun,"qualification","noun",B2,3.00,24806,1409,,3.3686
1210,tenderness:noun,"tenderness","noun",B2,3.00,11877,1411,,3.3692
1211,persist:verb,"persist","verb",B2,3.00,17799,1414,,3.3699
1212,herb:noun,"herb","noun",B2,3.00,7773,1415,,3.3702
1213,violation:noun,"violation","noun",,3.00,6921,1421,,3.3718
1214,compulsory:adjective,"compulsory","adjective",B2,3.00,20891,1425,,3.3728
1215,nuisance:noun,"nuisance","noun",B2,3.00,8069,1426,,3.3731
1216,vigorous:adjective,"vigorous","adjective",B2,3.00,20445,1430,,3.3741
1217,irritating:adjective,"irritating","adjective",B2,3.00,10984,1434,,3.3752
1218,hospitality:noun,"hospitality","noun",B2,3.00,7938,1435,,3.3754
1219,astronomy:noun,"astronomy","noun",B2,3.00,15434,1437,,3.3760
1220,lest:conjunction,"lest","conjunction",B2,3.00,13100,1442,,3.3773
1221,imprison:verb,"imprison","verb",B2,3.00,23125,1445,,3.3781
1222,cemetery:noun,"cemetery","noun",B2,3.00,4729,1446,,3.3783
1223,gasp:verb,"gasp","verb",B2,3.00,5808,1450,,3.3794
1224,administrator:noun,"administrator","noun",,3.00,12836,1463,,3.3828
1225,admirable:adjective,"admirable","adjective",B2,3.00,10951,1466,,3.3835
1226,folly:noun,"folly","noun",B2,3.00,13342,1467,,3.3838
1227,dreadful:adjective,"dreadful","adjective",B2,3.00,5506,1472,,3.3851
1228,persuasion:noun,"persuasion","noun",B2,3.00,16324,1486,,3.3888
1229,expressive:adjective,"expressive","adjective",B2,3.00,26095,1487,,3.3890
1230,sanitary:adjective,"sanitary","adjective",B2,3.00,22443,1488,,3.3893
1231,diploma:noun,"diploma","noun",B2,3.00,11612,1492,,3.3903
1232,patriot:noun,"patriot","noun",B2,3.00,11020,1495,,3.3911
1233,resistant:adjective,"resistant","adjective",,3.10,17128,1498,,3.3919
1234,witty:adjective,"witty","adjective",B2,3.00,12426,1499,,3.3922
1235,doctrine:noun,"doctrine","noun",,3.10,16640,1500,,3.3924
1236,threshold:noun,"threshold","noun",,3.00,10528,1501,,3.3927
1237,pulse:noun,"pulse","noun",B2,3.00,3473,1502,,3.3930
1238,testify:verb,"testify","verb",B2,3.00,3667,1503,,3.3932
1239,pastor:noun,"pastor","noun",B2,3.00,5993,1506,,3.3940
1240,concession:noun,"concession","noun",B2,3.00,17053,1515,,3.3964
1241,subsidiary:noun,"subsidiary","noun",,3.43,30053,1517,,3.3969
1242,domain:noun,"domain","noun",,3.00,11250,1519,,3.3974
1243,confidential:adjective,"confidential","adjective",,3.00,6215,1520,,3.3977
1244,queer:adjective,"queer","adjective",B2,3.00,7468,1525,,3.3990
1245,conspiracy:noun,"conspiracy","noun",,3.00,4401,1528,,3.3998
1246,functional:adjective,"functional","adjective",B2,3.00,13096,1530,,3.4003
1247,civic:adjective,"civic","adjective",,3.00,13825,1531,,3.4006
1248,subtract:verb,"subtract","verb",B2,3.00,27680,1532,,3.4008
1249,displace:verb,"displace","verb",B2,3.00,47250,1535,,3.4016
1250,prestige:noun,"prestige","noun",B2,3.00,13208,1539,,3.4026
1251,magnitude:noun,"magnitude","noun",,3.00,15068,1544,,3.4040
1252,subscription:noun,"subscription","noun",,3.10,19649,1552,,3.4060
1253,tolerance:noun,"tolerance","noun",,3.00,11036,1560,,3.4081
1254,freight:noun,"freight","noun",,3.00,11071,1563,,3.4089
1255,snore:verb,"snore","verb",B2,3.00,15076,1568,,3.4102
1256,den:noun,"den","noun",,3.00,5568,1569,,3.4105
1257,exile:noun,"exile","noun",B2,3.00,7888,1583,,3.4142
1258,density:noun,"density","noun",,3.00,14894,1584,,3.4144
1259,census:noun,"census","noun",,3.10,21184,1589,,3.4157
1260,pave:verb,"pave","verb",B2,3.00,26546,1591,,3.4162
1261,shabby:adjective,"shabby","adjective",B2,3.00,13895,1593,,3.4168
1262,revelation:noun,"revelation","noun",B2,3.00,10011,1594,,3.4170
1263,thereafter:adverb,"thereafter","adverb",B2,3.00,20069,1595,,3.4173
1264,punctuality:noun,"punctuality","noun",B2,3.00,24394,1596,,3.4176
1265,editorial:noun,"editorial","noun",B2,3.00,14226,1597,,3.4178
1266,merchandise:noun,"merchandise","noun",B2,3.00,8322,1599,,3.4183
1267,pharmacist:noun,"pharmacist","noun",B2,3.00,15999,1600,,3.4186
1268,yarn:noun,"yarn","noun",,3.10,16765,1601,,3.4189
1269,rebellious:adjective,"rebellious","adjective",B2,3.00,16073,1606,,3.4202
1270,dividend:noun,"dividend","noun",,3.44,39687,1608,,3.4207
1271,conceptual:adjective,"conceptual","adjective",,3.43,32875,1610,,3.4212
1272,traitor:noun,"traitor","noun",B2,3.00,3221,1615,,3.4225
1273,fiscal:adjective,"fiscal","adjective",B2,3.00,21160,1618,,3.4233
1274,tan:verb,"tan","verb",B2,3.00,5540,1619,,3.4236
1275,supervise:verb,"supervise","verb",B2,3.00,15006,1620,,3.4238
1276,statistical:adjective,"statistical","adjective",,3.10,22976,1621,,3.4241
1277,adore:verb,"adore","verb",B2,3.00,6586,1622,,3.4244
1278,directive:adjective,"directive","adjective",,3.10,16472,1625,,3.4251
1279,altar:noun,"altar","noun",B2,3.00,6723,1628,,3.4259
1280,flap:verb,"flap","verb",B2,3.00,12364,1629,,3.4262
1281,skim:verb,"skim","verb",B2,3.00,22394,1630,,3.4265
1282,altitude:noun,"altitude","noun",B2,3.00,8681,1632,,3.4270
1283,cripple:noun,"cripple","noun",B2,3.00,8892,1633,,3.4272
1284,dose:noun,"dose","noun",B2,3.00,6600,1637,,3.4283
1285,brochure:noun,"brochure","noun",B2,3.00,15061,1638,,3.4285
1286,refrain:verb,"refrain","verb",B2,3.00,13106,1639,,3.4288
1287,bias:noun,"bias","noun",,3.10,16016,1641,,3.4293
1288,simultaneous:adjective,"simultaneous","adjective",B2,3.00,25211,1643,,3.4299
1289,conversion:noun,"conversion","noun",B2,3.00,14572,1644,,3.4301
1290,expertise:noun,"expertise","noun",,3.00,8578,1649,,3.4314
1291,glare:noun,"glare","noun",B2,3.00,18291,1651,,3.4319
1292,adoption:noun,"adoption","noun",B2,3.00,7390,1652,,3.4322
1293,disposal:noun,"disposal","noun",B2,3.00,6891,1653,,3.4325
1294,execution:noun,"execution","noun",B2,3.00,5045,1663,,3.4351
1295,textile:adjective,"textile","adjective",,3.10,21300,1665,,3.4356
1296,furious:adjective,"furious","adjective",B2,3.00,5246,1667,,3.4361
1297,tribute:noun,"tribute","noun",,3.00,7960,1672,,3.4374
1298,texture:noun,"texture","noun",,3.00,11432,1676,,3.4385
1299,bureaucracy:noun,"bureaucracy","noun",B2,3.00,18754,1682,,3.4401
1300,spur:noun,"spur","noun",B2,3.00,16804,1686,,3.4411
1301,petition:noun,"petition","noun",,3.00,7957,1687,,3.4414
1302,contradict:verb,"contradict","verb",B2,3.00,17022,1688,,3.4416
1303,delegate:verb,"delegate","verb",B2,3.00,16470,1692,,3.4427
1304,thigh:noun,"thigh","noun",B2,3.00,10049,1693,,3.4429
1305,eyelid:noun,"eyelid","noun",B2,3.00,28789,1699,,3.4445
1306,distract:verb,"distract","verb",B2,3.00,6552,1705,,3.4461
1307,stab:verb,"stab","verb",B2,3.00,4546,1708,,3.4469
1308,arouse:verb,"arouse","verb",B2,3.00,18342,1710,,3.4474
1309,arrogant:adjective,"arrogant","adjective",B2,3.00,5716,1712,,3.4479
1310,pluck:verb,"pluck","verb",B2,3.00,11164,1714,,3.4484
1311,sublime:adjective,"sublime","adjective",,3.00,14055,1715,,3.4487
1312,adorn:verb,"adorn","verb",B2,3.00,25617,1716,,3.4490
1313,trustee:noun,"trustee","noun",,3.10,22219,1717,,3.4492
1314,indicator:noun,"indicator","noun",,3.10,20684,1720,,3.4500
1315,outfit:noun,"outfit","noun",B2,3.00,3222,1722,,3.4505
1316,forum:noun,"forum","noun",,3.00,12898,1723,,3.4508
1317,projection:noun,"projection","noun",B2,3.00,14200,1724,,3.4510
1318,anonymous:adjective,"anonymous","adjective",B2,3.00,4688,1730,,3.4526
1319,liability:noun,"liability","noun",,3.00,10300,1732,,3.4531
1320,eloquent:adjective,"eloquent","adjective",B2,3.00,22081,1733,,3.4534
1321,supernatural:adjective,"supernatural","adjective",B2,3.00,8308,1743,,3.4560
1322,respectively:adverb,"respectively","adverb",,3.44,42153,1746,,3.4568
1323,bestow:verb,"bestow","verb",B2,3.00,18969,1749,,3.4576
1324,wreck:noun,"wreck","noun",B2,3.00,4535,1750,,3.4578
1325,disciple:noun,"disciple","noun",B2,3.00,12406,1752,,3.4584
1326,ballot:noun,"ballot","noun",B2,3.00,14709,1753,,3.4586
1327,timber:noun,"timber","noun",,3.00,12102,1754,,3.4589
1328,excel:verb,"excel","verb",B2,3.00,20449,1758,,3.4599
1329,ranch:noun,"ranch","noun",,3.00,4389,1759,,3.4602
1330,mortality:noun,"mortality","noun",,3.10,15396,1764,,3.4615
1331,concede:verb,"concede","verb",B2,3.00,17474,1770,,3.4631
1332,strand:verb,"strand","verb",B2,3.00,14130,1773,,3.4639
1333,latitude:noun,"latitude","noun",,3.10,17542,1774,,3.4641
1334,outrage:noun,"outrage","noun",B2,3.00,10734,1779,,3.4654
1335,incentive:noun,"incentive","noun",B2,3.00,15113,1782,,3.4662
1336,imprisonment:noun,"imprisonment","noun",B2,3.00,10967,1784,,3.4667
1337,oath:noun,"oath","noun",B2,3.00,4622,1787,,3.4675
1338,applicable:adjective,"applicable","adjective",,3.43,35123,1789,,3.4681
1339,theoretical:adjective,"theoretical","adjective",,3.00,14452,1795,,3.4696
1340,constitutional:adjective,"constitutional","adjective",,3.00,13204,1801,,3.4712
1341,algebra:noun,"algebra","noun",,3.10,16194,1802,,3.4715
1342,subsequent:adjective,"subsequent","adjective",,3.10,19118,1806,,3.4725
1343,temperate:adjective,"temperate","adjective",B2,3.00,34574,1807,,3.4728
1344,formidable:adjective,"formidable","adjective",B2,3.00,11100,1813,,3.4743
1345,deem:verb,"deem","verb",B2,3.00,21454,1814,,3.4746
1346,legitimate:adjective,"legitimate","adjective",B2,3.00,6305,1821,,3.4764
1347,toll:noun,"toll","noun",B2,3.00,7949,1823,,3.4769
1348,tyranny:noun,"tyranny","noun",B2,3.00,12632,1825,,3.4775
1349,eyelash:noun,"eyelash","noun",B2,3.00,30442,1827,,3.4780
1350,sip:verb,"sip","verb",,3.00,7120,1829,,3.4785
1351,rug:noun,"rug","noun",B2,3.00,6739,1833,,3.4796
1352,reckon:verb,"reckon","verb",B2,3.00,3198,1835,,3.4801
1353,pedestrian:noun,"pedestrian","noun",B2,3.00,18679,1838,,3.4809
1354,approximate:adjective,"approximate","adjective",B2,3.00,23906,1843,,3.4822
1355,municipal:adjective,"municipal","adjective",,3.00,14542,1848,,3.4835
1356,thesis:noun,"thesis","noun",B2,3.00,9361,1851,,3.4843
1357,picturesque:adjective,"picturesque","adjective",B2,3.00,26496,1853,,3.4848
1358,supplier:noun,"supplier","noun",B2,3.00,12503,1857,,3.4858
1359,precede:verb,"precede","verb",B2,3.00,46896,1858,,3.4861
1360,decisive:adjective,"decisive","adjective",B2,3.00,11766,1861,,3.4869
1361,superb:adjective,"superb","adjective",B2,3.00,7735,1863,,3.4874
1362,pay-down:phrase,"pay down","phrase",,3.60,388,463,1,3.4876
1363,pay-off:phrase,"pay off","phrase",,3.60,388,1792,1,3.4876
1364,enforce:verb,"enforce","verb",B2,3.00,14525,1864,,3.4877
1365,fraud:noun,"fraud","noun",B2,3.00,3904,1875,,3.4906
1366,shut-out:phrase,"shut out","phrase",,3.60,404,1438,1,3.4909
1367,itch:noun,"itch","noun",B2,3.00,10595,1877,,3.4911
1368,foresee:verb,"foresee","verb",B2,3.00,18563,1879,,3.4916
1369,handout:noun,"handout","noun",B2,3.00,28098,1880,,3.4919
1370,doom:noun,"doom","noun",B2,3.00,7441,1881,,3.4921
1371,dispatch:verb,"dispatch","verb",,3.00,6823,1882,,3.4924
1372,mercury:noun,"mercury","noun",,3.00,8364,1883,,3.4926
1373,deal-with:phrase,"deal with","phrase",,3.60,413,865,1,3.4927
1374,point-out:phrase,"point out","phrase",,3.60,416,1623,1,3.4933
1375,to-the-point:phrase,"to the point","phrase",,3.60,416,1751,1,3.4933
1376,toil:verb,"toil","verb",B2,3.00,16333,1888,,3.4940
1377,occurrence:noun,"occurrence","noun",,3.10,19206,1890,,3.4945
1378,sleep-over:phrase,"sleep over","phrase",,3.60,425,668,1,3.4951
1379,put-a-to-sleep:phrase,"put A to sleep","phrase",,3.60,425,1379,1,3.4951
1380,close-in:phrase,"close in","phrase",,3.60,431,2407,1,3.4962
1381,flush:verb,"flush","verb",,3.00,6090,1897,,3.4963
1382,polar:adjective,"polar","adjective",,3.00,8599,1899,,3.4968
1383,go-against:phrase,"go against","phrase",,3.60,435,1312,1,3.4970
1384,run-against:phrase,"run against","phrase",,3.60,435,2202,1,3.4970
1385,raid:noun,"raid","noun",,3.00,4835,1900,,3.4971
1386,word-for-word:phrase,"word for word","phrase",,3.60,436,871,1,3.4972
1387,set-in:phrase,"set in","phrase",,3.60,439,1617,1,3.4977
1388,set-off:phrase,"set off","phrase",,3.60,439,2022,1,3.4977
1389,surplus:noun,"surplus","noun",,3.10,16637,1903,,3.4979
1390,least-of-all:adverb,"least of all","adverb",,3.60,444,626,1,3.4987
1391,to-say-the-least:phrase,"to say the least","phrase",,3.60,444,751,1,3.4987
1392,legislative:adjective,"legislative","adjective",B2,3.00,25380,1907,,3.4989
1393,at-the-moment:phrase,"at the moment","phrase",,3.60,448,2739,1,3.4994
1394,fight-back:phrase,"fight back","phrase",,3.60,449,2831,1,3.4996
1395,plumber:noun,"plumber","noun",B2,3.00,8485,1910,,3.4997
1396,rest-on:phrase,"rest on","phrase",,3.60,453,934,1,3.5003
1397,under-fire:phrase,"under fire","phrase",,3.60,455,283,1,3.5007
1398,fire-up:phrase,"fire up","phrase",,3.60,455,2416,1,3.5007
1399,optimism:noun,"optimism","noun",B2,3.00,14873,1916,,3.5013
1400,scheme:noun,"scheme","noun",B2,3.00,5173,1917,,3.5015
1401,side-job:noun,"side job","noun",,3.60,460,1396,1,3.5016
1402,stand-down:phrase,"stand down","phrase",,3.60,461,313,1,3.5017
1403,stand-over:phrase,"stand over","phrase",,3.60,461,1046,1,3.5017
1404,stand-up-to:phrase,"stand up to","phrase",,3.60,461,1958,1,3.5017
1405,stand-out:phrase,"stand out","phrase",,3.60,461,3001,1,3.5017
1406,read-off:phrase,"read off","phrase",,3.60,462,2432,1,3.5019
1407,cut-off:phrase,"cut off","phrase",,3.60,464,293,1,3.5023
1408,cut-down:phrase,"cut down","phrase",,3.60,464,906,1,3.5023
1409,cut-in:phrase,"cut in","phrase",,3.60,464,2595,1,3.5023
1410,cut-back-on:phrase,"cut back on","phrase",,3.60,464,3390,1,3.5023
1411,forthcoming:adjective,"forthcoming","adjective",B2,3.00,17784,1920,,3.5023
1412,clumsy:adjective,"clumsy","adjective",B2,3.00,7197,1922,,3.5028
1413,hydrogen:noun,"hydrogen","noun",,3.00,9014,1923,,3.5031
1414,speak-for:phrase,"speak for","phrase",,3.60,472,1351,1,3.5037
1415,supreme:adjective,"supreme","adjective",,3.00,4594,1927,,3.5042
1416,tariff:noun,"tariff","noun",,3.44,44732,1928,,3.5044
1417,break-up:phrase,"break up","phrase",,3.60,486,272,1,3.5060
1418,break-down:phrase,"break down","phrase",,3.60,486,2905,1,3.5060
1419,break-out:phrase,"break out","phrase",,3.60,486,3080,1,3.5060
1420,break-in:phrase,"break in","phrase",,3.60,486,3379,1,3.5060
1421,walk-off-with:phrase,"walk off with","phrase",,3.60,489,1697,1,3.5066
1422,amend:verb,"amend","verb",,3.43,25298,1937,,3.5068
1423,out-of-the-question:phrase,"out of the question","phrase",,3.60,495,1564,1,3.5075
1424,marsh:noun,"marsh","noun",,3.00,6370,1941,,3.5078
1425,donate:verb,"donate","verb",B2,3.00,8073,1948,,3.5097
1426,buy-over:phrase,"buy over","phrase",,3.60,511,593,1,3.5102
1427,buy-up:phrase,"buy up","phrase",,3.60,511,1130,1,3.5102
1428,gun-for:phrase,"gun for","phrase",,3.60,518,1176,1,3.5113
1429,in-line-with:phrase,"in line with","phrase",,3.60,520,2624,1,3.5116
1430,send-in:phrase,"send in","phrase",,3.60,521,974,1,3.5117
1431,send-out-for:phrase,"send out for","phrase",,3.60,521,2069,1,3.5117
1432,submission:noun,"submission","noun",,3.10,15459,1959,,3.5125
1433,beverage:noun,"beverage","noun",,3.00,14798,1961,,3.5131
1434,along-with:phrase,"along with","phrase",,3.60,531,1727,1,3.5133
1435,come-along:phrase,"come along","phrase",,3.60,531,2921,1,3.5133
1436,pebble:noun,"pebble","noun",B2,3.00,18627,1962,,3.5133
1437,disappearance:noun,"disappearance","noun",B2,3.00,7141,1963,,3.5136
1438,kernel:noun,"kernel","noun",,3.43,30497,1964,,3.5138
1439,in-order-to:phrase,"in order to","phrase",,3.60,541,97,1,3.5148
1440,in-order:phrase,"in order","phrase",,3.60,541,1954,1,3.5148
1441,in-fact:phrase,"in fact","phrase",,3.60,543,1402,1,3.5151
1442,emission:noun,"emission","noun",,3.43,31213,1970,,3.5154
1443,presumably:adverb,"presumably","adverb",B2,3.00,10149,1973,,3.5162
1444,pick-through:phrase,"pick through","phrase",,3.60,552,2094,1,3.5165
1445,pick-over:phrase,"pick over","phrase",,3.60,552,2397,1,3.5165
1446,lose-out-to:phrase,"lose out to","phrase",,3.60,557,1399,1,3.5172
1447,diagnosis:noun,"diagnosis","noun",,3.00,7918,1977,,3.5172
1448,sort-out:phrase,"sort out","phrase",,3.60,562,1904,1,3.5179
1449,exclusion:noun,"exclusion","noun",B2,3.00,29521,1983,,3.5188
1450,lengthen:verb,"lengthen","verb",B2,3.00,42107,1988,,3.5201
1451,expenditure:noun,"expenditure","noun",,3.43,29989,1993,,3.5214
1452,fascination:noun,"fascination","noun",B2,3.00,15441,1994,,3.5217
1453,bachelor:noun,"bachelor","noun",,3.00,5368,1996,,3.5222
1454,in-the-red:phrase,"in the red","phrase",,3.60,595,184,1,3.5226
1455,get-past:phrasal-verb,"get past","phrasal verb",,3.60,596,173,1,3.5227
1456,stay-in-touch-with:phrase,"stay in touch with","phrase",,3.60,600,2215,1,3.5233
1457,affectionate:adjective,"affectionate","adjective",B2,3.00,14297,2002,,3.5238
1458,win-over:phrase,"win over","phrase",,3.60,607,2537,1,3.5242
1459,novelty:noun,"novelty","noun",B2,3.00,14969,2006,,3.5248
1460,drive-off:phrase,"drive off","phrase",,3.60,612,1586,1,3.5249
1461,litter:noun,"litter","noun",B2,3.00,10346,2007,,3.5251
1462,jack-up:phrase,"jack up","phrase",,3.60,614,1070,1,3.5252
1463,air-out:phrase,"air out","phrase",,3.60,619,881,1,3.5258
1464,velocity:noun,"velocity","noun",,3.00,12001,2011,,3.5261
1465,out-in-the-cold:phrase,"out in the cold","phrase",,3.60,625,547,1,3.5266
1466,aerospace:noun,"aerospace","noun",,3.43,29604,2013,,3.5267
1467,anguish:noun,"anguish","noun",B2,3.00,12370,2014,,3.5269
1468,in-other-words:phrase,"in other words","phrase",,3.60,628,481,1,3.5270
1469,philosophical:adjective,"philosophical","adjective",B2,3.00,15419,2015,,3.5272
1470,hang-on:phrasal-verb,"Hang on","phrasal verb",,3.60,631,67,1,3.5274
1471,hang-around:phrase,"hang around","phrase",,3.60,631,1277,1,3.5274
1472,hang-on-to:phrase,"hang on to","phrase",,3.60,631,2056,1,3.5274
1473,hang-out:phrase,"hang out","phrase",,3.60,631,2512,1,3.5274
1474,hang-up:phrase,"hang up","phrase",,3.60,631,3141,1,3.5274
1475,catch-on:phrase,"catch on","phrase",,3.60,636,1978,1,3.5281
1476,catch-up:phrase,"catch up","phrase",,3.60,636,3041,1,3.5281
1477,lie-on:phrase,"lie on","phrase",,3.60,640,375,1,3.5286
1478,eruption:noun,"eruption","noun",B2,3.00,14918,2023,,3.5293
1479,sign-up:phrase,"sign up","phrase",,3.60,651,2750,1,3.5300
1480,bewilder:verb,"bewilder","verb",B2,3.00,,2026,,3.5301
1481,spine:noun,"spine","noun",,3.00,7227,2027,,3.5303
1482,lawsuit:noun,"lawsuit","noun",B2,3.00,7237,2028,,3.5306
1483,no-longer:phrase,"no longer","phrase",,3.60,657,285,1,3.5307
1484,pull-over:phrase,"pull over","phrase",,3.60,663,211,1,3.5315
1485,pull-through:phrase,"pull through","phrase",,3.60,663,955,1,3.5315
1486,pull-in:phrase,"pull in","phrase",,3.60,663,2200,1,3.5315
1487,nationwide:adjective,"nationwide","adjective",B2,3.00,16952,2035,,3.5324
1488,to-date:phrase,"to date","phrase",,3.60,671,2129,1,3.5324
1489,out-of-date:phrase,"out of date","phrase",,3.60,671,3434,1,3.5324
1490,fall-back-on:phrase,"fall back on","phrase",,3.60,673,254,1,3.5327
1491,fall-in-with:phrase,"fall in with","phrase",,3.60,673,416,1,3.5327
1492,fall-away:phrase,"fall away","phrase",,3.60,673,1533,1,3.5327
1493,fall-off:phrase,"fall off","phrase",,3.60,673,1664,1,3.5327
1494,fall-under:phrase,"fall under","phrase",,3.60,673,2064,1,3.5327
1495,fall-into:phrase,"fall into","phrase",,3.60,673,2838,1,3.5327
1496,fall-through:phrase,"fall through","phrase",,3.60,673,2871,1,3.5327
1497,at-fault:phrase,"at fault","phrase",,3.60,676,1540,1,3.5330
1498,endorse:verb,"endorse","verb",B2,3.00,19113,2043,,3.5345
1499,drop-off:phrase,"drop off","phrase",,3.60,689,1559,1,3.5346
1500,drop-back:phrase,"drop back","phrase",,3.60,689,1822,1,3.5346
1501,drop-by:phrase,"drop by","phrase",,3.60,689,1856,1,3.5346
1502,step-down:phrase,"step down","phrase",,3.60,692,1264,1,3.5350
1503,not-absolutely:adverb,"not absolutely","adverb",,3.60,693,885,1,3.5351
1504,clean-cut:adjective,"clean cut","adjective",,3.60,696,2318,1,3.5354
1505,throw-off:phrase,"throw off","phrase",,3.60,699,2236,1,3.5358
1506,throw-up:phrase,"throw up","phrase",,3.60,699,3327,1,3.5358
1507,breach:noun,"breach","noun",,3.00,5869,2048,,3.5358
1508,speaking-of-which:phrase,"speaking of which","phrase",,3.60,705,1302,1,3.5365
1509,figure-out:phrase,"figure out","phrase",,3.60,714,3110,1,3.5375
1510,act-up:phrasal-verb,"act up","phrasal verb",,3.60,722,162,1,3.5384
1511,act-on:phrase,"act on","phrase",,3.60,722,2657,1,3.5384
1512,spouse:noun,"spouse","noun",,3.00,12711,2058,,3.5384
1513,pass-over:phrase,"pass over","phrase",,3.60,741,346,1,3.5406
1514,pass-off:phrase,"pass off","phrase",,3.60,741,414,1,3.5406
1515,pass-for:phrase,"pass for","phrase",,3.60,741,422,1,3.5406
1516,pass-on:phrase,"pass on","phrase",,3.60,741,521,1,3.5406
1517,pass-through:phrase,"pass through","phrase",,3.60,741,543,1,3.5406
1518,pass-out:phrase,"pass out","phrase",,3.60,741,2325,1,3.5406
1519,stammer:verb,"stammer","verb",B2,3.00,33561,2067,,3.5408
1520,finish-off:phrase,"finish off","phrase",,3.60,754,2113,1,3.5420
1521,adverse:adjective,"adverse","adjective",B2,3.00,22776,2074,,3.5426
1522,sell-out:phrase,"sell out","phrase",,3.60,761,1913,1,3.5427
1523,coalition:noun,"coalition","noun",B2,3.00,13274,2077,,3.5434
1524,barren:adjective,"barren","adjective",B2,3.00,11819,2078,,3.5437
1525,from-hand-to-mouth:phrase,"from hand to mouth","phrase",,3.60,771,488,1,3.5438
1526,clarity:noun,"clarity","noun",,3.00,10489,2082,,3.5447
1527,wear-off:phrase,"wear off","phrase",,3.60,789,3045,1,3.5457
1528,compile:verb,"compile","verb",B2,3.00,31317,2086,,3.5458
1529,round-and-round:phrase,"round and round","phrase",,3.60,796,607,1,3.5464
1530,round-up:phrase,"round up","phrase",,3.60,796,2465,1,3.5464
1531,entrepreneur:noun,"entrepreneur","noun",B2,3.00,14747,2091,,3.5471
1532,compassion:noun,"compassion","noun",B2,3.00,6655,2095,,3.5481
1533,recipient:noun,"recipient","noun",,3.10,17762,2096,,3.5484
1534,aspire:verb,"aspire","verb",B2,3.00,20222,2097,,3.5486
1535,across-from:phrase,"across from","phrase",,3.60,818,2008,1,3.5486
1536,come-across:phrase,"come across","phrase",,3.60,818,3213,1,3.5486
1537,galaxy:noun,"galaxy","noun",,3.00,4511,2099,,3.5492
1538,humidity:noun,"humidity","noun",,3.10,16821,2103,,3.5502
1539,relevance:noun,"relevance","noun",,3.10,16168,2104,,3.5505
1540,judicial:adjective,"judicial","adjective",,3.00,14882,2105,,3.5507
1541,integrate:verb,"integrate","verb",B2,3.00,23757,2108,,3.5515
1542,coincidence:noun,"coincidence","noun",B2,3.00,2732,2109,,3.5518
1543,force-down:phrase,"force down","phrase",,3.60,861,1871,1,3.5528
1544,in-short:phrase,"in short","phrase",,3.60,862,1076,1,3.5529
1545,count-on:phrase,"count on","phrase",,3.60,872,1400,1,3.5539
1546,count-for:phrase,"count for","phrase",,3.60,872,2079,1,3.5539
1547,bully:noun,"bully","noun",B2,3.00,5387,2118,,3.5541
1548,migration:noun,"migration","noun",B2,3.00,16892,2119,,3.5544
1549,compress:verb,"compress","verb",B2,3.00,24530,2121,,3.5549
1550,fish-for:phrase,"fish for","phrase",,3.60,888,582,1,3.5554
1551,aging:noun,"aging","noun",,3.00,12049,2124,,3.5557
1552,irrational:adjective,"irrational","adjective",B2,3.00,11736,2125,,3.5560
1553,fell-for:phrasal-verb,"fell for","phrasal verb",,3.60,896,141,1,3.5561
1554,cover-for:phrase,"cover for","phrase",,3.60,897,766,1,3.5562
1555,congressional:adjective,"congressional","adjective",,3.10,16495,2128,,3.5567
1556,stick-up:phrase,"stick up","phrase",,3.60,908,1144,1,3.5572
1557,stick-with:phrase,"stick with","phrase",,3.60,908,1444,1,3.5572
1558,stick-to:phrase,"stick to","phrase",,3.60,908,1689,1,3.5572
1559,stick-up-for:phrase,"stick up for","phrase",,3.60,908,1936,1,3.5572
1560,stick-around:phrase,"stick around","phrase",,3.60,908,2476,1,3.5572
1561,authentic:adjective,"authentic","adjective",,3.00,7890,2132,,3.5578
1562,bank-on:phrase,"bank on","phrase",,3.60,917,708,1,3.5580
1563,enroll:verb,"enroll","verb",B2,3.00,22887,2133,,3.5581
1564,contributor:noun,"contributor","noun",,3.43,36588,2136,,3.5588
1565,botany:noun,"botany","noun",B2,3.00,27217,2138,,3.5594
1566,blow-in:phrase,"blow in","phrase",,3.60,939,574,1,3.5599
1567,audit:noun,"audit","noun",B2,3.00,15172,2142,,3.5604
1568,rite:noun,"rite","noun",B2,3.00,13289,2145,,3.5612
1569,yearn:verb,"yearn","verb",B2,3.00,18124,2148,,3.5620
1570,subside:verb,"subside","verb",B2,3.00,33252,2149,,3.5622
1571,sneak:verb,"sneak","verb",B2,3.00,3648,2150,,3.5625
1572,to-be-honest:phrase,"to be honest","phrase",,3.60,971,2090,1,3.5627
1573,custody:noun,"custody","noun",,3.00,2705,2151,,3.5628
1574,retailer:noun,"retailer","noun",B2,3.00,39966,2152,,3.5630
1575,notify:verb,"notify","verb",,3.00,7216,2155,,3.5638
1576,anatomy:noun,"anatomy","noun",,3.00,10514,2160,,3.5651
1577,array:verb,"array","verb",,3.00,11876,2161,,3.5654
1578,far-cry-from:phrase,"far cry from","phrase",,3.60,1005,967,1,3.5655
1579,sniff:verb,"sniff","verb",B2,3.00,8707,2163,,3.5659
1580,carry-off:phrase,"carry off","phrase",,3.60,1019,597,1,3.5666
1581,carry-through:phrase,"carry through","phrase",,3.60,1019,1912,1,3.5666
1582,carry-out:phrase,"carry out","phrase",,3.60,1019,3387,1,3.5666
1583,dynamics:noun,"dynamics","noun",,3.10,18031,2166,,3.5667
1584,portfolio:noun,"portfolio","noun",,3.00,13623,2167,,3.5669
1585,gulp:verb,"gulp","verb",B2,3.00,17903,2168,,3.5672
1586,redundant:adjective,"redundant","adjective",B2,3.00,18392,2169,,3.5675
1587,reinforcement:noun,"reinforcement","noun",B2,3.00,23625,2170,,3.5677
1588,eloquence:noun,"eloquence","noun",B2,3.00,34330,2171,,3.5680
1589,consistency:noun,"consistency","noun",,3.10,18685,2172,,3.5683
1590,adolescent:noun,"adolescent","noun",,3.10,16533,2173,,3.5685
1591,exotic:adjective,"exotic","adjective",B2,3.00,6960,2174,,3.5688
1592,plaintiff:noun,"plaintiff","noun",,3.00,13781,2177,,3.5696
1593,push-through:phrase,"push through","phrase",,3.60,1065,2059,1,3.5702
1594,vulnerable:adjective,"vulnerable","adjective",,3.00,4491,2180,,3.5703
1595,query:noun,"query","noun",B2,3.00,27622,2181,,3.5706
1596,worship:noun,"worship","noun",B2,3.00,5036,2183,,3.5711
1597,bear-down:phrase,"bear down","phrase",,3.60,1077,1202,1,3.5711
1598,integrated:adjective,"integrated","adjective",B2,3.00,17816,2186,,3.5719
1599,wind-up:phrase,"wind up","phrase",,3.60,1088,888,1,3.5720
1600,composite:adjective,"composite","adjective",,3.10,20461,2187,,3.5722
1601,explicit:adjective,"explicit","adjective",,3.10,17640,2191,,3.5732
1602,coherent:adjective,"coherent","adjective",B2,3.00,23524,2193,,3.5737
1603,jump-at:phrase,"jump at","phrase",,3.60,1116,2846,1,3.5741
1604,knock-down:phrasal-verb,"knock down","phrasal verb",,3.60,1119,150,1,3.5743
1605,grow-into:phrase,"grow into","phrase",,3.60,1122,1575,1,3.5745
1606,grow-out-of:phrase,"grow out of","phrase",,3.60,1122,2122,1,3.5745
1607,toxic:adjective,"toxic","adjective",B2,3.00,6100,2198,,3.5751
1608,as-it-turns-out:phrase,"as it turns out","phrase",,3.60,1140,2654,1,3.5758
1609,sneer:verb,"sneer","verb",B2,3.00,32671,2204,,3.5766
1610,prosecute:verb,"prosecute","verb",B2,3.00,10875,2205,,3.5769
1611,assault:noun,"assault","noun",B2,3.00,2893,2206,,3.5772
1612,dilemma:noun,"dilemma","noun",B2,3.00,10846,2207,,3.5774
1613,equity:noun,"equity","noun",B2,3.00,17342,2209,,3.5779
1614,hit-the-books:phrase,"hit the books","phrase",,3.60,1172,2817,1,3.5781
1615,statute:noun,"statute","noun",,3.00,14306,2211,,3.5785
1616,entity:noun,"entity","noun",,3.00,12978,2212,,3.5787
1617,fit-into:phrase,"fit into","phrase",,3.60,1184,1208,1,3.5789
1618,fit-in:phrase,"fit in","phrase",,3.60,1184,1496,1,3.5789
1619,fall-out-of-favor-with:phrase,"fall out of favor with","phrase",,3.60,1186,2577,1,3.5790
1620,to-begin-with:phrase,"to begin with","phrase",,3.60,1193,1230,1,3.5795
1621,allow-for:phrase,"allow for","phrase",,3.60,1206,1650,1,3.5804
1622,fall-apart:phrase,"fall apart","phrase",,3.60,1211,322,1,3.5807
1623,kick-off:phrase,"kick off","phrase",,3.60,1237,1645,1,3.5825
1624,kick-around:phrase,"kick around","phrase",,3.60,1237,2327,1,3.5825
1625,cross-out:phrase,"cross out","phrase",,3.60,1239,1326,1,3.5826
1626,cross-over:phrase,"cross over","phrase",,3.60,1239,3031,1,3.5826
1627,burglary:noun,"burglary","noun",B2,3.00,9532,2227,,3.5826
1628,segment:noun,"segment","noun",B2,3.00,12930,2231,,3.5837
1629,build-up:phrase,"build up","phrase",,3.60,1264,879,1,3.5842
1630,quote:noun,"quote","noun",B2,3.00,4794,2234,,3.5845
1631,track-down:phrase,"track down","phrase",,3.60,1268,920,1,3.5845
1632,lock-up:noun,"lock up","noun",,3.60,1270,2020,1,3.5846
1633,lock-in:phrase,"lock in","phrase",,3.60,1270,2688,1,3.5846
1634,warehouse:noun,"warehouse","noun",,3.00,3872,2237,,3.5853
1635,burn-out:phrase,"burn out","phrase",,3.60,1290,2393,1,3.5859
1636,roll-up:phrase,"roll up","phrase",,3.60,1294,1314,1,3.5862
1637,in-danger-of:phrase,"in danger of","phrase",,3.60,1297,1719,1,3.5863
1638,level-off:phrase,"level off","phrase",,3.60,1300,2786,1,3.5865
1639,pop-up:phrase,"pop up","phrase",,3.60,1323,460,1,3.5880
1640,dignify:verb,"dignify","verb",B2,3.00,34760,2249,,3.5884
1641,lay-off:phrasal-verb,"lay off","phrasal verb",,3.60,1370,157,1,3.5908
1642,lay-down:phrase,"lay down","phrase",,3.60,1370,1024,1,3.5908
1643,military-service:noun,"military service","noun",,3.60,1384,2964,1,3.5917
1644,vomit:verb,"vomit","verb",B2,3.00,7405,2265,,3.5926
1645,obsess:verb,"obsess","verb",B2,3.00,27835,2266,,3.5928
1646,just-around-the-corner:phrase,"just around the corner","phrase",,3.60,1413,1677,1,3.5934
1647,due-to:phrase,"due to","phrase",,3.60,1417,1389,1,3.5936
1648,revenue:noun,"revenue","noun",B2,3.00,10652,2269,,3.5936
1649,medication:noun,"medication","noun",B2,3.00,4189,2273,,3.5947
1650,gauge:noun,"gauge","noun",,3.00,13064,2274,,3.5949
1651,slaughter:noun,"slaughter","noun",B2,3.00,6766,2275,,3.5952
1652,traverse:verb,"traverse","verb",B2,3.00,31096,2276,,3.5955
1653,beyond-question:phrase,"beyond question","phrase",,3.60,1454,1155,1,3.5957
1654,rule-out:phrase,"rule out","phrase",,3.60,1455,675,1,3.5957
1655,rusty:adjective,"rusty","adjective",B2,3.00,4826,2278,,3.5960
1656,agonize:verb,"agonize","verb",B2,3.00,,2280,,3.5965
1657,file-a-suit:phrase,"file a suit","phrase",,3.60,1469,1675,1,3.5965
1658,presidency:noun,"presidency","noun",B2,3.00,12858,2281,,3.5968
1659,pack-up:phrase,"pack up","phrase",,3.60,1537,2932,1,3.6002
1660,contaminate:verb,"contaminate","verb",B2,3.00,25331,2295,,3.6004
1661,feed-on:phrase,"feed on","phrase",,3.60,1563,558,1,3.6016
1662,feed-off:phrase,"feed off","phrase",,3.60,1563,589,1,3.6016
1663,ongoing:adjective,"ongoing","adjective",,3.00,9614,2302,,3.6023
1664,fill-out:phrase,"fill out","phrase",,3.60,1594,2044,1,3.6032
1665,out-of-nowhere:phrase,"out of nowhere","phrase",,3.60,1598,2192,1,3.6034
1666,analogy:noun,"analogy","noun",B2,3.00,17416,2307,,3.6036
1667,pick-up-the-pieces:phrase,"pick up the pieces","phrase",,3.60,1615,641,1,3.6043
1668,exalt:verb,"exalt","verb",B2,3.00,,2310,,3.6044
1669,integrity:noun,"integrity","noun",,3.00,6231,2311,,3.6046
1670,wash-away:phrase,"wash away","phrase",,3.60,1635,1056,1,3.6053
1671,attainment:noun,"attainment","noun",B2,3.00,,2314,,3.6054
1672,lift-off:phrase,"lift off","phrase",,3.60,1647,1384,1,3.6059
1673,afford-to:verb-phrase,"afford to","verb phrase",,3.60,1656,107,1,3.6063
1674,go-nuts:phrase,"go nuts","phrase",,3.60,1667,491,1,3.6069
1675,tie-up:phrase,"tie up","phrase",,3.60,1673,2333,1,3.6072
1676,tickle:verb,"tickle","verb",B2,3.00,8849,2321,,3.6072
1677,allegation:noun,"allegation","noun",B2,3.00,20404,2322,,3.6075
1678,delicacy:noun,"delicacy","noun",B2,3.00,15548,2323,,3.6078
1679,make-ends-meet:phrase,"make ends meet","phrase",,3.60,1698,2315,1,3.6084
1680,tug:verb,"tug","verb",B2,3.00,11961,2328,,3.6091
1681,settle-up:phrase,"settle up","phrase",,3.60,1719,2261,1,3.6094
1682,rouge:noun,"rouge","noun",,3.00,11724,2331,,3.6099
1683,sulfur:noun,"sulfur","noun",B2,3.00,18170,2332,,3.6101
1684,split-up:phrase,"split up","phrase",,3.60,1745,2098,1,3.6106
1685,add-up-to:phrase,"add up to","phrase",,3.60,1748,2267,1,3.6108
1686,testimony:noun,"testimony","noun",B2,3.00,3896,2335,,3.6109
1687,have-access-to:phrase,"have access to","phrase",,3.60,1764,2289,1,3.6115
1688,compatible:adjective,"compatible","adjective",B2,3.00,13982,2339,,3.6119
1689,aboriginal:adjective,"aboriginal","adjective",B2,3.00,30384,2340,,3.6122
1690,shake-up:phrase,"shake up","phrase",,3.60,1790,2345,1,3.6127
1691,finite:adjective,"finite","adjective",,3.43,25966,2342,,3.6127
1692,get-wet-to-the-skin:phrase,"get wet to the skin","phrase",,3.60,1813,624,1,3.6137
1693,blur:noun,"blur","noun",B2,3.00,11534,2346,,3.6138
1694,hierarchy:noun,"hierarchy","noun",,3.10,17476,2348,,3.6143
1695,by-contract:phrase,"by contract","phrase",,3.60,1827,1305,1,3.6144
1696,decimal:noun,"decimal","noun",,3.43,29692,2349,,3.6146
1697,trade-in:phrase,"trade in","phrase",,3.60,1835,1443,1,3.6147
1698,par:noun,"par","noun",,3.00,11709,2350,,3.6148
1699,laptop:noun,"laptop","noun",B2,3.00,5310,2351,,3.6151
1700,aviation:noun,"aviation","noun",,3.10,16149,2352,,3.6153
1701,spring-from:phrase,"spring from","phrase",,3.60,1859,1162,1,3.6158
1702,all-ears:phrase,"all ears","phrase",,3.60,1861,335,1,3.6159
1703,transcript:noun,"transcript","noun",B2,3.00,10929,2356,,3.6164
1704,subject-to:phrase,"subject to","phrase",,3.60,1884,2313,1,3.6169
1705,desperation:noun,"desperation","noun",B2,3.00,11316,2358,,3.6169
1706,speak-ill-of:phrase,"speak ill of","phrase",,3.60,1887,569,1,3.6170
1707,in-the-mood-for:phrase,"in the mood for","phrase",,3.60,1889,898,1,3.6171
1708,be-likely-to:phrase,"be likely to","phrase",,3.60,1899,2908,1,3.6175
1709,ambiguous:adjective,"ambiguous","adjective",B2,3.00,21775,2361,,3.6177
1710,rough-up:phrase,"rough up","phrase",,3.60,1910,223,1,3.6180
1711,facilitate:verb,"facilitate","verb",B2,3.00,20444,2363,,3.6182
1712,addiction:noun,"addiction","noun",B2,3.00,7894,2365,,3.6187
1713,strangle:verb,"strangle","verb",B2,3.00,8910,2368,,3.6195
1714,crash-down:phrase,"crash down","phrase",,3.60,1964,2110,1,3.6203
1715,supervisor:noun,"supervisor","noun",B2,3.00,6535,2371,,3.6203
1716,break-into-tears:phrase,"break into tears","phrase",,3.60,1983,204,1,3.6211
1717,out-of-the-woods:phrase,"out of the woods","phrase",,3.60,2000,479,1,3.6218
1718,in-particular:phrase,"in particular","phrase",,3.60,2019,2413,1,3.6225
1719,tribal:adjective,"tribal","adjective",,3.00,5889,2380,,3.6227
1720,land-a-with-b:phrase,"land A with B","phrase",,3.60,2028,483,1,3.6229
1721,issue-a-to-b:phrase,"issue A to B","phrase",,3.60,2028,487,1,3.6229
1722,keep-a-away-from-b:phrase,"keep A away from B","phrase",,3.60,2028,1984,1,3.6229
1723,keep-a-out-of-b:phrase,"keep A out of B","phrase",,3.60,2028,2387,1,3.6229
1724,distance-a-from-b:phrase,"distance A from B","phrase",,3.60,2028,2562,1,3.6229
1725,match-a-with-b:phrase,"match A with B","phrase",,3.60,2028,2865,1,3.6229
1726,on-the-rise:phrase,"on the rise","phrase",,3.60,2040,1711,1,3.6234
1727,give-rise-to:phrase,"give rise to","phrase",,3.60,2040,2690,1,3.6234
1728,relic:noun,"relic","noun",B2,3.00,12328,2383,,3.6235
1729,aerial:adjective,"aerial","adjective",,3.00,11966,2385,,3.6240
1730,grant-a-to-b:phrase,"grant A to B","phrase",,3.60,2061,1709,1,3.6242
1731,saving-account:noun,"saving account","noun",,3.60,2062,2900,1,3.6243
1732,public-official:noun,"public official","noun",,3.60,2075,1462,1,3.6248
1733,role-model:phrase,"role model","phrase",,3.60,2080,1775,1,3.6250
1734,nourishment:noun,"nourishment","noun",B2,3.00,21621,2389,,3.6250
1735,donor:noun,"donor","noun",,3.00,6747,2390,,3.6253
1736,underlying:adjective,"underlying","adjective",,3.10,16750,2392,,3.6258
1737,humiliate:verb,"humiliate","verb",B2,3.00,9013,2394,,3.6263
1738,merge:verb,"merge","verb",B2,3.00,11637,2398,,3.6274
1739,crack-up:phrase,"crack up","phrase",,3.60,2145,2550,1,3.6275
1740,parish:noun,"parish","noun",,3.00,7718,2401,,3.6282
1741,set-aside:phrase,"set aside","phrase",,3.60,2171,2491,1,3.6285
1742,validity:noun,"validity","noun",,3.43,27143,2404,,3.6290
1743,paid-vacation:noun,"paid vacation","noun",,3.60,2184,2981,1,3.6290
1744,norm:noun,"norm","noun",,3.00,7730,2405,,3.6292
1745,vendor:noun,"vendor","noun",,3.10,15291,2406,,3.6295
1746,at-face-value:adverbial-phrase,"at face value","adverbial phrase",,3.60,2205,161,1,3.6298
1747,diabetes:noun,"diabetes","noun",,3.00,10020,2408,,3.6300
1748,iron-out:phrase,"iron out","phrase",,3.60,2213,807,1,3.6301
1749,momentum:noun,"momentum","noun",,3.00,11448,2409,,3.6303
1750,take-pride-in:phrase,"take pride in","phrase",,3.60,2222,1681,1,3.6304
1751,opt:verb,"opt","verb",,3.43,28961,2410,,3.6305
1752,chunk:noun,"chunk","noun",B2,3.00,10909,2411,,3.6308
1753,be-laid-up:phrase,"be laid up","phrase",,3.60,2249,1974,1,3.6314
1754,manipulate:verb,"manipulate","verb",B2,3.00,8830,2414,,3.6316
1755,edge-out:phrase,"edge out","phrase",,3.60,2277,1008,1,3.6324
1756,immune:adjective,"immune","adjective",,3.00,7775,2419,,3.6329
1757,tip-over:phrase,"tip over","phrase",,3.60,2297,2903,1,3.6331
1758,inventory:noun,"inventory","noun",,3.00,8181,2421,,3.6334
1759,cast-off:phrase,"cast off","phrase",,3.60,2318,514,1,3.6338
1760,cast-away:phrase,"cast away","phrase",,3.60,2318,706,1,3.6338
1761,reminder:noun,"reminder","noun",B2,3.00,7819,2424,,3.6342
1762,tear-off:phrase,"tear off","phrase",,3.60,2345,847,1,3.6348
1763,tear-down:phrase,"tear down","phrase",,3.60,2345,3055,1,3.6348
1764,squad:noun,"squad","noun",B2,3.00,2522,2429,,3.6355
1765,in-exchange:phrase,"in exchange","phrase",,3.60,2372,525,1,3.6357
1766,drag-on:phrase,"drag on","phrase",,3.60,2380,366,1,3.6360
1767,legislature:noun,"legislature","noun",B2,3.00,25844,2431,,3.6360
1768,respondent:noun,"respondent","noun",,3.44,48749,2434,,3.6368
1769,racism:noun,"racism","noun",B2,3.00,13633,2436,,3.6373
1770,infrastructure:noun,"infrastructure","noun",,3.00,14560,2437,,3.6376
1771,a-range-of:phrase,"a range of","phrase",,3.60,2441,1475,1,3.6381
1772,a-wide-range-of:phrase,"a wide range of","phrase",,3.60,2441,3402,1,3.6381
1773,behavioral:adjective,"behavioral","adjective",,3.10,18585,2439,,3.6381
1774,synonym:noun,"synonym","noun",B2,3.00,,2441,,3.6386
1775,verify:verb,"verify","verb",,3.00,8346,2443,,3.6392
1776,gorge:noun,"gorge","noun",B2,3.00,15828,2444,,3.6394
1777,cult:noun,"cult","noun",,3.00,6518,2445,,3.6397
1778,ramp:noun,"ramp","noun",B2,3.00,10462,2448,,3.6405
1779,real-estate:noun,"real estate","noun",B2,3.60,2560,2220,1,3.6420
1780,as-it-stands:phrase,"as it stands","phrase",,3.60,2666,1324,1,3.6453
1781,consolation:noun,"consolation","noun",B2,3.00,9217,2467,,3.6454
1782,slip-of-the-tongue:phrase,"slip of the tongue","phrase",,3.60,2672,1158,1,3.6455
1783,slip-by:phrase,"slip by","phrase",,3.60,2672,1808,1,3.6455
1784,slip-up:phrase,"slip up","phrase",,3.60,2672,2303,1,3.6455
1785,distortion:noun,"distortion","noun",B2,3.00,18733,2469,,3.6460
1786,intend-to:verb-phrase,"intend to","verb phrase",,3.60,2701,142,1,3.6464
1787,bow-out:phrase,"bow out","phrase",,3.60,2723,686,1,3.6470
1788,in-advance:phrase,"in advance","phrase",,3.60,2748,1788,1,3.6478
1789,excerpt:noun,"excerpt","noun",,3.44,,2481,,3.6491
1790,dish-out:phrase,"dish out","phrase",,3.60,2796,508,1,3.6492
1791,be-bound-up-with:phrase,"be bound up with","phrase",,3.60,2811,745,1,3.6496
1792,bowl-over:phrase,"bowl over","phrase",,3.60,2843,703,1,3.6505
1793,the-lion-s-share:noun,"the lion's share","noun",,3.60,2889,398,1,3.6519
1794,rise-and-shine:phrase,"rise and shine","phrase",,3.60,2892,202,1,3.6519
1795,gravestone:noun,"gravestone","noun",B2,3.00,30160,2493,,3.6522
1796,on-balance:phrase,"on balance","phrase",,3.60,2922,2366,1,3.6528
1797,chronic:adjective,"chronic","adjective",,3.00,10570,2496,,3.6530
1798,blast-off:phrase,"blast off","phrase",,3.60,2945,1521,1,3.6534
1799,exempt:verb,"exempt","verb",,3.43,24230,2499,,3.6538
1800,cave-in:phrase,"cave in","phrase",,3.60,3000,3425,1,3.6549
1801,experiment-with:phrase,"experiment with","phrase",,3.60,3039,1605,1,3.6560
1802,cheat-on:phrase,"cheat on","phrase",,3.60,3044,998,1,3.6561
1803,transfusion:noun,"transfusion","noun",B2,3.00,16755,2510,,3.6567
1804,hygiene:noun,"hygiene","noun",B2,3.00,12980,2511,,3.6569
1805,duplicate:verb,"duplicate","verb",B2,3.00,12565,2513,,3.6575
1806,scratch-out:phrase,"scratch out","phrase",,3.60,3107,1781,1,3.6578
1807,ecstatic:adjective,"ecstatic","adjective",B2,3.00,15855,2515,,3.6580
1808,commemorate:verb,"commemorate","verb",B2,3.00,21614,2517,,3.6585
1809,buck-for:phrase,"buck for","phrase",,3.60,3138,726,1,3.6586
1810,droop:verb,"droop","verb",B2,3.00,43568,2518,,3.6588
1811,in-response-to:phrase,"in response to","phrase",,3.60,3148,311,1,3.6589
1812,identify-a-as-b:phrase,"identify A as B","phrase",,3.60,3177,1064,1,3.6596
1813,chip-in:phrase,"chip in","phrase",,3.60,3178,1648,1,3.6597
1814,aim-to:phrase,"aim to","phrase",,3.60,3252,1432,1,3.6615
1815,ill-at-ease:adjective,"ill at ease","adjective",,3.60,3266,609,1,3.6619
1816,ease-into:phrase,"ease into","phrase",,3.60,3266,2478,1,3.6619
1817,set-forth:phrase,"set forth","phrase",,3.60,3279,474,1,3.6622
1818,put-forth:phrase,"put forth","phrase",,3.60,3279,2743,1,3.6622
1819,tune-up:phrase,"tune up","phrase",,3.60,3292,2506,1,3.6625
1820,wrap-up:phrase,"wrap up","phrase",,3.60,3309,1661,1,3.6630
1821,benefit-from:phrase,"benefit from","phrase",,3.60,3335,3024,1,3.6636
1822,metro:noun,"metro","noun",,3.00,8119,2538,,3.6640
1823,hover:verb,"hover","verb",B2,3.00,18413,2539,,3.6643
1824,irresistible:adjective,"irresistible","adjective",B2,3.00,11221,2541,,3.6648
1825,prevent-a-from-b:phrase,"prevent A from B","phrase",,3.60,3386,2229,1,3.6648
1826,strip-a-of-b:phrase,"strip A of B","phrase",,3.60,3393,1165,1,3.6650
1827,predicate:noun,"predicate","noun",B2,3.00,,2543,,3.6653
1828,sink-in:phrase,"sink in","phrase",,3.60,3419,1365,1,3.6656
1829,distracted:adjective,"distracted","adjective",B2,3.00,5370,2546,,3.6661
1830,odds-and-ends:noun,"odds and ends","noun",,3.60,3465,886,1,3.6667
1831,smooth-over:phrase,"smooth over","phrase",,3.60,3502,1405,1,3.6676
1832,repress:verb,"repress","verb",B2,3.00,32942,2552,,3.6677
1833,take-offense-at:phrase,"take offense at","phrase",,3.60,3539,359,1,3.6685
1834,snap-out-of:phrase,"snap out of","phrase",,3.60,3542,691,1,3.6685
1835,shed-light-on:phrase,"shed light on","phrase",,3.60,3563,188,1,3.6690
1836,spectrum:noun,"spectrum","noun",,3.00,11916,2560,,3.6698
1837,superintendent:noun,"superintendent","noun",B2,3.00,6476,2561,,3.6700
1838,differential:adjective,"differential","adjective",,3.43,24239,2563,,3.6706
1839,contamination:noun,"contamination","noun",,3.10,16111,2565,,3.6711
1840,for-instance:phrase,"for instance","phrase",,3.60,3663,944,1,3.6713
1841,pin-down:phrase,"pin down","phrase",,3.60,3670,1195,1,3.6714
1842,coherence:noun,"coherence","noun",B2,3.00,,2567,,3.6716
1843,at-random:phrase,"at random","phrase",,3.60,3748,2047,1,3.6732
1844,matrix:noun,"matrix","noun",,3.00,9709,2574,,3.6734
1845,in-development:phrase,"in development","phrase",,3.60,3816,2294,1,3.6746
1846,aquatic:adjective,"aquatic","adjective",,3.43,26463,2581,,3.6753
1847,be-critical-of:phrase,"be critical of","phrase",,3.60,3891,2553,1,3.6762
1848,critical-of:phrase,"critical of","phrase",,3.60,3891,2992,1,3.6762
1849,branch-out:phrase,"branch out","phrase",,3.60,3905,992,1,3.6765
1850,branch-off:phrase,"branch off","phrase",,3.60,3905,1489,1,3.6765
1851,poultry:noun,"poultry","noun",,3.10,21468,2588,,3.6771
1852,down-payment:noun,"down payment","noun",,3.60,4000,1840,1,3.6785
1853,brush-off:phrase,"brush off","phrase",,3.60,4041,773,1,3.6793
1854,at-close-quarters:phrase,"at close quarters","phrase",,3.60,4047,560,1,3.6794
1855,weed-out:phrase,"weed out","phrase",,3.60,4080,305,1,3.6801
1856,wisdom-tooth:noun,"wisdom tooth","noun",,3.60,4089,2758,1,3.6803
1857,phase-out:phrasal-verb,"phase out","phrasal verb",,3.60,4216,169,1,3.6828
1858,infer:verb,"infer","verb",B2,3.00,31457,2612,,3.6834
1859,behind-the-scenes:phrase,"behind the scenes","phrase",,3.60,4352,1119,1,3.6854
1860,compassionate:adjective,"compassionate","adjective",B2,3.00,13705,2620,,3.6855
1861,footnote:noun,"footnote","noun",B2,3.00,34627,2623,,3.6863
1862,have-a-flat-tire:phrase,"have a flat tire","phrase",,3.60,4411,1051,1,3.6865
1863,outrageous:adjective,"outrageous","adjective",B2,3.00,6764,2625,,3.6868
1864,root-out:phrase,"root out","phrase",,3.60,4429,900,1,3.6868
1865,take-root:phrase,"take root","phrase",,3.60,4429,1062,1,3.6868
1866,conflict-with:phrase,"conflict with","phrase",,3.60,4433,2629,1,3.6869
1867,providence:noun,"providence","noun",,3.00,12015,2626,,3.6870
1868,register-for:phrase,"register for","phrase",,3.60,4453,2309,1,3.6873
1869,contradictory:adjective,"contradictory","adjective",B2,3.00,25521,2628,,3.6876
1870,detection:noun,"detection","noun",,3.00,14503,2630,,3.6881
1871,surgical:adjective,"surgical","adjective",,3.00,7691,2631,,3.6883
1872,inflammation:noun,"inflammation","noun",B2,3.00,20760,2632,,3.6886
1873,blood-vessel:noun,"blood vessel","noun",,3.60,4602,2147,1,3.6899
1874,tuition:noun,"tuition","noun",B2,3.00,9949,2639,,3.6904
1875,potent:adjective,"potent","adjective",B2,3.00,14499,2641,,3.6910
1876,rely-on:phrase,"rely on","phrase",,3.60,4670,1160,1,3.6911
1877,radius:noun,"radius","noun",,3.00,8345,2644,,3.6917
1878,application-form:noun,"application form","noun",,3.60,4760,2668,1,3.6927
1879,be-keen-to:phrase,"be keen to","phrase",,3.60,4768,1054,1,3.6928
1880,turn-pale:phrase,"turn pale","phrase",,3.60,4773,908,1,3.6929
1881,shoplift:verb,"shoplift","verb",B2,3.00,47368,2650,,3.6933
1882,bargain-for:phrase,"bargain for","phrase",,3.60,4796,784,1,3.6933
1883,boulevard:noun,"boulevard","noun",,3.00,10463,2651,,3.6936
1884,sum-up:phrase,"sum up","phrase",,3.60,4831,2701,1,3.6939
1885,drum-up:phrase,"drum up","phrase",,3.60,4854,456,1,3.6943
1886,petroleum:noun,"petroleum","noun",,3.10,19826,2663,,3.6967
1887,redeem:verb,"redeem","verb",,3.00,12628,2666,,3.6975
1888,adjacent:adjective,"adjacent","adjective",,3.10,18109,2669,,3.6983
1889,bondage:noun,"bondage","noun",,3.10,17117,2671,,3.6988
1890,in-the-concrete:phrase,"in the concrete","phrase",,3.60,5159,364,1,3.6993
1891,amplify:verb,"amplify","verb",B2,3.00,29978,2677,,3.7004
1892,down-the-drain:phrase,"down the drain","phrase",,3.60,5243,763,1,3.7006
1893,rule-of-thumb:noun,"rule of thumb","noun",,3.60,5262,410,1,3.7009
1894,associate-a-with-b:phrase,"associate A with B","phrase",,3.60,5308,2272,1,3.7016
1895,allocation:noun,"allocation","noun",,3.44,41033,2682,,3.7017
1896,void:adjective,"void","adjective",,3.00,7595,2686,,3.7027
1897,tide-over:phrase,"tide over","phrase",,3.60,5404,799,1,3.7031
1898,rebel-against:phrase,"rebel against","phrase",,3.60,5457,2494,1,3.7039
1899,reservoir:noun,"reservoir","noun",,3.00,13933,2694,,3.7048
1900,evacuate:verb,"evacuate","verb",B2,3.00,7092,2696,,3.7053
1901,crest:noun,"crest","noun",,3.00,12902,2698,,3.7059
1902,as-a-last-resort:phrase,"as a last resort","phrase",,3.60,5603,1211,1,3.7060
1903,periodic:adjective,"periodic","adjective",,3.43,25185,2704,,3.7074
1904,butler:noun,"butler","noun",,3.00,5382,2707,,3.7082
1905,annual-fee:noun,"annual fee","noun",,3.60,5906,2998,1,3.7104
1906,pay-regard-to:phrase,"pay regard to","phrase",,3.60,6018,287,1,3.7119
1907,flaw:noun,"flaw","noun",B2,3.00,10789,2723,,3.7124
1908,toxic-to:phrase,"toxic to","phrase",,3.60,6100,1309,1,3.7130
1909,regardless-of:phrase,"regardless of","phrase",,3.60,6133,1742,1,3.7134
1910,in-pursuit-of:phrase,"in pursuit of","phrase",,3.60,6216,2291,1,3.7145
1911,in-substance:adverbial-phrase,"in substance","adverbial phrase",,3.60,6358,181,1,3.7164
1912,pick-up-the-thread:phrase,"pick up the thread","phrase",,3.60,6362,796,1,3.7164
1913,cope-with:phrase,"cope with","phrase",,3.60,6390,3058,1,3.7168
1914,shelf-life:noun,"shelf life","noun",,3.60,6521,845,1,3.7185
1915,low-frequency:noun,"low frequency","noun",,3.60,6549,1554,1,3.7188
1916,invest-in:phrase,"invest in","phrase",,3.60,6577,2653,1,3.7192
1917,eclipse:noun,"eclipse","noun",,3.00,10646,2752,,3.7200
1918,heath:noun,"heath","noun",,3.00,11480,2753,,3.7203
1919,epic:noun,"epic","noun",,3.00,6847,2755,,3.7208
1920,law-enforcement:noun,"law enforcement","noun",,3.60,6750,2530,1,3.7213
1921,frugal:adjective,"frugal","adjective",B2,3.00,32630,2765,,3.7234
1922,cheeky:adjective,"cheeky","adjective",B2,3.00,9927,2770,,3.7247
1923,fabulous:adjective,"fabulous","adjective",B2,3.00,3801,2772,,3.7252
1924,cuisine:noun,"cuisine","noun",,3.00,11868,2774,,3.7258
1925,partition:noun,"partition","noun",,3.10,23697,2779,,3.7271
1926,erupt:verb,"erupt","verb",B2,3.00,22363,2784,,3.7284
1927,deceptive:adjective,"deceptive","adjective",B2,3.00,22895,2787,,3.7292
1928,mother-in-law:noun,"mother-in-law","noun",B2,3.60,7493,2053,1,3.7298
1929,designation:noun,"designation","noun",,3.43,31891,2790,,3.7299
1930,stink:verb,"stink","verb",B2,3.00,4556,2794,,3.7310
1931,thermal:adjective,"thermal","adjective",,3.00,11684,2795,,3.7313
1932,mimic:verb,"mimic","verb",B2,3.00,19477,2798,,3.7320
1933,merger:noun,"merger","noun",B2,3.00,12330,2803,,3.7333
1934,by-the-same-token:phrase,"by the same token","phrase",,3.60,7914,448,1,3.7343
1935,in-token-of:phrase,"in token of","phrase",,3.60,7914,714,1,3.7343
1936,scoop-up:phrase,"scoop up","phrase",,3.60,7932,312,1,3.7345
1937,holocaust:noun,"holocaust","noun",B2,3.00,14718,2808,,3.7347
1938,blend-in:phrase,"blend in","phrase",,3.60,8022,402,1,3.7354
1939,incur:verb,"incur","verb",B2,3.00,31990,2812,,3.7357
1940,donate-a-to-b:phrase,"donate A to B","phrase",,3.60,8073,2418,1,3.7359
1941,interim:noun,"interim","noun",,3.10,19989,2815,,3.7365
1942,bizarre:adjective,"bizarre","adjective",B2,3.00,6205,2822,,3.7383
1943,median:noun,"median","noun",,3.44,41597,2836,,3.7420
1944,lengthy:adjective,"lengthy","adjective",B2,3.00,22203,2839,,3.7428
1945,germ:noun,"germ","noun",B2,3.00,19957,2841,,3.7433
1946,boulder:noun,"boulder","noun",,3.00,13583,2843,,3.7438
1947,make-allowance-for:phrase,"make allowance for","phrase",,3.60,8972,545,1,3.7446
1948,thong:noun,"thong","noun",,3.10,15725,2850,,3.7456
1949,massacre:noun,"massacre","noun",B2,3.00,7771,2853,,3.7464
1950,contribute-to:phrase,"contribute to","phrase",,3.60,9233,2789,1,3.7469
1951,ponder:verb,"ponder","verb",B2,3.00,20302,2856,,3.7472
1952,lucrative:adjective,"lucrative","adjective",B2,3.00,15259,2857,,3.7475
1953,inborn:adjective,"inborn","adjective",B2,3.00,,2860,,3.7483
1954,all-thumbs:phrase,"all thumbs","phrase",,3.60,9400,1032,1,3.7484
1955,petty:adjective,"petty","adjective",B2,3.00,4324,2866,,3.7498
1956,sage:adjective,"sage","adjective",B2,3.00,8001,2867,,3.7501
1957,irrigation:noun,"irrigation","noun",,3.10,20806,2877,,3.7527
1958,tuition-fee:noun,"tuition fee","noun",,3.60,9949,303,1,3.7530
1959,to-excess:phrase,"to excess","phrase",,3.60,10317,532,1,3.7560
1960,in-excess:phrase,"in excess","phrase",,3.60,10317,1860,1,3.7560
1961,be-aimed-at:phrase,"be aimed at","phrase",,3.60,10484,1783,1,3.7573
1962,feat:noun,"feat","noun",B2,3.00,13085,2896,,3.7577
1963,depot:noun,"depot","noun",,3.00,10196,2897,,3.7579
1964,by-default:phrase,"by default","phrase",,3.60,10880,947,1,3.7603
1965,tumor:noun,"tumor","noun",B2,3.00,6406,2907,,3.7606
1966,stepfather:noun,"stepfather","noun",B2,3.00,10726,2909,,3.7611
1967,in-contrast:adverbial-phrase,"In contrast","adverbial phrase",,3.60,11123,83,1,3.7621
1968,ravage:verb,"ravage","verb",B2,3.00,36552,2916,,3.7629
1969,kidney:noun,"kidney","noun",,3.00,5183,2918,,3.7634
1970,protocol:noun,"protocol","noun",,3.00,5181,2925,,3.7653
1971,mediocre:adjective,"mediocre","adjective",B2,3.00,14689,2935,,3.7679
1972,transmit-a-to-b:phrase,"transmit A to B","phrase",,3.60,12164,1561,1,3.7695
1973,drought:noun,"drought","noun",B2,3.00,11948,2942,,3.7697
1974,spank:verb,"spank","verb",,3.00,12798,2943,,3.7700
1975,humane:adjective,"humane","adjective",B2,3.00,14875,2951,,3.7721
1976,nick:noun,"nick","noun",,3.00,1181,2954,,3.7728
1977,browse:verb,"browse","verb",B2,3.00,29452,2955,,3.7731
1978,tribunal:noun,"tribunal","noun",,3.00,13320,2957,,3.7736
1979,retrieve:verb,"retrieve","verb",B2,3.00,7921,2959,,3.7742
1980,glossary:noun,"glossary","noun",,3.44,,2961,,3.7747
1981,affiliate:verb,"affiliate","verb",,3.44,40660,2962,,3.7749
1982,compression:noun,"compression","noun",B2,3.00,19585,2963,,3.7752
1983,in-the-abstract:phrase,"in the abstract","phrase",,3.60,13067,838,1,3.7753
1984,coma:noun,"coma","noun",B2,3.00,4613,2972,,3.7776
1985,trance:noun,"trance","noun",,3.00,10685,2982,,3.7802
1986,consecutive:adjective,"consecutive","adjective",,3.10,17686,2983,,3.7804
1987,virtue:noun,"virtue","noun",B2,3.00,7236,2987,,3.7815
1988,legislator:noun,"legislator","noun",B2,3.00,,2989,,3.7820
1989,theology:noun,"theology","noun",,3.10,21613,2991,,3.7825
1990,mandate:noun,"mandate","noun",,3.10,17184,2993,,3.7831
1991,mentor:noun,"mentor","noun",B2,3.00,7639,2996,,3.7838
1992,inquire-after:phrase,"inquire after","phrase",,3.60,14628,761,1,3.7845
1993,articulate:verb,"articulate","verb",B2,3.00,18901,3000,,3.7849
1994,nominee:noun,"nominee","noun",B2,3.00,17466,3003,,3.7857
1995,indigenous:adjective,"indigenous","adjective",,3.10,15776,3005,,3.7862
1996,surveillance:noun,"surveillance","noun",B2,3.00,3180,3011,,3.7878
1997,eligible:adjective,"eligible","adjective",B2,3.00,12267,3013,,3.7883
1998,improved:adjective,"improved","adjective",B2,3.00,7108,3027,,3.7919
1999,put-emphasis-on:phrase,"put emphasis on","phrase",,3.70,16263,1170,1,3.7932
2000,instructional:adjective,"instructional","adjective",,3.44,,3032,,3.7933
2001,politically:adverb,"politically","adverb",B2,3.00,10554,3034,,3.7938
2002,short-term:adjective,"short-term","adjective",B2,3.60,16480,3043,1,3.7943
2003,availability:noun,"availability","noun",B2,3.00,29896,3038,,3.7948
2004,reliability:noun,"reliability","noun",,3.43,30660,3040,,3.7953
2005,innovative:adjective,"innovative","adjective",B2,3.00,16933,3042,,3.7959
2006,ironically:adverb,"ironically","adverb",B2,3.00,13819,3044,,3.7964
2007,disclosure:noun,"disclosure","noun",,3.10,16799,3051,,3.7982
2008,tease:verb,"tease","verb",B2,3.00,6948,3056,,3.7995
2009,whisper:verb,"whisper","verb",B2,3.00,6447,3057,,3.7998
2010,dual-citizenship:noun,"dual citizenship","noun",,3.70,17642,1507,1,3.7999
2011,impulse:noun,"impulse","noun",B2,3.00,8247,3062,,3.8011
2012,maternity:noun,"maternity","noun",,3.00,12668,3063,,3.8014
2013,conventional:adjective,"conventional","adjective",B2,3.00,10263,3066,,3.8022
2014,in-all-likelihood:phrase,"in all likelihood","phrase",,3.70,18270,1149,1,3.8027
2015,estate:noun,"estate","noun",B2,3.00,2560,3072,,3.8037
2016,inspect:verb,"inspect","verb",B2,3.00,11219,3082,,3.8063
2017,amuse:verb,"amuse","verb",B2,3.00,12123,3083,,3.8066
2018,asset:noun,"asset","noun",,3.00,7252,3085,,3.8071
2019,magnify:verb,"magnify","verb",B2,3.00,31567,3087,,3.8076
2020,sophisticated:adjective,"sophisticated","adjective",B2,3.00,5870,3089,,3.8082
2021,disrupt:verb,"disrupt","verb",B2,3.00,14340,3091,,3.8087
2022,dispute:noun-verb,"dispute","noun/verb",B2,3.00,9277,3092,,3.8090
2023,relevant:adjective,"relevant","adjective",B2,3.00,6272,3099,,3.8108
2024,suppress:verb,"suppress","verb",B2,3.00,12425,3105,,3.8124
2025,axis:noun,"axis","noun",B2,3.00,13916,3109,,3.8134
2026,squeeze:verb,"squeeze","verb",B2,3.00,4007,3116,,3.8152
2027,neglect:verb,"neglect","verb",B2,3.00,12034,3121,,3.8165
2028,commute:verb,"commute","verb",B2,3.00,17973,3128,,3.8184
2029,under-warranty:phrase,"under warranty","phrase",,3.70,22129,2089,1,3.8184
2030,blink:verb,"blink","verb",B2,3.00,7486,3129,,3.8186
2031,attribute-a-to-b:phrase,"attribute A to B","phrase",,3.70,22293,2279,1,3.8190
2032,commission:noun,"commission","noun",B2,3.00,3900,3140,,3.8215
2033,cowardly:adjective,"cowardly","adjective",B2,3.00,10172,3143,,3.8223
2034,standstill:noun,"standstill","noun",B2,3.00,21976,3144,,3.8226
2035,relieve:verb,"relieve","verb",B2,3.00,8074,3147,,3.8233
2036,troop:noun,"troop","noun",B2,3.00,8422,3149,,3.8239
2037,certify:verb,"certify","verb",B2,3.00,32045,3150,,3.8241
2038,integrate-a-into-b:phrase,"integrate A into B","phrase",,3.70,23757,2618,1,3.8242
2039,exposure:noun,"exposure","noun",,3.00,7166,3151,,3.8244
2040,subtle:adjective,"subtle","adjective",B2,3.00,6461,3154,,3.8252
2041,auditor:noun,"auditor","noun",,3.43,29288,3158,,3.8262
2042,alternate:adjective,"alternate","adjective",B2,3.00,10021,3165,,3.8281
2043,perspective:noun,"perspective","noun",B2,3.00,4959,3166,,3.8283
2044,invisible:adjective,"invisible","adjective",B2,3.00,3765,3167,,3.8286
2045,advocate:verb,"advocate","verb",,3.00,9773,3172,,3.8299
2046,miscellaneous:adjective,"miscellaneous","adjective",,3.44,38132,3179,,3.8317
2047,treaty:noun,"treaty","noun",B2,3.00,7224,3182,,3.8325
2048,ritual:noun,"ritual","noun",B2,3.00,5001,3191,,3.8349
2049,mumble:verb,"mumble","verb",B2,3.00,24088,3193,,3.8354
2050,attribute:verb,"attribute","verb",B2,3.00,22293,3194,,3.8356
2051,blast:noun,"blast","noun",B2,3.00,2945,3198,,3.8367
2052,equivalent:adjective,"equivalent","adjective",,3.00,8876,3203,,3.8380
2053,assumption:noun,"assumption","noun",B2,3.00,10153,3205,,3.8385
2054,thread:noun,"thread","noun",B2,3.00,6362,3209,,3.8396
2055,transient:adjective,"transient","adjective",B2,3.00,24670,3219,,3.8422
2056,federal:adjective,"federal","adjective",B2,3.00,2646,3222,,3.8430
2057,permeate:verb,"permeate","verb",B2,3.00,,3224,,3.8435
2058,combat:noun-verb,"combat","noun/verb",,3.00,4075,3225,,3.8438
2059,shaft:noun,"shaft","noun",,3.00,7211,3234,,3.8461
2060,grasp:verb,"grasp","verb",B2,3.00,7285,3236,,3.8466
2061,shrug:verb,"shrug","verb",B2,3.00,29263,3237,,3.8469
2062,adequate:adjective,"adequate","adjective",B2,3.00,12889,3242,,3.8482
2063,ratio:noun,"ratio","noun",,3.00,12347,3245,,3.8490
2064,alliance:noun,"alliance","noun",B2,3.00,4523,3246,,3.8492
2065,entitle:verb,"entitle","verb",B2,3.00,,3254,,3.8513
2066,imply:verb,"imply","verb",B2,3.00,14532,3258,,3.8524
2067,prompt:adjective,"prompt","adjective",B2,3.00,19139,3260,,3.8529
2068,assess:verb,"assess","verb",B2,3.00,12545,3264,,3.8540
2069,termination:noun,"termination","noun",,3.10,16562,3265,,3.8542
2070,tenant:noun,"tenant","noun",,3.00,10018,3267,,3.8547
2071,heritage:noun,"heritage","noun",B2,3.00,8504,3269,,3.8553
2072,gaudy:adjective,"gaudy","adjective",B2,3.00,31020,3271,,3.8558
2073,vault:noun,"vault","noun",,3.00,4791,3275,,3.8568
2074,physician:noun,"physician","noun",B2,3.00,7165,3278,,3.8576
2075,instill:verb,"instill","verb",B2,3.00,33450,3287,,3.8600
2076,vital:adjective,"vital","adjective",B2,3.00,4493,3288,,3.8602
2077,lean:verb,"lean","verb",B2,3.00,4579,3290,,3.8608
2078,radical:adjective,"radical","adjective",B2,3.00,6579,3291,,3.8610
2079,cumulative:adjective,"cumulative","adjective",,3.44,47965,3293,,3.8615
2080,outlook:noun,"outlook","noun",B2,3.00,17268,3294,,3.8618
2081,contemporary:adjective,"contemporary","adjective",B2,3.00,11590,3296,,3.8623
2082,opponent:noun,"opponent","noun",B2,3.00,5609,3297,,3.8626
2083,collapse:verb,"collapse","verb",B2,3.00,5389,3300,,3.8634
2084,faith:noun,"faith","noun",B2,3.00,1380,3302,,3.8639
2085,component:noun,"component","noun",B2,3.00,13052,3307,,3.8652
2086,chaotic:adjective,"chaotic","adjective",B2,3.00,12576,3308,,3.8655
2087,venture:noun,"venture","noun",B2,3.00,7041,3310,,3.8660
2088,assure:verb,"assure","verb",B2,3.00,2771,3325,,3.8699
2089,embrace:verb,"embrace","verb",B2,3.00,4715,3331,,3.8715
2090,configuration:noun,"configuration","noun",,3.10,23893,3333,,3.8720
2091,brag:verb,"brag","verb",B2,3.00,9819,3337,,3.8731
2092,idle:adjective,"idle","adjective",B2,3.00,8977,3338,,3.8733
2093,confine:verb,"confine","verb",B2,3.00,19871,3341,,3.8741
2094,bid:verb,"bid","verb",B2,3.00,4173,3349,,3.8762
2095,verbal:adjective,"verbal","adjective",B2,3.00,12852,3350,,3.8765
2096,evolve:verb,"evolve","verb",B2,3.00,11873,3354,,3.8775
2097,competent:adjective,"competent","adjective",B2,3.00,11427,3355,,3.8778
2098,dormitory:noun,"dormitory","noun",B2,3.00,17057,3361,,3.8793
2099,strain:verb,"strain","verb",B2,3.00,6649,3362,,3.8796
2100,intruder:noun,"intruder","noun",B2,3.00,8744,3364,,3.8801
2101,impose:verb,"impose","verb",B2,3.00,10651,3367,,3.8809
2102,archive:noun,"archive","noun",,3.00,13199,3375,,3.8830
2103,gulf:noun,"gulf","noun",,3.00,8325,3376,,3.8833
2104,drain:verb,"drain","verb",B2,3.00,5243,3377,,3.8835
2105,prior:adjective,"prior","adjective",B2,3.00,5119,3381,,3.8846
2106,sustain:verb,"sustain","verb",B2,3.00,10573,3386,,3.8859
2107,arctic:noun,"Arctic","noun",B2,3.00,8815,3389,,3.8867
2108,dodge:verb,"dodge","verb",,3.00,7519,3391,,3.8872
2109,bankrupt:adjective,"bankrupt","adjective",B2,3.00,8318,3392,,3.8874
2110,contract:noun,"contract","noun",B2,3.00,1827,3393,,3.8877
2111,justify:verb,"justify","verb",B2,3.00,7205,3394,,3.8880
2112,domestic:adjective,"domestic","adjective",B2,3.00,5445,3398,,3.8890
2113,nourish:verb,"nourish","verb",B2,3.00,28093,3399,,3.8893
2114,correspond:verb,"correspond","verb",B2,3.00,22214,3401,,3.8898
2115,witness:noun,"witness","noun",B2,3.00,1232,3403,,3.8903
2116,immerse:verb,"immerse","verb",B2,3.00,28947,3414,,3.8932
2117,corridor:noun,"corridor","noun",B2,3.00,6260,3421,,3.8950
2118,sloppy:adjective,"sloppy","adjective",B2,3.00,7708,3423,,3.8956
2119,serene:adjective,"serene","adjective",B2,3.00,15821,3427,,3.8966
2120,bundle:noun,"bundle","noun",,3.00,9292,3428,,3.8969
2121,annotation:noun,"annotation","noun",,3.44,,3430,,3.8974
2122,instinct:noun,"instinct","noun",B2,3.00,5236,3432,,3.8979
2123,acid:adjective,"acid","adjective",B2,3.00,4684,3435,,3.8987
2124,discriminate:verb,"discriminate","verb",B2,3.00,25337,3436,,3.8990
2125,alleviate:verb,"alleviate","verb",C1,4.00,24998,1,,4.0003
2126,scrutinize:verb,"scrutinize","verb",C1,4.00,,3,,4.0008
2127,repercussions:noun,"repercussions","noun",,4.10,18720,5,,4.0013
2128,compelling:adjective,"compelling","adjective",C1,4.00,11146,7,,4.0018
2129,resilience:noun,"resilience","noun",C1,4.00,37115,8,,4.0021
2130,detrimental:adjective,"detrimental","adjective",C1,4.00,32004,9,,4.0024
2131,affluent:adjective,"affluent","adjective",,4.43,30640,10,,4.0026
2132,curb:verb,"curb","verb",,4.00,9981,14,,4.0037
2133,undermine:verb,"undermine","verb",,4.00,14489,27,,4.0071
2134,alleged:adjective,"alleged","adjective",C1,4.00,9103,30,,4.0078
2135,allocate:verb,"allocate","verb",,4.44,43232,34,,4.0089
2136,sanctions:noun,"sanctions","noun",,4.10,22020,48,,4.0126
2137,replicate:verb,"replicate","verb",,4.10,17207,49,,4.0128
2138,depict:verb,"depict","verb",C1,4.00,26460,55,,4.0144
2139,replaceable:adjective,"replaceable","adjective",,4.44,41099,62,,4.0162
2140,spontaneous:adjective,"spontaneous","adjective",C1,4.00,9825,81,,4.0212
2141,robber:noun,"robber","noun",,4.00,8107,87,,4.0228
2142,conclusive:adjective,"conclusive","adjective",,4.10,16942,91,,4.0238
2143,fertilizer:noun,"fertilizer","noun",,4.00,14993,92,,4.0241
2144,holistic:adjective,"holistic","adjective",,4.43,33702,93,,4.0243
2145,pioneer:noun,"pioneer","noun",C1,4.00,12647,98,,4.0256
2146,meantime:adverb,"meantime","adverb",,4.00,3368,113,,4.0296
2147,sturdy:adjective,"sturdy","adjective",,4.10,15979,115,,4.0301
2148,tucked:verb,"tucked","verb",,4.00,10866,131,,4.0343
2149,beggar:noun,"beggar","noun",,4.00,7460,163,,4.0426
2150,meadow:noun,"meadow","noun",,4.00,10823,166,,4.0434
2151,fanatical:adjective,"fanatical","adjective",,4.43,27486,189,,4.0494
2152,glue:noun,"glue","noun",,4.00,6171,190,,4.0497
2153,harsh:adjective,"harsh","adjective",,4.00,4717,208,,4.0544
2154,discern:verb,"discern","verb",,4.43,28901,235,,4.0615
2155,seclusion:noun,"seclusion","noun",,4.43,27069,236,,4.0617
2156,progression:noun,"progression","noun",,4.10,21987,238,,4.0623
2157,archaeological:adjective,"archaeological","adjective",,4.10,18271,247,,4.0646
2158,chill:noun,"chill","noun",C1,4.00,3201,249,,4.0651
2159,deflate:verb,"deflate","verb",,4.44,45205,262,,4.0685
2160,filament:noun,"filament","noun",,4.44,45034,264,,4.0691
2161,peasant:noun,"peasant","noun",C1,4.00,7720,269,,4.0704
2162,pessimism:noun,"pessimism","noun",,4.44,40908,274,,4.0717
2163,villain:noun,"villain","noun",,4.00,5809,279,,4.0730
2164,miserly:adjective,"miserly","adjective",,4.44,48505,280,,4.0733
2165,intimacy:noun,"intimacy","noun",,4.00,10865,306,,4.0801
2166,mockingly:adverb,"mockingly","adverb",,4.43,25788,307,,4.0803
2167,inopportune:adjective,"inopportune","adjective",,4.44,49316,310,,4.0811
2168,halfway:adjective,"halfway","adjective",,4.00,4030,345,,4.0903
2169,preach:verb,"preach","verb",C1,4.00,9756,360,,4.0942
2170,sting:verb,"sting","verb",,4.00,6306,374,,4.0978
2171,wicked:adjective,"wicked","adjective",C1,4.00,3971,382,,4.0999
2172,restrain:verb,"restrain","verb",,4.00,13762,412,,4.1078
2173,kidnap:verb,"kidnap","verb",,4.00,5745,420,,4.1099
2174,ashtray:noun,"ashtray","noun",,4.00,13257,421,,4.1101
2175,rejoice:verb,"rejoice","verb",,4.00,11631,451,,4.1180
2176,heroic:adjective,"heroic","adjective",,4.00,7466,452,,4.1183
2177,handful:adjective,"handful","adjective",,4.00,6638,461,,4.1206
2178,immense:adjective,"immense","adjective",C1,4.00,9332,469,,4.1227
2179,activate:verb,"activate","verb",,4.00,7464,485,,4.1269
2180,splendid:adjective,"splendid","adjective",,4.00,4485,497,,4.1300
2181,lipstick:noun,"lipstick","noun",,4.00,5978,522,,4.1366
2182,merrily:adverb,"merrily","adverb",,4.10,17907,523,,4.1368
2183,hillside:noun,"hillside","noun",,4.10,19610,526,,4.1376
2184,hasten:verb,"hasten","verb",,4.10,23078,539,,4.1410
2185,pastime:noun,"pastime","noun",,4.10,21736,540,,4.1413
2186,errand:noun,"errand","noun",,4.00,8893,542,,4.1418
2187,fairness:noun,"fairness","noun",,4.00,13870,544,,4.1423
2188,dominant:adjective,"dominant","adjective",C1,4.00,11730,554,,4.1449
2189,scarce:adjective,"scarce","adjective",,4.00,12669,559,,4.1463
2190,capitalism:noun,"capitalism","noun",,4.00,12567,562,,4.1470
2191,pinch:verb,"pinch","verb",,4.00,7075,566,,4.1481
2192,grind:verb,"grind","verb",,4.00,8687,575,,4.1504
2193,plow:noun,"plow","noun",,4.10,15497,576,,4.1507
2194,sow:verb,"sow","verb",,4.00,11307,592,,4.1549
2195,procession:noun,"procession","noun",,4.00,11244,596,,4.1559
2196,majesty:noun,"majesty","noun",,4.00,1351,598,,4.1565
2197,heir:noun,"heir","noun",,4.00,5344,602,,4.1575
2198,illusion:noun,"illusion","noun",,4.00,5332,603,,4.1578
2199,snatch:verb,"snatch","verb",,4.00,8676,611,,4.1599
2200,omit:verb,"omit","verb",,4.43,36668,612,,4.1601
2201,cunning:adjective,"cunning","adjective",,4.00,7765,631,,4.1651
2202,unjust:adjective,"unjust","adjective",,4.00,15054,646,,4.1690
2203,sentiment:noun,"sentiment","noun",C1,4.00,10939,667,,4.1745
2204,fertile:adjective,"fertile","adjective",,4.00,11846,674,,4.1763
2205,irony:noun,"irony","noun",C1,4.00,8193,682,,4.1784
2206,bulk:noun,"bulk","noun",C1,4.00,10873,687,,4.1797
2207,cactus:noun,"cactus","noun",,4.00,13860,689,,4.1803
2208,insure:verb,"insure","verb",,4.10,21682,697,,4.1824
2209,distress:noun,"distress","noun",,4.00,6078,700,,4.1831
2210,isolated:adjective,"isolated","adjective",C1,4.00,5973,705,,4.1844
2211,sprinkle:verb,"sprinkle","verb",,4.10,17020,715,,4.1871
2212,canine:adjective,"canine","adjective",,4.10,17817,717,,4.1876
2213,imperfect:adjective,"imperfect","adjective",,4.10,19046,732,,4.1915
2214,defect:noun,"defect","noun",,4.00,11909,736,,4.1926
2215,attendant:noun,"attendant","noun",,4.00,9838,739,,4.1933
2216,condense:verb,"condense","verb",,4.44,47322,742,,4.1941
2217,flourish:verb,"flourish","verb",C1,4.00,13515,749,,4.1960
2218,accomplishment:noun,"accomplishment","noun",,4.10,15897,750,,4.1962
2219,onward:adjective,"onward","adjective",,4.10,15491,760,,4.1988
2220,immensely:adverb,"immensely","adverb",C1,4.00,17157,762,,4.1994
2221,esteem:verb,"esteem","verb",,4.10,15754,777,,4.2033
2222,pasture:noun,"pasture","noun",,4.10,15591,783,,4.2049
2223,thorn:noun,"thorn","noun",,4.00,10430,786,,4.2056
2224,twilight:noun,"twilight","noun",,4.00,7031,787,,4.2059
2225,moan:noun,"moan","noun",,4.00,11904,788,,4.2062
2226,seemingly:adverb,"seemingly","adverb",,4.00,12294,792,,4.2072
2227,diplomatic:adjective,"diplomatic","adjective",,4.00,8056,800,,4.2093
2228,oblige:verb,"oblige","verb",C1,4.00,13691,832,,4.2177
2229,perish:verb,"perish","verb",,4.00,9644,833,,4.2179
2230,recess:noun,"recess","noun",C1,4.00,9912,844,,4.2208
2231,commotion:noun,"commotion","noun",,4.00,10395,853,,4.2232
2232,groan:noun,"groan","noun",,4.00,9808,855,,4.2237
2233,famine:noun,"famine","noun",,4.00,12307,863,,4.2258
2234,summon:verb,"summon","verb",,4.00,7985,867,,4.2268
2235,howl:verb,"howl","verb",,4.00,12027,870,,4.2276
2236,detour:verb,"detour","verb",,4.00,11315,873,,4.2284
2237,flatter:verb,"flatter","verb",C1,4.00,9649,875,,4.2289
2238,frown:verb,"frown","verb",,4.00,14730,877,,4.2294
2239,prudent:adjective,"prudent","adjective",,4.10,15330,880,,4.2302
2240,monarch:noun,"monarch","noun",,4.00,13875,889,,4.2326
2241,dialect:noun,"dialect","noun",,4.00,13290,896,,4.2344
2242,acquaint:verb,"acquaint","verb",,4.44,38892,910,,4.2381
2243,forgetful:adjective,"forgetful","adjective",,4.10,21081,916,,4.2397
2244,throne:noun,"throne","noun",,4.00,3965,922,,4.2412
2245,mummy:noun,"mummy","noun",,4.00,2670,927,,4.2425
2246,plunge:verb,"plunge","verb",C1,4.00,12585,936,,4.2449
2247,halt:verb,"halt","verb",,4.00,4414,938,,4.2454
2248,portray:verb,"portray","verb",C1,4.00,22999,961,,4.2514
2249,dwelling:noun,"dwelling","noun",,4.10,16446,982,,4.2569
2250,inevitably:adverb,"inevitably","adverb",,4.00,14371,990,,4.2590
2251,crouch:verb,"crouch","verb",,4.43,24125,991,,4.2593
2252,comical:adjective,"comical","adjective",,4.43,24449,996,,4.2606
2253,pastry:noun,"pastry","noun",,4.00,10102,1002,,4.2622
2254,umpire:noun,"umpire","noun",,4.10,22084,1010,,4.2642
2255,sway:verb,"sway","verb",,4.00,9455,1015,,4.2656
2256,deceit:noun,"deceit","noun",C1,4.00,14402,1021,,4.2671
2257,rebellion:noun,"rebellion","noun",,4.00,7579,1022,,4.2674
2258,spit:verb,"spit","verb",,4.00,3202,1026,,4.2684
2259,chairperson:noun,"chairperson","noun",,4.44,49590,1029,,4.2692
2260,plentiful:adjective,"plentiful","adjective",,4.43,24912,1031,,4.2697
2261,orchard:noun,"orchard","noun",C1,4.00,13917,1033,,4.2703
2262,fatigue:noun,"fatigue","noun",C1,4.00,13122,1034,,4.2705
2263,speculation:noun,"speculation","noun",C1,4.00,9923,1049,,4.2744
2264,nun:noun,"nun","noun",,4.00,6548,1053,,4.2755
2265,blueprint:noun,"blueprint","noun",,4.10,17404,1058,,4.2768
2266,prey:noun,"prey","noun",,4.00,5002,1067,,4.2792
2267,shrine:noun,"shrine","noun",,4.00,8096,1068,,4.2794
2268,cue:noun,"cue","noun",,4.00,6182,1072,,4.2805
2269,councilor:noun,"councilor","noun",,4.10,18056,1074,,4.2810
2270,multitude:noun,"multitude","noun",,4.10,22142,1079,,4.2823
2271,lumber:noun,"lumber","noun",,4.00,14096,1080,,4.2826
2272,hostile:adjective,"hostile","adjective",C1,4.00,6059,1081,,4.2828
2273,insistence:noun,"insistence","noun",,4.43,26386,1083,,4.2833
2274,staircase:noun,"staircase","noun",,4.00,10885,1085,,4.2839
2275,inheritance:noun,"inheritance","noun",C1,4.00,7318,1086,,4.2841
2276,abrupt:adjective,"abrupt","adjective",,4.10,20385,1090,,4.2852
2277,odor:noun,"odor","noun",,4.10,15744,1097,,4.2870
2278,ornamental:adjective,"ornamental","adjective",C1,4.00,41582,1099,,4.2875
2279,dullness:noun,"dullness","noun",,4.44,,1100,,4.2878
2280,jerk:noun,"jerk","noun",,4.00,2172,1104,,4.2888
2281,orient:noun,"orient","noun",,4.10,16911,1105,,4.2891
2282,offspring:noun,"offspring","noun",C1,4.00,11005,1106,,4.2894
2283,counterpart:noun,"counterpart","noun",,4.43,27378,1107,,4.2896
2284,scrape:verb,"scrape","verb",,4.00,10260,1109,,4.2901
2285,outskirt:noun,"outskirt","noun",,4.44,,1117,,4.2922
2286,mellow:adjective,"mellow","adjective",,4.00,12151,1120,,4.2930
2287,stimulus:noun,"stimulus","noun",,4.43,25159,1123,,4.2938
2288,chilly:adjective,"chilly","adjective",C1,4.00,8801,1126,,4.2946
2289,crook:verb,"crook","verb",,4.00,7283,1127,,4.2949
2290,stupidity:noun,"stupidity","noun",,4.00,9395,1133,,4.2964
2291,tuck:verb,"tuck","verb",,4.00,6717,1135,,4.2969
2292,diversity:noun,"diversity","noun",C1,4.00,13894,1146,,4.2998
2293,distinctive:adjective,"distinctive","adjective",,4.00,12509,1151,,4.3011
2294,puff:noun,"puff","noun",,4.00,8563,1153,,4.3017
2295,vicious:adjective,"vicious","adjective",C1,4.00,5687,1156,,4.3024
2296,monopoly:noun,"monopoly","noun",,4.00,12961,1163,,4.3043
2297,reckless:adjective,"reckless","adjective",,4.00,6670,1164,,4.3045
2298,puppet:noun,"puppet","noun",,4.00,6255,1171,,4.3064
2299,provoke:verb,"provoke","verb",C1,4.00,9375,1173,,4.3069
2300,stony:adjective,"stony","adjective",,4.43,24875,1174,,4.3072
2301,stoop:verb,"stoop","verb",,4.00,13678,1177,,4.3079
2302,alley:noun,"alley","noun",,4.00,3724,1179,,4.3085
2303,fulfillment:noun,"fulfillment","noun",,4.10,22884,1183,,4.3095
2304,feminist:noun,"feminist","noun",,4.00,14567,1187,,4.3106
2305,stump:noun,"stump","noun",,4.00,13499,1188,,4.3108
2306,compel:verb,"compel","verb",C1,4.00,17949,1197,,4.3132
2307,proficient:adjective,"proficient","adjective",,4.43,31925,1206,,4.3155
2308,rally:verb,"rally","verb",C1,4.00,6104,1207,,4.3158
2309,peck:verb,"peck","verb",,4.00,10146,1215,,4.3179
2310,spacecraft:noun,"spacecraft","noun",,4.00,10694,1216,,4.3181
2311,stray:verb,"stray","verb",C1,4.00,7594,1219,,4.3189
2312,resemblance:noun,"resemblance","noun",,4.00,10584,1220,,4.3192
2313,inception:noun,"inception","noun",,4.43,35936,1225,,4.3205
2314,pretense:noun,"pretense","noun",,4.10,23658,1228,,4.3213
2315,checkup:noun,"checkup","noun",,4.10,17177,1232,,4.3223
2316,ethical:adjective,"ethical","adjective",C1,4.00,11911,1234,,4.3228
2317,shady:adjective,"shady","adjective",,4.00,9539,1235,,4.3231
2318,rust:noun,"rust","noun",,4.00,12106,1237,,4.3236
2319,stale:adjective,"stale","adjective",,4.00,12719,1245,,4.3257
2320,quest:noun,"quest","noun",C1,4.00,5850,1248,,4.3265
2321,watchdog:noun,"watchdog","noun",,4.10,23258,1252,,4.3276
2322,labyrinth:noun,"labyrinth","noun",,4.10,15299,1259,,4.3294
2323,sober:adjective,"sober","adjective",,4.00,4266,1261,,4.3299
2324,frustrate:verb,"frustrate","verb",,4.44,43192,1262,,4.3302
2325,envious:adjective,"envious","adjective",,4.00,12931,1263,,4.3304
2326,structural:adjective,"structural","adjective",C1,4.00,15344,1268,,4.3317
2327,rigid:adjective,"rigid","adjective",,4.00,14481,1270,,4.3323
2328,fling:verb,"fling","verb",,4.00,10120,1273,,4.3331
2329,physicist:noun,"physicist","noun",,4.00,13172,1278,,4.3344
2330,immature:adjective,"immature","adjective",,4.00,10614,1279,,4.3346
2331,manuscript:noun,"manuscript","noun",,4.00,9631,1281,,4.3351
2332,stagger:verb,"stagger","verb",C1,4.00,29235,1282,,4.3354
2333,swamp:noun,"swamp","noun",,4.00,5873,1285,,4.3362
2334,resent:verb,"resent","verb",C1,4.00,8979,1295,,4.3388
2335,lad:noun,"lad","noun",,4.00,3104,1297,,4.3393
2336,loosen:verb,"loosen","verb",,4.00,7980,1298,,4.3396
2337,fable:noun,"fable","noun",,4.43,26207,1308,,4.3422
2338,bribe:noun,"bribe","noun",C1,4.00,6120,1310,,4.3427
2339,almighty:adjective,"almighty","adjective",,4.00,5422,1315,,4.3440
2340,successor:noun,"successor","noun",,4.00,10103,1317,,4.3446
2341,hence:adverb,"hence","adverb",C1,4.00,6501,1319,,4.3451
2342,gem:noun,"gem","noun",C1,4.00,9148,1329,,4.3477
2343,comprehend:verb,"comprehend","verb",,4.00,12811,1332,,4.3485
2344,wrinkle:noun,"wrinkle","noun",,4.10,17926,1333,,4.3487
2345,timid:adjective,"timid","adjective",C1,4.00,14897,1334,,4.3490
2346,premise:noun,"premise","noun",C1,4.00,19976,1346,,4.3522
2347,intellect:noun,"intellect","noun",C1,4.00,13460,1350,,4.3532
2348,convict:verb,"convict","verb",C1,4.00,7551,1357,,4.3550
2349,solemnly:adverb,"solemnly","adverb",,4.10,15234,1359,,4.3556
2350,orthodox:adjective,"orthodox","adjective",,4.10,16340,1361,,4.3561
2351,render:verb,"render","verb",C1,4.00,13074,1366,,4.3574
2352,grammatical:adjective,"grammatical","adjective",,4.44,,1374,,4.3595
2353,reassure:verb,"reassure","verb",C1,4.00,13999,1375,,4.3597
2354,hymn:noun,"hymn","noun",,4.10,15171,1377,,4.3603
2355,utmost:adjective,"utmost","adjective",,4.00,10237,1380,,4.3610
2356,ascent:noun,"ascent","noun",,4.10,23633,1381,,4.3613
2357,brilliance:noun,"brilliance","noun",,4.10,16326,1387,,4.3629
2358,precaution:noun,"precaution","noun",,4.00,10918,1390,,4.3637
2359,betrayal:noun,"betrayal","noun",,4.00,7150,1392,,4.3642
2360,stillness:noun,"stillness","noun",,4.43,27295,1395,,4.3650
2361,scorn:noun,"scorn","noun",C1,4.00,18877,1403,,4.3671
2362,jolly:adjective,"jolly","adjective",,4.00,5212,1413,,4.3697
2363,nausea:noun,"nausea","noun",,4.00,13233,1416,,4.3705
2364,fossil:noun,"fossil","noun",C1,4.00,10539,1418,,4.3710
2365,initiate:verb,"initiate","verb",,4.00,10781,1422,,4.3720
2366,feeble:adjective,"feeble","adjective",,4.00,15024,1424,,4.3726
2367,reside:verb,"reside","verb",,4.10,18636,1428,,4.3736
2368,contentment:noun,"contentment","noun",,4.43,30276,1431,,4.3744
2369,digestion:noun,"digestion","noun",,4.10,21880,1433,,4.3749
2370,blot:noun,"blot","noun",,4.10,23275,1447,,4.3786
2371,graze:verb,"graze","verb",,4.10,19885,1449,,4.3791
2372,revolt:verb,"revolt","verb",,4.00,10985,1451,,4.3796
2373,strife:noun,"strife","noun",,4.10,17358,1453,,4.3801
2374,fraction:noun,"fraction","noun",C1,4.00,12246,1455,,4.3807
2375,peril:noun,"peril","noun",,4.00,13780,1456,,4.3809
2376,reap:verb,"reap","verb",C1,4.00,14399,1457,,4.3812
2377,secondhand:adjective,"secondhand","adjective",,4.43,25232,1460,,4.3820
2378,bleach:verb,"bleach","verb",,4.00,12907,1461,,4.3822
2379,mingle:verb,"mingle","verb",C1,4.00,13535,1464,,4.3830
2380,purity:noun,"purity","noun",C1,4.00,10452,1468,,4.3841
2381,habitual:adjective,"habitual","adjective",,4.43,30379,1469,,4.3843
2382,broom:noun,"broom","noun",,4.00,8488,1471,,4.3849
2383,manly:adjective,"manly","adjective",,4.00,9805,1473,,4.3854
2384,salute:verb,"salute","verb",,4.00,6009,1474,,4.3856
2385,lodging:noun,"lodging","noun",C1,4.00,18425,1476,,4.3862
2386,reign:noun,"reign","noun",,4.00,7300,1477,,4.3864
2387,vitality:noun,"vitality","noun",C1,4.00,22957,1478,,4.3867
2388,inclination:noun,"inclination","noun",,4.10,23638,1479,,4.3869
2389,obscure:adjective,"obscure","adjective",C1,4.00,12354,1480,,4.3872
2390,insistent:adjective,"insistent","adjective",,4.10,19188,1481,,4.3875
2391,inflict:verb,"inflict","verb",,4.10,17187,1482,,4.3877
2392,cordial:adjective,"cordial","adjective",,4.10,22995,1485,,4.3885
2393,intact:adjective,"intact","adjective",,4.00,6276,1491,,4.3901
2394,dogmatic:adjective,"dogmatic","adjective",,4.44,,1493,,4.3906
2395,bellybutton:noun,"bellybutton","noun",,4.44,41851,1494,,4.3909
2396,comrade:noun,"comrade","noun",,4.00,3004,1497,,4.3917
2397,utterance:noun,"utterance","noun",,4.44,,1504,,4.3935
2398,seasoning:noun,"seasoning","noun",,4.10,20892,1508,,4.3945
2399,lieutenant:noun,"lieutenant","noun",,4.00,993,1509,,4.3948
2400,blunt:adjective,"blunt","adjective",,4.00,6871,1510,,4.3951
2401,crude:adjective,"crude","adjective",C1,4.00,9847,1512,,4.3956
2402,halve:verb,"halve","verb",,4.44,,1513,,4.3958
2403,botanical:adjective,"botanical","adjective",,4.43,24931,1518,,4.3972
2404,clutch:verb,"clutch","verb",C1,4.00,10561,1522,,4.3982
2405,thrive:verb,"thrive","verb",,4.00,12657,1523,,4.3985
2406,embark:verb,"embark","verb",C1,4.00,17697,1524,,4.3987
2407,aide:noun,"aide","noun",,4.00,13363,1527,,4.3995
2408,disarmament:noun,"disarmament","noun",,4.44,39584,1529,,4.4000
2409,harmonious:adjective,"harmonious","adjective",,4.43,26278,1534,,4.4013
2410,vertical:adjective,"vertical","adjective",C1,4.00,11044,1536,,4.4019
2411,administer:verb,"administer","verb",,4.10,15352,1537,,4.4021
2412,fury:noun,"fury","noun",,4.00,7291,1538,,4.4024
2413,comprise:verb,"comprise","verb",C1,4.00,48007,1541,,4.4032
2414,kin:noun,"kin","noun",,4.00,6973,1543,,4.4037
2415,perpetual:adjective,"perpetual","adjective",,4.10,15868,1545,,4.4042
2416,exclamation:noun,"exclamation","noun",,4.10,23813,1547,,4.4047
2417,eccentric:adjective,"eccentric","adjective",C1,4.00,11094,1549,,4.4053
2418,twig:noun,"twig","noun",,4.10,15751,1550,,4.4055
2419,concise:adjective,"concise","adjective",,4.43,33354,1551,,4.4058
2420,abusive:adjective,"abusive","adjective",,4.00,13058,1553,,4.4063
2421,flattery:noun,"flattery","noun",C1,4.00,16366,1555,,4.4068
2422,steadfast:adjective,"steadfast","adjective",,4.43,29585,1556,,4.4071
2423,elastic:adjective,"elastic","adjective",C1,4.00,18995,1557,,4.4074
2424,situate:verb,"situate","verb",,4.44,,1558,,4.4076
2425,slay:verb,"slay","verb",,4.00,11495,1565,,4.4094
2426,profess:verb,"profess","verb",C1,4.00,28796,1572,,4.4113
2427,thaw:verb,"thaw","verb",,4.10,18216,1573,,4.4115
2428,notable:adjective,"notable","adjective",C1,4.00,25412,1576,,4.4123
2429,seam:noun,"seam","noun",,4.10,23662,1578,,4.4128
2430,implore:verb,"implore","verb",,4.10,16862,1580,,4.4134
2431,pathetic:adjective,"pathetic","adjective",,4.00,2790,1581,,4.4136
2432,contend:verb,"contend","verb",,4.10,20432,1582,,4.4139
2433,inherent:adjective,"inherent","adjective",C1,4.00,22276,1585,,4.4147
2434,perplex:verb,"perplex","verb",,4.44,,1587,,4.4152
2435,sly:adjective,"sly","adjective",,4.00,8834,1588,,4.4155
2436,stapler:noun,"stapler","noun",,4.10,23108,1590,,4.4160
2437,edible:adjective,"edible","adjective",,4.00,13742,1592,,4.4165
2438,elevate:verb,"elevate","verb",C1,4.00,22705,1602,,4.4191
2439,gargle:verb,"gargle","verb",,4.43,36058,1603,,4.4194
2440,detergent:noun,"detergent","noun",,4.10,20529,1607,,4.4204
2441,preface:noun,"preface","noun",,4.43,36669,1609,,4.4210
2442,contemplate:verb,"contemplate","verb",,4.10,18024,1613,,4.4220
2443,devour:verb,"devour","verb",,4.00,14087,1614,,4.4223
2444,equator:noun,"equator","noun",,4.10,19434,1616,,4.4228
2445,envelop:verb,"envelop","verb",,4.44,,1626,,4.4254
2446,profound:adjective,"profound","adjective",C1,4.00,7698,1631,,4.4267
2447,vocation:noun,"vocation","noun",,4.10,17743,1634,,4.4275
2448,omission:noun,"omission","noun",,4.43,32510,1635,,4.4278
2449,sergeant:noun,"sergeant","noun",,4.00,1241,1636,,4.4280
2450,satire:noun,"satire","noun",,4.43,27589,1642,,4.4296
2451,steward:noun,"steward","noun",,4.00,12523,1646,,4.4306
2452,crumb:noun,"crumb","noun",C1,4.00,18947,1647,,4.4309
2453,surpass:verb,"surpass","verb",,4.10,22621,1654,,4.4327
2454,repent:verb,"repent","verb",,4.00,10307,1655,,4.4330
2455,saloon:noun,"saloon","noun",C1,4.00,9948,1659,,4.4340
2456,dictate:verb,"dictate","verb",,4.00,12609,1660,,4.4343
2457,dusk:noun,"dusk","noun",,4.00,12253,1668,,4.4364
2458,monarchy:noun,"monarchy","noun",,4.10,15417,1669,,4.4367
2459,greed:noun,"greed","noun",,4.00,7220,1670,,4.4369
2460,tidal:adjective,"tidal","adjective",,4.00,14802,1673,,4.4377
2461,shrub:noun,"shrub","noun",,4.44,40328,1674,,4.4380
2462,tedious:adjective,"tedious","adjective",C1,4.00,14131,1678,,4.4390
2463,drastic:adjective,"drastic","adjective",,4.00,12782,1679,,4.4393
2464,feverish:adjective,"feverish","adjective",,4.10,21205,1684,,4.4406
2465,prophet:noun,"prophet","noun",C1,4.00,6853,1685,,4.4408
2466,pitiful:adjective,"pitiful","adjective",,4.00,8877,1691,,4.4424
2467,confide:verb,"confide","verb",C1,4.00,14908,1695,,4.4435
2468,differentiate:verb,"differentiate","verb",,4.43,25624,1698,,4.4442
2469,furnace:noun,"furnace","noun",,4.00,11784,1700,,4.4448
2470,unanimous:adjective,"unanimous","adjective",,4.00,14341,1703,,4.4456
2471,zeal:noun,"zeal","noun",,4.10,22973,1707,,4.4466
2472,quaint:adjective,"quaint","adjective",,4.10,15698,1713,,4.4482
2473,merciful:adjective,"merciful","adjective",,4.00,9047,1721,,4.4503
2474,desolate:adjective,"desolate","adjective",,4.10,16902,1725,,4.4513
2475,bimonthly:adjective,"bimonthly","adjective",,4.44,,1726,,4.4516
2476,enchant:verb,"enchant","verb",,4.44,38109,1729,,4.4524
2477,dismissal:noun,"dismissal","noun",,4.10,16104,1731,,4.4529
2478,vapor:noun,"vapor","noun",,4.10,21035,1735,,4.4539
2479,fingerprint:noun,"fingerprint","noun",,4.00,10134,1736,,4.4542
2480,crust:noun,"crust","noun",,4.00,9289,1740,,4.4552
2481,expend:verb,"expend","verb",,4.44,48585,1744,,4.4563
2482,presume:verb,"presume","verb",,4.00,6576,1747,,4.4571
2483,haul:verb,"haul","verb",,4.00,6608,1755,,4.4592
2484,frightful:adjective,"frightful","adjective",,4.10,18079,1756,,4.4594
2485,disgusted:adjective,"disgusted","adjective",,4.00,12083,1757,,4.4597
2486,appetizer:noun,"appetizer","noun",,4.10,18365,1760,,4.4605
2487,exert:verb,"exert","verb",C1,4.00,20712,1763,,4.4612
2488,discouragement:noun,"discouragement","noun",,4.44,,1765,,4.4618
2489,folklore:noun,"folklore","noun",,4.10,20507,1766,,4.4620
2490,riot:noun,"riot","noun",,4.00,5922,1767,,4.4623
2491,glacier:noun,"glacier","noun",,4.00,14606,1768,,4.4626
2492,bliss:noun,"bliss","noun",C1,4.00,8226,1769,,4.4628
2493,outgoing:adjective,"outgoing","adjective",,4.10,16126,1771,,4.4633
2494,wreath:noun,"wreath","noun",,4.10,19535,1772,,4.4636
2495,predecessor:noun,"predecessor","noun",C1,4.00,16746,1786,,4.4673
2496,discard:verb,"discard","verb",C1,4.00,19332,1790,,4.4683
2497,rustle:verb,"rustle","verb",C1,4.00,18670,1791,,4.4686
2498,stiffen:verb,"stiffen","verb",C1,4.00,47238,1793,,4.4691
2499,dictation:noun,"dictation","noun",,4.43,24994,1794,,4.4694
2500,abbreviation:noun,"abbreviation","noun",,4.44,47601,1796,,4.4699
2501,bait:noun,"bait","noun",,4.00,4576,1798,,4.4704
2502,confer:verb,"confer","verb",,4.10,21964,1804,,4.4720
2503,splendor:noun,"splendor","noun",,4.10,21129,1805,,4.4722
2504,apprentice:noun,"apprentice","noun",C1,4.00,9780,1809,,4.4733
2505,lapse:noun,"lapse","noun",C1,4.00,18745,1812,,4.4741
2506,partake:verb,"partake","verb",,4.10,22420,1816,,4.4751
2507,avail:verb,"avail","verb",,4.10,19460,1818,,4.4756
2508,slumber:verb,"slumber","verb",,4.00,12553,1819,,4.4759
2509,withstand:verb,"withstand","verb",,4.00,11589,1820,,4.4762
2510,distort:verb,"distort","verb",,4.43,32620,1824,,4.4772
2511,marshal:noun,"marshal","noun",,4.00,4323,1826,,4.4777
2512,bosom:noun,"bosom","noun",,4.00,11697,1830,,4.4788
2513,preside:verb,"preside","verb",,4.43,34121,1831,,4.4790
2514,beware:verb,"beware","verb",,4.00,5776,1834,,4.4798
2515,suppression:noun,"suppression","noun",,4.43,25564,1836,,4.4803
2516,stout:adjective,"stout","adjective",,4.10,18973,1839,,4.4811
2517,contractor:noun,"contractor","noun",C1,4.00,9464,1841,,4.4817
2518,planetary:adjective,"planetary","adjective",,4.10,15309,1842,,4.4819
2519,leftover:noun,"leftover","noun",,4.10,15228,1844,,4.4824
2520,formulate:verb,"formulate","verb",C1,4.00,31713,1845,,4.4827
2521,slant:noun,"slant","noun",,4.43,28329,1846,,4.4830
2522,vulgar:adjective,"vulgar","adjective",,4.00,8652,1849,,4.4837
2523,precision:noun,"precision","noun",C1,4.00,10009,1850,,4.4840
2524,drowsy:adjective,"drowsy","adjective",,4.43,26406,1852,,4.4845
2525,dutiful:adjective,"dutiful","adjective",C1,4.00,30263,1854,,4.4851
2526,subdue:verb,"subdue","verb",,4.10,21435,1859,,4.4864
2527,barbarian:noun,"barbarian","noun",,4.00,14337,1862,,4.4872
2528,linguistic:adjective,"linguistic","adjective",,4.43,37336,1865,,4.4879
2529,forceful:adjective,"forceful","adjective",,4.10,23052,1867,,4.4885
2530,dismal:adjective,"dismal","adjective",C1,4.00,22228,1868,,4.4887
2531,sullen:adjective,"sullen","adjective",,4.43,30603,1869,,4.4890
2532,prop:noun,"prop","noun",C1,4.00,9959,1872,,4.4898
2533,forsake:verb,"forsake","verb",,4.10,18467,1874,,4.4903
2534,abandonment:noun,"abandonment","noun",,4.10,21612,1876,,4.4908
2535,plaster:noun,"plaster","noun",C1,4.00,10888,1878,,4.4913
2536,eventual:adjective,"eventual","adjective",,4.43,30533,1884,,4.4929
2537,rot:verb,"rot","verb",,4.00,5409,1886,,4.4934
2538,revoke:verb,"revoke","verb",,4.43,24042,1887,,4.4937
2539,allege:verb,"allege","verb",C1,4.00,,1889,,4.4942
2540,lavatory:noun,"lavatory","noun",C1,4.00,18811,1892,,4.4950
2541,rein:noun,"rein","noun",,4.10,19270,1893,,4.4953
2542,scornful:adjective,"scornful","adjective",C1,4.00,,1894,,4.4955
2543,tranquil:adjective,"tranquil","adjective",C1,4.00,23100,1895,,4.4958
2544,fiery:adjective,"fiery","adjective",,4.00,10644,1901,,4.4974
2545,gracious:adjective,"gracious","adjective",,4.00,6765,1902,,4.4976
2546,prospective:adjective,"prospective","adjective",C1,4.00,18923,1906,,4.4987
2547,duration:noun,"duration","noun",C1,4.00,11702,1908,,4.4992
2548,admiral:noun,"admiral","noun",,4.00,3850,1909,,4.4994
2549,shriek:verb,"shriek","verb",,4.10,21189,1911,,4.5000
2550,snare:noun,"snare","noun",,4.10,21863,1914,,4.5008
2551,stagnant:adjective,"stagnant","adjective",,4.43,32542,1918,,4.5018
2552,abolition:noun,"abolition","noun",,4.43,36040,1919,,4.5021
2553,sane:adjective,"sane","adjective",,4.00,8342,1921,,4.5026
2554,friction:noun,"friction","noun",,4.00,14673,1924,,4.5034
2555,pouch:noun,"pouch","noun",,4.00,14265,1925,,4.5036
2556,epoch:noun,"epoch","noun",,4.44,39454,1926,,4.5039
2557,growl:verb,"growl","verb",,4.00,12601,1929,,4.5047
2558,collision:noun,"collision","noun",,4.00,9881,1930,,4.5049
2559,reptile:noun,"reptile","noun",,4.10,16825,1932,,4.5055
2560,refinement:noun,"refinement","noun",,4.43,29036,1933,,4.5057
2561,conform:verb,"conform","verb",C1,4.00,23250,1935,,4.5062
2562,gratify:verb,"gratify","verb",,4.44,,1938,,4.5070
2563,utensil:noun,"utensil","noun",C1,4.00,41556,1939,,4.5073
2564,colonel:noun,"colonel","noun",,4.00,1089,1940,,4.5076
2565,peninsula:noun,"peninsula","noun",C1,4.00,14427,1945,,4.5089
2566,scanty:adjective,"scanty","adjective",,4.44,,1947,,4.5094
2567,boastful:adjective,"boastful","adjective",,4.44,47648,1953,,4.5110
2568,ridicule:verb,"ridicule","verb",,4.10,16294,1956,,4.5117
2569,forefather:noun,"forefather","noun",,4.44,,1957,,4.5120
2570,sermon:noun,"sermon","noun",,4.00,10504,1960,,4.5128
2571,brisk:adjective,"brisk","adjective",,4.43,24707,1967,,4.5146
2572,heed:verb,"heed","verb",,4.00,10339,1969,,4.5151
2573,skinny:adjective,"skinny","adjective",,4.00,4634,1971,,4.5157
2574,mediator:noun,"mediator","noun",,4.43,27264,1972,,4.5159
2575,specimen:noun,"specimen","noun",C1,4.00,9765,1975,,4.5167
2576,suspension:noun,"suspension","noun",C1,4.00,8630,1976,,4.5170
2577,rake:noun,"rake","noun",,4.00,14051,1980,,4.5180
2578,bough:noun,"bough","noun",,4.43,32414,1981,,4.5183
2579,pious:adjective,"pious","adjective",,4.10,15635,1987,,4.5199
2580,affirm:verb,"affirm","verb",,4.43,28325,1990,,4.5206
2581,feminine:adjective,"feminine","adjective",,4.00,8755,1991,,4.5209
2582,hearth:noun,"hearth","noun",,4.43,24062,1992,,4.5212
2583,shawl:noun,"shawl","noun",,4.10,16715,1997,,4.5225
2584,confrontation:noun,"confrontation","noun",,4.00,12112,1999,,4.5230
2585,grumble:noun,"grumble","noun",C1,4.00,27371,2000,,4.5233
2586,temperament:noun,"temperament","noun",C1,4.00,18327,2003,,4.5240
2587,bulky:adjective,"bulky","adjective",C1,4.00,25424,2005,,4.5246
2588,brew:verb,"brew","verb",,4.00,11228,2009,,4.5256
2589,brace:verb,"brace","verb",,4.00,8372,2010,,4.5259
2590,tow:verb,"tow","verb",,4.00,8283,2012,,4.5264
2591,repel:verb,"repel","verb",C1,4.00,21530,2017,,4.5277
2592,comply:verb,"comply","verb",C1,4.00,12010,2018,,4.5280
2593,bribery:noun,"bribery","noun",C1,4.00,15648,2021,,4.5288
2594,emigration:noun,"emigration","noun",,4.43,36714,2024,,4.5295
2595,embroider:verb,"embroider","verb",,4.44,42262,2025,,4.5298
2596,missionary:noun,"missionary","noun",,4.00,13024,2029,,4.5308
2597,critique:noun,"critique","noun",,4.10,21890,2030,,4.5311
2598,subordinate:adjective,"subordinate","adjective",C1,4.00,20859,2031,,4.5314
2599,fragile:adjective,"fragile","adjective",,4.00,5989,2033,,4.5319
2600,sanity:noun,"sanity","noun",,4.00,13313,2034,,4.5322
2601,legacy:noun,"legacy","noun",C1,4.00,5920,2036,,4.5327
2602,shove:verb,"shove","verb",,4.00,4861,2037,,4.5329
2603,adjustable:adjective,"adjustable","adjective",C1,4.00,37636,2038,,4.5332
2604,lure:noun,"lure","noun",,4.00,6924,2040,,4.5337
2605,expanse:noun,"expanse","noun",,4.43,25487,2041,,4.5340
2606,smuggle:verb,"smuggle","verb",,4.00,12338,2042,,4.5342
2607,novice:noun,"novice","noun",,4.10,18659,2045,,4.5350
2608,deprivation:noun,"deprivation","noun",C1,4.00,20090,2046,,4.5353
2609,conspicuous:adjective,"conspicuous","adjective",,4.10,18060,2049,,4.5361
2610,baron:noun,"baron","noun",,4.00,4320,2050,,4.5363
2611,trot:noun,"trot","noun",,4.10,15763,2051,,4.5366
2612,frail:adjective,"frail","adjective",,4.10,15307,2054,,4.5374
2613,withhold:verb,"withhold","verb",,4.10,20120,2055,,4.5376
2614,affirmative:adjective,"affirmative","adjective",,4.00,9049,2057,,4.5382
2615,consolidate:verb,"consolidate","verb",,4.43,30115,2060,,4.5390
2616,attic:noun,"attic","noun",,4.00,6327,2061,,4.5392
2617,hinge:noun,"hinge","noun",,4.43,26543,2062,,4.5395
2618,quota:noun,"quota","noun",,4.00,14776,2063,,4.5397
2619,creed:noun,"creed","noun",,4.00,14201,2065,,4.5403
2620,endow:verb,"endow","verb",,4.44,,2066,,4.5405
2621,irrelevant:adjective,"irrelevant","adjective",,4.00,7629,2068,,4.5410
2622,realism:noun,"realism","noun",C1,4.00,21301,2072,,4.5421
2623,bleak:adjective,"bleak","adjective",,4.00,14393,2073,,4.5424
2624,lunar:adjective,"lunar","adjective",,4.00,10987,2076,,4.5431
2625,afflict:verb,"afflict","verb",,4.44,,2080,,4.5442
2626,plea:noun,"plea","noun",,4.00,6336,2084,,4.5452
2627,confinement:noun,"confinement","noun",C1,4.00,13544,2087,,4.5460
2628,clasp:noun,"clasp","noun",,4.10,23434,2088,,4.5463
2629,snort:verb,"snort","verb",,4.10,17620,2100,,4.5494
2630,amid:preposition,"amid","preposition",C1,4.00,19593,2102,,4.5499
2631,clench:verb,"clench","verb",C1,4.00,30001,2107,,4.5512
2632,wag:verb,"wag","verb",,4.10,23320,2111,,4.5523
2633,conspire:verb,"conspire","verb",,4.43,25419,2112,,4.5526
2634,dough:noun,"dough","noun",,4.00,4533,2114,,4.5531
2635,congregation:noun,"congregation","noun",,4.00,10729,2115,,4.5533
2636,accumulation:noun,"accumulation","noun",,4.43,31946,2116,,4.5536
2637,relish:noun,"relish","noun",,4.10,16360,2117,,4.5539
2638,sprawl:verb,"sprawl","verb",C1,4.00,42442,2120,,4.5547
2639,superstitious:adjective,"superstitious","adjective",,4.00,11990,2123,,4.5554
2640,stroll:verb,"stroll","verb",,4.00,8338,2126,,4.5562
2641,sculptor:noun,"sculptor","noun",,4.10,17349,2127,,4.5565
2642,prickly:adjective,"prickly","adjective",,4.10,23706,2130,,4.5573
2643,degradation:noun,"degradation","noun",C1,4.00,24240,2131,,4.5575
2644,transplant:verb,"transplant","verb",,4.00,6843,2134,,4.5583
2645,pickpocket:noun,"pickpocket","noun",,4.10,21255,2135,,4.5586
2646,deathbed:noun,"deathbed","noun",,4.10,16946,2137,,4.5591
2647,scrub:verb,"scrub","verb",,4.00,7847,2139,,4.5596
2648,epidemic:adjective,"epidemic","adjective",,4.00,10273,2141,,4.5601
2649,volcanic:adjective,"volcanic","adjective",,4.00,10899,2154,,4.5635
2650,mow:verb,"mow","verb",,4.10,15284,2156,,4.5641
2651,turmoil:noun,"turmoil","noun",C1,4.00,13666,2157,,4.5643
2652,extravagant:adjective,"extravagant","adjective",,4.10,15322,2159,,4.5649
2653,likelihood:noun,"likelihood","noun",C1,4.00,18270,2164,,4.5662
2654,voucher:noun,"voucher","noun",,4.43,24781,2165,,4.5664
2655,vent:noun,"vent","noun",,4.00,8714,2175,,4.5690
2656,casualty:noun,"casualty","noun",,4.00,12233,2176,,4.5693
2657,shareholder:noun,"shareholder","noun",,4.43,24276,2178,,4.5698
2658,oppressive:adjective,"oppressive","adjective",,4.43,24051,2179,,4.5701
2659,triumphant:adjective,"triumphant","adjective",,4.00,14190,2182,,4.5709
2660,autonomy:noun,"autonomy","noun",,4.43,26369,2185,,4.5717
2661,dweller:noun,"dweller","noun",,4.44,45093,2188,,4.5724
2662,expire:verb,"expire","verb",C1,4.00,22490,2190,,4.5730
2663,aristocratic:adjective,"aristocratic","adjective",,4.10,22930,2194,,4.5740
2664,thrift:noun,"thrift","noun",,4.43,26335,2195,,4.5743
2665,designate:verb,"designate","verb",,4.43,33063,2199,,4.5753
2666,accelerate:verb,"accelerate","verb",,4.10,15682,2213,,4.5790
2667,speculate:verb,"speculate","verb",C1,4.00,15553,2216,,4.5798
2668,agitation:noun,"agitation","noun",,4.43,24858,2217,,4.5800
2669,jurisdiction:noun,"jurisdiction","noun",C1,4.00,8246,2218,,4.5803
2670,allegedly:adverb,"allegedly","adverb",,4.00,12026,2219,,4.5806
2671,submerge:verb,"submerge","verb",,4.43,35849,2221,,4.5811
2672,divinity:noun,"divinity","noun",,4.10,22127,2223,,4.5816
2673,artisan:noun,"artisan","noun",,4.43,36625,2224,,4.5819
2674,suffice:verb,"suffice","verb",C1,4.00,12550,2226,,4.5824
2675,ignition:noun,"ignition","noun",,4.00,10270,2230,,4.5834
2676,numb:adjective,"numb","adjective",C1,4.00,8731,2232,,4.5840
2677,lurk:verb,"lurk","verb",,4.43,28284,2233,,4.5842
2678,hemisphere:noun,"hemisphere","noun",,4.10,15697,2235,,4.5847
2679,considerate:adjective,"considerate","adjective",,4.00,10607,2238,,4.5855
2680,expel:verb,"expel","verb",,4.00,14396,2239,,4.5858
2681,windmill:noun,"windmill","noun",,4.10,18626,2240,,4.5860
2682,aesthetic:adjective,"aesthetic","adjective",C1,4.00,17911,2242,,4.5866
2683,constraint:noun,"constraint","noun",C1,4.00,47371,2243,,4.5868
2684,emit:verb,"emit","verb",,4.43,25688,2244,,4.5871
2685,swirl:verb,"swirl","verb",,4.10,23358,2245,,4.5874
2686,propel:verb,"propel","verb",,4.43,31660,2246,,4.5876
2687,substantially:adverb,"substantially","adverb",C1,4.00,29254,2247,,4.5879
2688,faction:noun,"faction","noun",C1,4.00,17886,2251,,4.5889
2689,entangle:verb,"entangle","verb",,4.44,,2252,,4.5892
2690,luminous:adjective,"luminous","adjective",,4.10,22734,2253,,4.5894
2691,suburban:adjective,"suburban","adjective",C1,4.00,14529,2254,,4.5897
2692,rave:verb,"rave","verb",,4.00,13380,2255,,4.5900
2693,raft:noun,"raft","noun",,4.00,9569,2256,,4.5902
2694,extinguish:verb,"extinguish","verb",,4.10,21228,2257,,4.5905
2695,prologue:noun,"prologue","noun",,4.43,28141,2258,,4.5908
2696,communion:noun,"communion","noun",,4.00,11375,2259,,4.5910
2697,bail:noun,"bail","noun",,4.00,3224,2260,,4.5913
2698,rumble:verb,"rumble","verb",C1,4.00,13530,2263,,4.5921
2699,adolescence:noun,"adolescence","noun",,4.10,22588,2264,,4.5923
2700,gush:verb,"gush","verb",C1,4.00,35349,2268,,4.5934
2701,negligent:adjective,"negligent","adjective",C1,4.00,22333,2270,,4.5939
2702,tavern:noun,"tavern","noun",,4.00,9996,2277,,4.5957
2703,hangover:noun,"hangover","noun",,4.00,9648,2282,,4.5970
2704,wicket:noun,"wicket","noun",,4.43,27075,2285,,4.5978
2705,skid:noun,"skid","noun",,4.10,15845,2287,,4.5983
2706,assassinate:verb,"assassinate","verb",,4.00,14102,2288,,4.5986
2707,lust:noun,"lust","noun",C1,4.00,5537,2290,,4.5991
2708,abound:verb,"abound","verb",C1,4.00,33504,2292,,4.5997
2709,prostitute:noun,"prostitute","noun",,4.00,5324,2293,,4.5999
2710,unstable:adjective,"unstable","adjective",,4.00,6911,2296,,4.6007
2711,archaic:adjective,"archaic","adjective",,4.43,26321,2298,,4.6012
2712,durable:adjective,"durable","adjective",C1,4.00,27673,2299,,4.6015
2713,retort:verb,"retort","verb",,4.44,46179,2300,,4.6017
2714,sarcastic:adjective,"sarcastic","adjective",C1,4.00,11533,2304,,4.6028
2715,fad:noun,"fad","noun",,4.10,16445,2306,,4.6033
2716,assorted:adjective,"assorted","adjective",,4.43,26656,2308,,4.6038
2717,defective:adjective,"defective","adjective",,4.10,15543,2312,,4.6049
2718,shudder:verb,"shudder","verb",,4.10,22463,2316,,4.6059
2719,cramp:noun,"cramp","noun",,4.00,13014,2319,,4.6067
2720,frantic:adjective,"frantic","adjective",,4.10,15174,2320,,4.6070
2721,ripple:noun,"ripple","noun",,4.10,19924,2334,,4.6106
2722,recede:verb,"recede","verb",,4.43,36712,2336,,4.6112
2723,ascertain:verb,"ascertain","verb",,4.10,21404,2337,,4.6114
2724,negligible:adjective,"negligible","adjective",C1,4.00,37541,2338,,4.6117
2725,disdain:verb,"disdain","verb",C1,4.00,24618,2341,,4.6125
2726,poach:verb,"poach","verb",,4.43,28915,2343,,4.6130
2727,paraphrase:noun,"paraphrase","noun",,4.44,49365,2344,,4.6133
2728,prophecy:noun,"prophecy","noun",,4.00,8552,2347,,4.6140
2729,captivity:noun,"captivity","noun",,4.10,16081,2353,,4.6156
2730,sterile:adjective,"sterile","adjective",,4.00,13221,2354,,4.6159
2731,deodorant:noun,"deodorant","noun",,4.10,17473,2357,,4.6167
2732,shrill:adjective,"shrill","adjective",,4.43,25391,2359,,4.6172
2733,contagious:adjective,"contagious","adjective",,4.00,9578,2360,,4.6174
2734,hostage:noun,"hostage","noun",,4.00,3873,2362,,4.6180
2735,sovereign:noun,"sovereign","noun",,4.00,10608,2364,,4.6185
2736,maze:noun,"maze","noun",,4.00,9386,2369,,4.6198
2737,conserve:verb,"conserve","verb",C1,4.00,19698,2372,,4.6206
2738,nurture:verb,"nurture","verb",,4.10,18388,2373,,4.6208
2739,tilt:verb,"tilt","verb",,4.00,13886,2374,,4.6211
2740,tonic:noun,"tonic","noun",,4.00,10066,2375,,4.6214
2741,dissolution:noun,"dissolution","noun",,4.43,32547,2377,,4.6219
2742,arrogance:noun,"arrogance","noun",,4.00,10323,2378,,4.6222
2743,rotate:verb,"rotate","verb",C1,4.00,14704,2379,,4.6224
2744,craze:verb,"craze","verb",,4.10,21885,2381,,4.6229
2745,pier:noun,"pier","noun",,4.00,7148,2382,,4.6232
2746,juvenile:adjective,"juvenile","adjective",C1,4.00,8443,2386,,4.6242
2747,resolute:adjective,"resolute","adjective",,4.43,28004,2388,,4.6248
2748,coup:noun,"coup","noun",,4.00,8647,2391,,4.6256
2749,rarity:noun,"rarity","noun",C1,4.00,18790,2395,,4.6266
2750,reddish:adjective,"reddish","adjective",,4.43,34389,2396,,4.6269
2751,shrewd:adjective,"shrewd","adjective",,4.10,17548,2399,,4.6276
2752,glaze:verb,"glaze","verb",,4.43,24553,2400,,4.6279
2753,thereby:adverb,"thereby","adverb",C1,4.00,16417,2402,,4.6284
2754,unprecedented:adjective,"unprecedented","adjective",,4.00,11556,2403,,4.6287
2755,take-a-beating:phrase,"take a beating","phrase",,4.60,2232,440,1,4.6308
2756,sanction:noun,"sanction","noun",,4.10,22366,2415,,4.6318
2757,poke:verb,"poke","verb",,4.00,7479,2417,,4.6324
2758,remnant:noun,"remnant","noun",,4.43,25987,2420,,4.6331
2759,grotesque:adjective,"grotesque","adjective",,4.10,16177,2422,,4.6337
2760,discourse:noun,"discourse","noun",C1,4.00,25482,2423,,4.6339
2761,verdict:noun,"verdict","noun",C1,4.00,5201,2426,,4.6347
2762,credibility:noun,"credibility","noun",C1,4.00,10748,2430,,4.6358
2763,collaboration:noun,"collaboration","noun",C1,4.00,13970,2433,,4.6365
2764,sovereignty:noun,"sovereignty","noun",,4.10,21064,2438,,4.6378
2765,sibling:noun,"sibling","noun",,4.10,17048,2440,,4.6384
2766,shoelace:noun,"shoelace","noun",,4.43,28572,2442,,4.6389
2767,miser:noun,"miser","noun",,4.10,23168,2447,,4.6402
2768,abbreviate:verb,"abbreviate","verb",,4.44,,2450,,4.6410
2769,ingenuity:noun,"ingenuity","noun",C1,4.00,17567,2451,,4.6413
2770,swap:verb,"swap","verb",C1,4.00,7481,2452,,4.6415
2771,afar:adverb,"afar","adverb",,4.00,12247,2453,,4.6418
2772,analogous:adjective,"analogous","adjective",,4.44,,2455,,4.6423
2773,dissent:verb,"dissent","verb",,4.43,27874,2457,,4.6428
2774,diverge:verb,"diverge","verb",C1,4.00,,2458,,4.6431
2775,distaste:noun,"distaste","noun",,4.44,49959,2459,,4.6433
2776,overt:adjective,"overt","adjective",,4.43,35643,2460,,4.6436
2777,ordeal:noun,"ordeal","noun",,4.00,11711,2461,,4.6439
2778,crescent:noun,"crescent","noun",,4.10,16535,2462,,4.6441
2779,outnumber:verb,"outnumber","verb",,4.43,26919,2464,,4.6447
2780,pact:noun,"pact","noun",,4.00,8425,2466,,4.6452
2781,purge:verb,"purge","verb",,4.00,13533,2468,,4.6457
2782,remorse:noun,"remorse","noun",C1,4.00,9142,2470,,4.6462
2783,apathy:noun,"apathy","noun",,4.43,29337,2471,,4.6465
2784,lifelike:adjective,"lifelike","adjective",,4.43,28847,2472,,4.6467
2785,transit:noun,"transit","noun",C1,4.00,11756,2473,,4.6470
2786,faithless:adjective,"faithless","adjective",,4.43,30145,2474,,4.6473
2787,enrage:verb,"enrage","verb",,4.44,,2475,,4.6475
2788,ply:verb,"ply","verb",,4.43,30436,2477,,4.6481
2789,dogma:noun,"dogma","noun",,4.43,30403,2479,,4.6486
2790,occupant:noun,"occupant","noun",C1,4.00,30864,2480,,4.6488
2791,erroneous:adjective,"erroneous","adjective",,4.44,42659,2482,,4.6494
2792,siege:noun,"siege","noun",,4.00,9783,2483,,4.6496
2793,notional:adjective,"notional","adjective",,4.44,,2485,,4.6501
2794,militant:adjective,"militant","adjective",,4.10,19254,2486,,4.6504
2795,confess-to:phrase,"confess to","phrase",,4.60,2856,2501,1,4.6509
2796,inconceivable:adjective,"inconceivable","adjective",,4.10,22118,2488,,4.6509
2797,bonfire:noun,"bonfire","noun",,4.00,14231,2490,,4.6515
2798,constable:noun,"constable","noun",,4.00,5164,2492,,4.6520
2799,enmity:noun,"enmity","noun",,4.10,18875,2495,,4.6528
2800,forearm:noun,"forearm","noun",,4.10,22696,2497,,4.6533
2801,monopolize:verb,"monopolize","verb",,4.44,48070,2500,,4.6541
2802,no-sweat:phrase,"no sweat","phrase",,4.60,2975,904,1,4.6543
2803,vogue:noun,"vogue","noun",,4.10,16249,2504,,4.6551
2804,nip:verb,"nip","verb",,4.00,11668,2505,,4.6554
2805,pervade:verb,"pervade","verb",,4.44,,2508,,4.6562
2806,rigorous:adjective,"rigorous","adjective",,4.10,20774,2509,,4.6564
2807,wipe-up:phrase,"wipe up","phrase",,4.60,3056,3235,1,4.6565
2808,rectify:verb,"rectify","verb",,4.10,23828,2514,,4.6577
2809,fingertip:noun,"fingertip","noun",,4.44,49599,2520,,4.6593
2810,celestial:adjective,"celestial","adjective",,4.00,11744,2521,,4.6596
2811,crave:verb,"crave","verb",C1,4.00,13662,2522,,4.6598
2812,bog:noun,"bog","noun",,4.00,14955,2523,,4.6601
2813,anecdote:noun,"anecdote","noun",,4.43,29577,2524,,4.6603
2814,amiable:adjective,"amiable","adjective",,4.43,32539,2525,,4.6606
2815,bail-out:phrase,"bail out","phrase",,4.60,3224,3385,1,4.6608
2816,infuse:verb,"infuse","verb",,4.44,42952,2526,,4.6609
2817,precedent:noun,"precedent","noun",,4.00,14298,2527,,4.6611
2818,surmise:verb,"surmise","verb",,4.43,33298,2528,,4.6614
2819,noteworthy:adjective,"noteworthy","adjective",,4.44,49008,2529,,4.6617
2820,contention:noun,"contention","noun",,4.43,24523,2531,,4.6622
2821,cuddle:verb,"cuddle","verb",,4.00,11793,2532,,4.6624
2822,hail-from:phrase,"hail from","phrase",,4.60,3302,1189,1,4.6628
2823,duchess:noun,"duchess","noun",,4.00,8324,2534,,4.6630
2824,plaque:noun,"plaque","noun",C1,4.00,13710,2535,,4.6632
2825,fusion:noun,"fusion","noun",C1,4.00,10562,2542,,4.6651
2826,incoherent:adjective,"incoherent","adjective",,4.43,29633,2545,,4.6658
2827,slack:adjective,"slack","adjective",C1,4.00,8004,2547,,4.6664
2828,extravagance:noun,"extravagance","noun",C1,4.00,31898,2548,,4.6666
2829,precarious:adjective,"precarious","adjective",,4.10,23436,2549,,4.6669
2830,complain-of:phrase,"complain of","phrase",,4.60,3486,394,1,4.6672
2831,pester:verb,"pester","verb",,4.43,24810,2551,,4.6674
2832,pang:noun,"pang","noun",,4.10,18991,2554,,4.6682
2833,glisten:verb,"glisten","verb",,4.44,,2555,,4.6685
2834,decree:noun,"decree","noun",,4.00,11444,2557,,4.6690
2835,censor:noun,"censor","noun",,4.10,23771,2558,,4.6692
2836,evoke:verb,"evoke","verb",C1,4.00,30525,2559,,4.6695
2837,highness:noun,"highness","noun",,4.00,2526,2566,,4.6713
2838,sinister:adjective,"sinister","adjective",,4.00,9679,2568,,4.6719
2839,salvation:noun,"salvation","noun",C1,4.00,6428,2569,,4.6721
2840,intuitive:adjective,"intuitive","adjective",C1,4.00,22039,2571,,4.6726
2841,temperance:noun,"temperance","noun",,4.10,23335,2572,,4.6729
2842,abort:verb,"abort","verb",,4.00,9168,2573,,4.6732
2843,occidental:adjective,"occidental","adjective",,4.44,,2576,,4.6740
2844,chant:noun,"chant","noun",,4.00,11384,2579,,4.6747
2845,rustic:adjective,"rustic","adjective",,4.10,20395,2580,,4.6750
2846,gutter:noun,"gutter","noun",,4.00,9218,2582,,4.6755
2847,observatory:noun,"observatory","noun",,4.10,15315,2583,,4.6758
2848,populous:adjective,"populous","adjective",,4.44,,2584,,4.6760
2849,supersonic:adjective,"supersonic","adjective",,4.43,25462,2585,,4.6763
2850,janitor:noun,"janitor","noun",,4.00,7811,2586,,4.6766
2851,pile-in:phrase,"pile in","phrase",,4.60,3944,679,1,4.6773
2852,pile-up:phrase,"pile up","phrase",,4.60,3944,1777,1,4.6773
2853,sensory:adjective,"sensory","adjective",,4.10,19294,2589,,4.6774
2854,ruthless:adjective,"ruthless","adjective",C1,4.00,7432,2590,,4.6776
2855,deter:verb,"deter","verb",,4.43,25631,2591,,4.6779
2856,jot:noun,"jot","noun",,4.43,26552,2593,,4.6784
2857,be-obsessed-with:phrase,"be obsessed with","phrase",,4.60,4003,774,1,4.6785
2858,cheery:adjective,"cheery","adjective",,4.10,21547,2594,,4.6787
2859,admire-a-for-b:phrase,"admire A for B","phrase",,4.60,4010,443,1,4.6787
2860,din:noun,"din","noun",,4.10,15816,2597,,4.6794
2861,rub-in:phrase,"rub in","phrase",,4.60,4050,314,1,4.6795
2862,intimidate:verb,"intimidate","verb",,4.00,13226,2598,,4.6797
2863,insincere:adjective,"insincere","adjective",,4.43,35560,2599,,4.6800
2864,obstruct:verb,"obstruct","verb",,4.43,28811,2600,,4.6802
2865,astray:adverb,"astray","adverb",C1,4.00,13214,2601,,4.6805
2866,obsolete:adjective,"obsolete","adjective",,4.10,15520,2603,,4.6810
2867,wail:verb,"wail","verb",,4.10,15842,2604,,4.6813
2868,conceited:adjective,"conceited","adjective",,4.10,18227,2605,,4.6815
2869,morale:noun,"morale","noun",,4.00,9998,2607,,4.6821
2870,transcribe:verb,"transcribe","verb",,4.44,,2609,,4.6826
2871,rascal:noun,"rascal","noun",,4.00,5231,2610,,4.6828
2872,heredity:noun,"heredity","noun",,4.44,43918,2614,,4.6839
2873,barter:verb,"barter","verb",,4.10,22707,2615,,4.6842
2874,aloof:adverb,"aloof","adverb",,4.43,24909,2616,,4.6844
2875,indecent:adjective,"indecent","adjective",,4.00,13483,2617,,4.6847
2876,gravel:noun,"gravel","noun",,4.00,13419,2619,,4.6852
2877,swallow-up:phrase,"swallow up","phrase",,4.60,4360,802,1,4.6855
2878,elaboration:noun,"elaboration","noun",C1,4.00,,2621,,4.6857
2879,cynical:adjective,"cynical","adjective",C1,4.00,10406,2622,,4.6860
2880,sustainable:adjective,"sustainable","adjective",C1,4.00,20060,2627,,4.6873
2881,mobilize:verb,"mobilize","verb",,4.10,21232,2633,,4.6889
2882,taint:noun,"taint","noun",,4.10,23376,2634,,4.6891
2883,assertive:adjective,"assertive","adjective",,4.43,30476,2635,,4.6894
2884,layman:noun,"layman","noun",,4.10,23566,2638,,4.6902
2885,gust:noun,"gust","noun",,4.43,26989,2643,,4.6915
2886,overcast:adjective,"overcast","adjective",,4.44,38452,2647,,4.6925
2887,feudal:adjective,"feudal","adjective",,4.43,25910,2648,,4.6928
2888,make-a-fuss:phrase,"make a fuss","phrase",,4.60,4804,632,1,4.6935
2889,head-over-heels:phrase,"head over heels","phrase",,4.60,4844,1213,1,4.6941
2890,shun:verb,"shun","verb",,4.00,14538,2655,,4.6946
2891,damned:adjective,"damned","adjective",,4.00,2822,2656,,4.6949
2892,curfew:noun,"curfew","noun",,4.00,8870,2658,,4.6954
2893,uproar:noun,"uproar","noun",,4.10,19459,2659,,4.6957
2894,yolk:noun,"yolk","noun",,4.43,25929,2661,,4.6962
2895,terminate:verb,"terminate","verb",,4.00,12854,2662,,4.6965
2896,fall-prey-to:phrase,"fall prey to","phrase",,4.60,5002,411,1,4.6968
2897,monotony:noun,"monotony","noun",C1,4.00,34629,2664,,4.6970
2898,linguistics:noun,"linguistics","noun",,4.44,41758,2665,,4.6972
2899,in-vain:phrase,"in vain","phrase",,4.60,5061,3103,1,4.6977
2900,enrichment:noun,"enrichment","noun",,4.44,43708,2667,,4.6978
2901,infuriate:verb,"infuriate","verb",,4.44,,2672,,4.6991
2902,oblivion:noun,"oblivion","noun",,4.00,14664,2673,,4.6993
2903,sift:verb,"sift","verb",,4.43,30577,2674,,4.6996
2904,placid:adjective,"placid","adjective",C1,4.00,32117,2675,,4.6999
2905,persevere:verb,"persevere","verb",,4.43,27792,2676,,4.7001
2906,fixture:noun,"fixture","noun",C1,4.00,30313,2678,,4.7006
2907,disruptive:adjective,"disruptive","adjective",,4.43,25736,2679,,4.7009
2908,impeach:verb,"impeach","verb",,4.44,45110,2680,,4.7012
2909,inexplicable:adjective,"inexplicable","adjective",C1,4.00,21994,2681,,4.7014
2910,hypocrite:noun,"hypocrite","noun",C1,4.00,9771,2683,,4.7019
2911,blizzard:noun,"blizzard","noun",,4.10,15350,2684,,4.7022
2912,longevity:noun,"longevity","noun",,4.10,22095,2685,,4.7025
2913,fatherland:noun,"fatherland","noun",,4.10,15951,2687,,4.7030
2914,reminiscence:noun,"reminiscence","noun",,4.44,,2689,,4.7035
2915,in-spite-of:phrase,"in spite of","phrase",,4.60,5456,958,1,4.7039
2916,expose-a-to-b:phrase,"expose A to B","phrase",,4.60,5465,2783,1,4.7040
2917,eager-to:phrase,"eager to","phrase",,4.60,5557,187,1,4.7054
2918,trickle:verb,"trickle","verb",,4.43,27415,2697,,4.7056
2919,contour:noun,"contour","noun",,4.44,39003,2700,,4.7064
2920,cough-up:phrase,"cough up","phrase",,4.60,5629,3059,1,4.7064
2921,in-disguise:phrase,"in disguise","phrase",,4.60,5631,907,1,4.7065
2922,irrelevance:noun,"irrelevance","noun",,4.44,,2702,,4.7069
2923,fragrant:adjective,"fragrant","adjective",,4.10,17880,2703,,4.7072
2924,tentative:adjective,"tentative","adjective",,4.43,31525,2705,,4.7077
2925,crimson:adjective,"crimson","adjective",,4.00,15037,2706,,4.7080
2926,bounce-back:phrase,"bounce back","phrase",,4.60,5747,2830,1,4.7081
2927,rogue:noun,"rogue","noun",,4.00,6474,2708,,4.7085
2928,be-doomed-to:phrase,"be doomed to","phrase",,4.60,5781,1226,1,4.7086
2929,preparatory:adjective,"preparatory","adjective",,4.44,42777,2709,,4.7088
2930,acoustic:adjective,"acoustic","adjective",C1,4.00,16667,2710,,4.7090
2931,lighthearted:adjective,"lighthearted","adjective",,4.44,,2711,,4.7093
2932,discord:noun,"discord","noun",,4.10,21478,2712,,4.7095
2933,fore:adjective,"fore","adjective",,4.10,15826,2713,,4.7098
2934,throng:noun,"throng","noun",,4.43,37463,2714,,4.7101
2935,chauffeur:noun,"chauffeur","noun",,4.00,9305,2715,,4.7103
2936,midweek:noun,"midweek","noun",,4.44,,2716,,4.7106
2937,psychic:adjective,"psychic","adjective",,4.00,4965,2717,,4.7108
2938,flair:noun,"flair","noun",,4.10,15313,2719,,4.7114
2939,madden:verb,"madden","verb",,4.10,19119,2720,,4.7116
2940,lukewarm:adjective,"lukewarm","adjective",,4.43,26314,2722,,4.7122
2941,sling:noun,"sling","noun",,4.00,14163,2724,,4.7127
2942,legitimacy:noun,"legitimacy","noun",,4.43,27752,2725,,4.7129
2943,assassin:noun,"assassin","noun",,4.00,5903,2728,,4.7137
2944,weigh-on:phrase,"weigh on","phrase",,4.60,6179,1640,1,4.7140
2945,scrutiny:noun,"scrutiny","noun",C1,4.00,18301,2731,,4.7145
2946,overdue:adjective,"overdue","adjective",,4.00,12041,2732,,4.7148
2947,deteriorate:verb,"deteriorate","verb",,4.43,30021,2734,,4.7153
2948,grandeur:noun,"grandeur","noun",,4.10,18955,2735,,4.7156
2949,parasite:noun,"parasite","noun",C1,4.00,11338,2736,,4.7158
2950,renounce:verb,"renounce","verb",,4.00,13398,2737,,4.7161
2951,porridge:noun,"porridge","noun",,4.00,12173,2738,,4.7163
2952,sled:noun,"sled","noun",,4.10,15395,2740,,4.7169
2953,entice:verb,"entice","verb",,4.10,23754,2741,,4.7171
2954,peat:noun,"peat","noun",,4.43,28447,2742,,4.7174
2955,sunken:adjective,"sunken","adjective",,4.10,22375,2744,,4.7179
2956,oversight:noun,"oversight","noun",,4.00,14811,2745,,4.7182
2957,immeasurable:adjective,"immeasurable","adjective",,4.43,34997,2746,,4.7184
2958,outsmart:verb,"outsmart","verb",,4.43,24861,2747,,4.7187
2959,distract-a-from-b:phrase,"distract A from B","phrase",,4.60,6552,2284,1,4.7188
2960,neutralize:verb,"neutralize","verb",C1,4.00,16961,2748,,4.7190
2961,supremacy:noun,"supremacy","noun",,4.43,24146,2749,,4.7192
2962,electrify:verb,"electrify","verb",,4.44,,2751,,4.7197
2963,be-reckless-of:phrase,"be reckless of","phrase",,4.60,6670,553,1,4.7203
2964,boon:noun,"boon","noun",,4.10,15952,2754,,4.7205
2965,stir-up:phrase,"stir up","phrase",,4.60,6708,1417,1,4.7208
2966,jest:noun,"jest","noun",,4.10,18650,2756,,4.7210
2967,phonetic:adjective,"phonetic","adjective",,4.44,,2757,,4.7213
2968,sewer:noun,"sewer","noun",,4.00,8350,2759,,4.7218
2969,pane:noun,"pane","noun",,4.43,26853,2760,,4.7221
2970,muscular:adjective,"muscular","adjective",C1,4.00,14604,2761,,4.7224
2971,recurrence:noun,"recurrence","noun",,4.44,45745,2763,,4.7229
2972,skeptical:adjective,"skeptical","adjective",,4.10,15324,2764,,4.7231
2973,foretell:verb,"foretell","verb",,4.44,38058,2767,,4.7239
2974,emigrant:noun,"emigrant","noun",,4.44,,2768,,4.7242
2975,sanctuary:noun,"sanctuary","noun",,4.00,7690,2769,,4.7244
2976,prank:noun,"prank","noun",,4.00,6703,2771,,4.7250
2977,segregate:verb,"segregate","verb",,4.44,,2773,,4.7255
2978,fade-out:phrase,"fade out","phrase",,4.60,7127,3086,1,4.7257
2979,retention:noun,"retention","noun",C1,4.00,35134,2776,,4.7263
2980,boil-down-to:phrase,"boil down to","phrase",,4.60,7194,380,1,4.7265
2981,boil-over:phrase,"boil over","phrase",,4.60,7194,785,1,4.7265
2982,whereby:conjunction,"whereby","conjunction",,4.43,26250,2778,,4.7268
2983,peel-away:phrase,"peel away","phrase",,4.60,7249,282,1,4.7271
2984,dubious:adjective,"dubious","adjective",,4.10,17624,2780,,4.7273
2985,intrigue:noun,"intrigue","noun",,4.10,17042,2781,,4.7276
2986,captivate:verb,"captivate","verb",,4.44,,2782,,4.7278
2987,tidy-up:phrase,"tidy up","phrase",,4.60,7361,3176,1,4.7284
2988,avert:verb,"avert","verb",,4.43,24093,2791,,4.7302
2989,dreary:adjective,"dreary","adjective",,4.10,16384,2792,,4.7305
2990,devoid:adjective,"devoid","adjective",,4.10,21930,2796,,4.7315
2991,notation:noun,"notation","noun",,4.43,37679,2801,,4.7328
2992,torrent:noun,"torrent","noun",,4.43,28458,2802,,4.7331
2993,perpetuate:verb,"perpetuate","verb",C1,4.00,33631,2804,,4.7336
2994,evergreen:adjective,"evergreen","adjective",,4.43,31179,2805,,4.7339
2995,manipulation:noun,"manipulation","noun",C1,4.00,14474,2807,,4.7344
2996,hectic:adjective,"hectic","adjective",,4.10,16573,2809,,4.7349
2997,sap:noun,"sap","noun",C1,4.00,12302,2813,,4.7360
2998,not-surprisingly:adverb,"not surprisingly","adverb",,4.60,8094,1985,1,4.7361
2999,predominant:adjective,"predominant","adjective",,4.44,,2814,,4.7362
3000,devotee:noun,"devotee","noun",C1,4.00,26872,2816,,4.7367
3001,pretext:noun,"pretext","noun",,4.10,15841,2818,,4.7373
3002,idly:adverb,"idly","adverb",,4.10,23904,2819,,4.7375
3003,sew-up:phrase,"sew up","phrase",,4.60,8251,252,1,4.7377
3004,repentance:noun,"repentance","noun",,4.10,20633,2820,,4.7378
3005,ceaseless:adjective,"ceaseless","adjective",C1,4.00,48750,2821,,4.7381
3006,catch-a-glimpse-of:phrase,"catch a glimpse of","phrase",,4.60,8334,962,1,4.7385
3007,gratification:noun,"gratification","noun",,4.43,29173,2823,,4.7386
3008,radioactive:adjective,"radioactive","adjective",,4.00,9777,2825,,4.7391
3009,akin:adjective,"akin","adjective",,4.43,27936,2826,,4.7394
3010,meek:adjective,"meek","adjective",,4.10,18736,2827,,4.7396
3011,layoff:noun,"layoff","noun",,4.44,,2829,,4.7401
3012,barge-in:phrase,"barge in","phrase",,4.60,8539,652,1,4.7405
3013,illegitimate:adjective,"illegitimate","adjective",,4.10,15271,2832,,4.7409
3014,exertion:noun,"exertion","noun",,4.43,33119,2833,,4.7412
3015,lethal:adjective,"lethal","adjective",,4.00,6818,2834,,4.7415
3016,condemnation:noun,"condemnation","noun",,4.43,33501,2837,,4.7422
3017,frivolous:adjective,"frivolous","adjective",,4.10,16845,2840,,4.7430
3018,ex-exquisite:adjective,"ex exquisite","adjective",,4.60,8808,1604,1,4.7430
3019,compulsion:noun,"compulsion","noun",C1,4.00,19563,2842,,4.7435
3020,sequel:noun,"sequel","noun",C1,4.00,15973,2844,,4.7441
3021,agitate:verb,"agitate","verb",,4.44,38729,2845,,4.7443
3022,tangible:adjective,"tangible","adjective",,4.10,18336,2847,,4.7449
3023,evade:verb,"evade","verb",,4.10,18493,2849,,4.7454
3024,buckle-down:phrase,"buckle down","phrase",,4.60,9096,1982,1,4.7457
3025,seduce:verb,"seduce","verb",,4.00,8284,2851,,4.7459
3026,sinner:noun,"sinner","noun",,4.00,9613,2852,,4.7462
3027,haze:noun,"haze","noun",,4.10,16497,2854,,4.7467
3028,woe:noun,"woe","noun",,4.00,10058,2855,,4.7469
3029,obstacle-to:phrase,"obstacle to","phrase",,4.60,9245,2693,1,4.7470
3030,illogical:adjective,"illogical","adjective",,4.10,21998,2858,,4.7477
3031,radiant:adjective,"radiant","adjective",,4.00,13692,2859,,4.7480
3032,be-weary-of:phrase,"be weary of","phrase",,4.60,9370,1217,1,4.7481
3033,oversee:verb,"oversee","verb",C1,4.00,16651,2862,,4.7488
3034,plateau:noun,"plateau","noun",,4.00,14770,2863,,4.7490
3035,detain:verb,"detain","verb",,4.00,14824,2864,,4.7493
3036,nod-off:phrase,"nod off","phrase",,4.60,9602,2810,1,4.7501
3037,light-bulb:noun,"light bulb","noun",,4.60,9612,2324,1,4.7502
3038,peek:verb,"peek","verb",,4.00,8349,2868,,4.7503
3039,impotent:adjective,"impotent","adjective",,4.00,12975,2869,,4.7506
3040,dictatorship:noun,"dictatorship","noun",,4.00,13879,2872,,4.7514
3041,run-errands:phrase,"run errands","phrase",,4.60,9770,734,1,4.7515
3042,confound:verb,"confound","verb",,4.43,26561,2873,,4.7517
3043,anarchy:noun,"anarchy","noun",,4.00,12991,2874,,4.7519
3044,deduct:verb,"deduct","verb",,4.10,21963,2876,,4.7524
3045,toothpick:noun,"toothpick","noun",,4.10,23629,2878,,4.7530
3046,prop-up:phrase,"prop up","phrase",,4.60,9959,253,1,4.7531
3047,avalanche:noun,"avalanche","noun",,4.00,14221,2879,,4.7532
3048,irrigate:verb,"irrigate","verb",,4.43,36580,2881,,4.7538
3049,imprudent:adjective,"imprudent","adjective",,4.44,40586,2882,,4.7540
3050,dispose-of:verb,"dispose of","verb",,4.60,10091,852,1,4.7542
3051,disfigure:verb,"disfigure","verb",,4.44,,2884,,4.7545
3052,pinnacle:noun,"pinnacle","noun",C1,4.00,22781,2885,,4.7548
3053,botanist:noun,"botanist","noun",,4.43,33330,2886,,4.7551
3054,discreet:adjective,"discreet","adjective",,4.00,7558,2887,,4.7553
3055,maternal:adjective,"maternal","adjective",C1,4.00,14244,2888,,4.7556
3056,regiment:noun,"regiment","noun",,4.00,6972,2889,,4.7558
3057,congestion:noun,"congestion","noun",,4.43,30568,2890,,4.7561
3058,on-standby:phrase,"on standby","phrase",,4.60,10347,1680,1,4.7562
3059,dilute:verb,"dilute","verb",,4.44,38150,2891,,4.7564
3060,make-haste:phrase,"make haste","phrase",,4.60,10392,455,1,4.7566
3061,crumble:verb,"crumble","verb",C1,4.00,14044,2892,,4.7566
3062,reciprocal:adjective,"reciprocal","adjective",,4.44,41643,2893,,4.7569
3063,flare-up:phrase,"flare up","phrase",,4.60,10519,404,1,4.7576
3064,localize:verb,"localize","verb",,4.44,,2899,,4.7585
3065,complacent:adjective,"complacent","adjective",,4.43,29178,2901,,4.7590
3066,seldom-if-ever:phrase,"seldom if ever","phrase",,4.60,10770,665,1,4.7595
3067,childbirth:noun,"childbirth","noun",,4.00,15104,2904,,4.7598
3068,tact:noun,"tact","noun",C1,4.00,21586,2906,,4.7603
3069,tighten-up:phrase,"tighten up","phrase",,4.60,10980,3214,1,4.7611
3070,abstraction:noun,"abstraction","noun",C1,4.00,48877,2910,,4.7613
3071,premature:adjective,"premature","adjective",,4.00,11212,2912,,4.7619
3072,ups-and-downs:noun,"ups and downs","noun",,4.60,11112,383,1,4.7621
3073,forefinger:noun,"forefinger","noun",,4.44,46372,2913,,4.7621
3074,self-esteem:noun,"self-esteem","noun",,4.60,11152,3039,1,4.7623
3075,in-the-suburbs-of:phrase,"in the suburbs of","phrase",,4.60,11154,536,1,4.7624
3076,bran:noun,"bran","noun",,4.10,19564,2914,,4.7624
3077,threaten-with-extinction:phrase,"threaten with extinction","phrase",,4.60,11187,1355,1,4.7626
3078,mythology:noun,"mythology","noun",C1,4.00,13070,2915,,4.7626
3079,wrestle-with:phrase,"wrestle with","phrase",,4.60,11317,869,1,4.7636
3080,swoop:verb,"swoop","verb",,4.10,16155,2919,,4.7637
3081,whatsoever:adverb,"whatsoever","adverb",,4.00,5730,2920,,4.7640
3082,plummet:verb,"plummet","verb",C1,4.00,31215,2922,,4.7645
3083,alienate:verb,"alienate","verb",C1,4.00,32321,2926,,4.7655
3084,tumult:noun,"tumult","noun",,4.44,46851,2929,,4.7663
3085,abide-by:phrase,"abide by","phrase",,4.60,11760,3177,1,4.7667
3086,apiece:adverb,"apiece","adverb",,4.00,13509,2933,,4.7674
3087,out-of-bounds:phrase,"out of bounds","phrase",,4.60,11919,550,1,4.7678
3088,renown:noun,"renown","noun",C1,4.00,35195,2936,,4.7681
3089,intricacy:noun,"intricacy","noun",,4.44,,2937,,4.7684
3090,effortless:adjective,"effortless","adjective",C1,4.00,32272,2938,,4.7687
3091,futile:adjective,"futile","adjective",,4.00,12687,2939,,4.7689
3092,entrust:verb,"entrust","verb",,4.00,14809,2940,,4.7692
3093,robust:adjective,"robust","adjective",C1,4.00,18606,2941,,4.7694
3094,cling-to:phrase,"cling to","phrase",,4.60,12295,3243,1,4.7703
3095,attest:verb,"attest","verb",,4.43,27334,2945,,4.7705
3096,evaporate:verb,"evaporate","verb",,4.43,26807,2946,,4.7708
3097,squeak:verb,"squeak","verb",,4.00,12872,2947,,4.7710
3098,retrace:verb,"retrace","verb",C1,4.00,24115,2948,,4.7713
3099,aggravate:verb,"aggravate","verb",,4.43,34325,2950,,4.7718
3100,plunge-a-into-b:phrase,"plunge A into B","phrase",,4.60,12585,333,1,4.7722
3101,take-the-plunge:phrase,"take the plunge","phrase",,4.60,12585,1168,1,4.7722
3102,crunch:verb,"crunch","verb",,4.00,9603,2952,,4.7723
3103,forcible:adjective,"forcible","adjective",,4.44,45833,2953,,4.7726
3104,gaily:adverb,"gaily","adverb",,4.44,44412,2958,,4.7739
3105,recur:verb,"recur","verb",,4.44,,2960,,4.7744
3106,defiant:adjective,"defiant","adjective",,4.10,18233,2965,,4.7757
3107,fungus:noun,"fungus","noun",,4.00,12771,2966,,4.7760
3108,go-astray:phrase,"go astray","phrase",,4.60,13214,230,1,4.7762
3109,improvise:verb,"improvise","verb",,4.00,12864,2967,,4.7763
3110,sluggish:adjective,"sluggish","adjective",,4.43,27688,2968,,4.7765
3111,glossy:adjective,"glossy","adjective",,4.43,31627,2969,,4.7768
3112,acclaim:verb,"acclaim","verb",,4.43,37095,2970,,4.7770
3113,commencement:noun,"commencement","noun",,4.43,35481,2971,,4.7773
3114,trespass:verb,"trespass","verb",,4.10,15726,2973,,4.7778
3115,convene:verb,"convene","verb",,4.43,28191,2974,,4.7781
3116,mingle-with:phrase,"mingle with","phrase",,4.60,13535,827,1,4.7782
3117,predator:noun,"predator","noun",,4.00,8617,2976,,4.7786
3118,diagnose:verb,"diagnose","verb",,4.10,21785,2978,,4.7791
3119,in-anticipation-of:phrase,"in anticipation of","phrase",,4.60,13693,911,1,4.7791
3120,trifle-with:phrase,"trifle with","phrase",,4.60,13743,860,1,4.7794
3121,deploy:verb,"deploy","verb",,4.00,12028,2980,,4.7797
3122,inmate:noun,"inmate","noun",,4.00,9782,2985,,4.7810
3123,carbohydrate:noun,"carbohydrate","noun",,4.44,,2988,,4.7817
3124,envision:verb,"envision","verb",,4.43,28704,2990,,4.7823
3125,set-a-precedent:phrase,"set a precedent","phrase",,4.60,14298,197,1,4.7827
3126,regulator:noun,"regulator","noun",,4.43,28942,2994,,4.7833
3127,be-prone-to:phrase,"be prone to","phrase",,4.60,14570,265,1,4.7842
3128,enact:verb,"enact","verb",,4.43,32219,2999,,4.7846
3129,frown-upon:phrase,"frown upon","phrase",,4.60,14730,3159,1,4.7851
3130,sales-quota:noun,"sales quota","noun",,4.60,14776,2092,1,4.7854
3131,skull:noun,"skull","noun",,4.00,3024,3002,,4.7854
3132,compliance:noun,"compliance","noun",C1,4.00,22562,3004,,4.7859
3133,influx:noun,"influx","noun",,4.43,33578,3006,,4.7865
3134,be-indebted-to:phrase,"be indebted to","phrase",,4.60,14991,728,1,4.7865
3135,pageant:noun,"pageant","noun",,4.00,9727,3007,,4.7867
3136,ferocious:adjective,"ferocious","adjective",C1,4.00,13698,3009,,4.7872
3137,overstate:verb,"overstate","verb",,4.44,,3010,,4.7875
3138,in-abundance:phrase,"in abundance","phrase",,4.70,15196,993,1,4.7877
3139,courtroom:noun,"courtroom","noun",,4.00,6743,3012,,4.7880
3140,slit:verb,"slit","verb",,4.00,8196,3014,,4.7885
3141,rampage:noun,"rampage","noun",,4.10,18461,3015,,4.7888
3142,revitalize:verb,"revitalize","verb",,4.44,,3016,,4.7891
3143,blurry:adjective,"blurry","adjective",,4.10,16113,3017,,4.7893
3144,disband:verb,"disband","verb",,4.43,28864,3018,,4.7896
3145,impede:verb,"impede","verb",C1,4.00,33993,3019,,4.7899
3146,legible:adjective,"legible","adjective",,4.44,41882,3021,,4.7904
3147,downcast:adjective,"downcast","adjective",,4.44,,3022,,4.7906
3148,inflame:verb,"inflame","verb",,4.44,42239,3023,,4.7909
3149,sporadically:adverb,"sporadically","adverb",,4.44,,3025,,4.7914
3150,atop:adverb,"atop","adverb",,4.10,21316,3028,,4.7922
3151,sprain:verb,"sprain","verb",,4.10,22376,3029,,4.7925
3152,routinely:adverb,"routinely","adverb",,4.43,29010,3030,,4.7927
3153,demographic:adjective,"demographic","adjective",C1,4.00,25170,3033,,4.7935
3154,palatial:adjective,"palatial","adjective",,4.44,44352,3035,,4.7940
3155,terrain:noun,"terrain","noun",C1,4.00,11204,3037,,4.7946
3156,loophole:noun,"loophole","noun",,4.10,20829,3046,,4.7969
3157,dehydrate:verb,"dehydrate","verb",,4.44,,3047,,4.7972
3158,wholesome:adjective,"wholesome","adjective",,4.10,18775,3049,,4.7977
3159,inflict-a-on-b:phrase,"inflict A on B","phrase",,4.70,17187,950,1,4.7977
3160,reproach-a-for-b:phrase,"reproach A for B","phrase",,4.70,17212,1242,1,4.7979
3161,abstain:verb,"abstain","verb",,4.43,29135,3050,,4.7980
3162,fumigate:verb,"fumigate","verb",,4.44,,3052,,4.7985
3163,addictive:adjective,"addictive","adjective",,4.10,18028,3061,,4.8008
3164,stumbling-block:noun,"stumbling block","noun",,4.70,17944,248,1,4.8013
3165,specialize-in:phrase,"specialize in","phrase",,4.70,17984,257,1,4.8014
3166,eerie:adjective,"eerie","adjective",,4.00,8416,3064,,4.8016
3167,instigate:verb,"instigate","verb",,4.43,36995,3069,,4.8029
3168,unveil:verb,"unveil","verb",,4.43,26360,3074,,4.8042
3169,drift:noun,"drift","noun",,4.00,7431,3076,,4.8048
3170,foe:noun,"foe","noun",,4.00,11463,3078,,4.8053
3171,alteration:noun,"alteration","noun",,4.43,32723,3079,,4.8056
3172,bestow-a-on-b:phrase,"bestow A on B","phrase",,4.70,18969,444,1,4.8058
3173,biased-against:phrase,"biased against","phrase",,4.70,19010,2670,1,4.8060
3174,to-no-avail:phrase,"to no avail","phrase",,4.70,19460,363,1,4.8079
3175,avail-oneself-of:phrase,"avail oneself of","phrase",,4.70,19460,1138,1,4.8079
3176,amicable:adjective,"amicable","adjective",,4.43,31026,3093,,4.8092
3177,sprout:noun,"sprout","noun",C1,4.00,18305,3094,,4.8095
3178,conjure-up:phrase,"conjure up","phrase",,4.70,19926,579,1,4.8098
3179,grumpy:adjective,"grumpy","adjective",,4.00,10494,3096,,4.8100
3180,chatter:noun,"chatter","noun",,4.00,2245,3097,,4.8103
3181,grouchy:adjective,"grouchy","adjective",,4.43,27508,3098,,4.8105
3182,acquit:verb,"acquit","verb",,4.43,30023,3100,,4.8110
3183,contend-with:phrase,"contend with","phrase",,4.70,20432,276,1,4.8119
3184,mapped-out:phrasal-verb,"mapped out","phrasal verb",,4.70,20474,80,1,4.8120
3185,nominal:adjective,"nominal","adjective",,4.43,28287,3104,,4.8121
3186,translucent:adjective,"translucent","adjective",,4.43,36968,3107,,4.8129
3187,exert-oneself-to:phrase,"exert oneself to","phrase",,4.70,20712,1013,1,4.8130
3188,judicious:adjective,"judicious","adjective",,4.44,,3108,,4.8131
3189,in-a-nutshell:phrase,"in a nutshell","phrase",,4.70,20985,743,1,4.8141
3190,water-vapor:noun,"water vapor","noun",,4.70,21035,1429,1,4.8143
3191,anthem:noun,"anthem","noun",,4.00,12211,3113,,4.8144
3192,superficial:adjective,"superficial","adjective",C1,4.00,12095,3114,,4.8147
3193,caricature:noun,"caricature","noun",,4.43,32945,3118,,4.8158
3194,feasible:adjective,"feasible","adjective",,4.43,24830,3119,,4.8160
3195,outdated:adjective,"outdated","adjective",,4.10,16875,3120,,4.8163
3196,evasion:noun,"evasion","noun",,4.10,20278,3122,,4.8168
3197,waver:verb,"waver","verb",,4.43,29378,3123,,4.8171
3198,surmount:verb,"surmount","verb",,4.44,,3124,,4.8173
3199,be-devoid-of:phrase,"be devoid of","phrase",,4.70,21930,723,1,4.8177
3200,oblivious:adjective,"oblivious","adjective",,4.10,19079,3126,,4.8178
3201,hardy:adjective,"hardy","adjective",,4.00,9200,3127,,4.8181
3202,courteous:adjective,"courteous","adjective",,4.10,20519,3130,,4.8189
3203,implicit:adjective,"implicit","adjective",,4.44,39879,3131,,4.8192
3204,skim-over:phrase,"skim over","phrase",,4.70,22394,2775,1,4.8194
3205,mundane:adjective,"mundane","adjective",,4.10,18617,3132,,4.8194
3206,compartment:noun,"compartment","noun",,4.00,8296,3133,,4.8197
3207,admonish:verb,"admonish","verb",,4.44,,3134,,4.8199
3208,ascribe:verb,"ascribe","verb",,4.44,,3135,,4.8202
3209,candid:adjective,"candid","adjective",C1,4.00,18510,3136,,4.8205
3210,bystander:noun,"bystander","noun",,4.10,23377,3138,,4.8210
3211,conform-to:phrase,"conform to","phrase",,4.70,23250,1286,1,4.8224
3212,summer-solstice:noun,"summer solstice","noun",,4.70,23338,2503,1,4.8228
3213,ammunition:noun,"ammunition","noun",,4.00,7209,3145,,4.8228
3214,kinship:noun,"kinship","noun",,4.43,29696,3148,,4.8236
3215,be-destitute-of:phrase,"be destitute of","phrase",,4.70,23637,1239,1,4.8238
3216,commend:verb,"commend","verb",C1,4.00,16397,3153,,4.8249
3217,straddle:verb,"straddle","verb",,4.44,46979,3156,,4.8257
3218,propriety:noun,"propriety","noun",,4.43,34648,3157,,4.8260
3219,enlist:verb,"enlist","verb",,4.10,16988,3161,,4.8270
3220,itinerary:noun,"itinerary","noun",C1,4.00,16548,3162,,4.8273
3221,outburst:noun,"outburst","noun",,4.10,19981,3169,,4.8291
3222,ominous:adjective,"ominous","adjective",,4.00,7044,3170,,4.8294
3223,crunchy:adjective,"crunchy","adjective",,4.10,18368,3174,,4.8304
3224,renovate:verb,"renovate","verb",,4.43,29223,3175,,4.8307
3225,clueless:adjective,"clueless","adjective",,4.00,14237,3178,,4.8315
3226,reprimand:verb,"reprimand","verb",,4.10,23369,3181,,4.8322
3227,efficacy:noun,"efficacy","noun",,4.44,47474,3183,,4.8328
3228,fidelity:noun,"fidelity","noun",,4.10,17134,3185,,4.8333
3229,overhaul:verb,"overhaul","verb",,4.43,28181,3186,,4.8335
3230,chore:noun,"chore","noun",,4.10,20256,3192,,4.8351
3231,condiment:noun,"condiment","noun",,4.44,,3195,,4.8359
3232,blister:noun,"blister","noun",C1,4.00,24680,3197,,4.8364
3233,verge:noun,"verge","noun",,4.00,9231,3199,,4.8369
3234,jovial:adjective,"jovial","adjective",,4.44,40199,3200,,4.8372
3235,suction:noun,"suction","noun",,4.00,10807,3201,,4.8375
3236,delusion:noun,"delusion","noun",,4.00,13744,3202,,4.8377
3237,dismay:verb,"dismay","verb",C1,4.00,29871,3204,,4.8383
3238,falsify:verb,"falsify","verb",,4.44,45453,3207,,4.8390
3239,jumble:verb,"jumble","verb",,4.43,30281,3208,,4.8393
3240,aristocrat:noun,"aristocrat","noun",,4.10,20130,3210,,4.8398
3241,opt-for:phrase,"opt for","phrase",,4.03,28961,297,1,4.8404
3242,citation:noun,"citation","noun",C1,4.00,23600,3215,,4.8411
3243,ventilate:verb,"ventilate","verb",C1,4.00,43941,3216,,4.8414
3244,viable:adjective,"viable","adjective",,4.00,11969,3217,,4.8417
3245,perilous:adjective,"perilous","adjective",,4.10,21394,3220,,4.8424
3246,facade:noun,"facade","noun",,4.10,19697,3221,,4.8427
3247,armament:noun,"armament","noun",,4.43,36636,3223,,4.8432
3248,demotion:noun,"demotion","noun",,4.44,41892,3228,,4.8445
3249,audible:adjective,"audible","adjective",,4.00,11373,3229,,4.8448
3250,place-limitation-on:phrase,"place limitation on","phrase",,4.03,30555,2799,1,4.8448
3251,synthesize:verb,"synthesize","verb",,4.44,39376,3232,,4.8456
3252,resilient:adjective,"resilient","adjective",C1,4.00,20955,3239,,4.8474
3253,upscale:adjective,"upscale","adjective",,4.43,30062,3247,,4.8495
3254,pivot:noun,"pivot","noun",,4.43,26997,3248,,4.8498
3255,docile:adjective,"docile","adjective",C1,4.00,24298,3250,,4.8503
3256,facile:adjective,"facile","adjective",,4.44,,3251,,4.8506
3257,accord:verb,"accord","verb",,4.00,13797,3252,,4.8508
3258,dispense:verb,"dispense","verb",C1,4.00,19595,3255,,4.8516
3259,autograph:noun,"autograph","noun",,4.00,6611,3256,,4.8519
3260,cram:verb,"cram","verb",,4.10,17202,3257,,4.8521
3261,ransom:noun,"ransom","noun",,4.00,5448,3262,,4.8534
3262,intangible:adjective,"intangible","adjective",,4.44,38277,3263,,4.8537
3263,intuition:noun,"intuition","noun",C1,4.00,9796,3268,,4.8550
3264,polarize:verb,"polarize","verb",,4.44,,3270,,4.8555
3265,uplift:noun,"uplift","noun",,4.44,42696,3272,,4.8560
3266,smudge:noun,"smudge","noun",,4.10,20578,3274,,4.8566
3267,alleviated:adjective,"alleviated","adjective",C1,4.00,24998,3276,,4.8571
3268,sacrifice:noun,"sacrifice","noun",C1,4.00,2440,3282,,4.8587
3269,apprehension:noun,"apprehension","noun",,4.43,25062,3283,,4.8589
3270,veil:noun,"veil","noun",,4.00,7631,3284,,4.8592
3271,garnish:verb,"garnish","verb",,4.10,20293,3285,,4.8594
3272,appliance:noun,"appliance","noun",C1,4.00,23368,3286,,4.8597
3273,thrifty:adjective,"thrifty","adjective",,4.43,31705,3301,,4.8636
3274,forgery:noun,"forgery","noun",,4.00,13227,3303,,4.8642
3275,asteroid:noun,"asteroid","noun",,4.00,8820,3305,,4.8647
3276,uptight:adjective,"uptight","adjective",,4.00,10130,3311,,4.8662
3277,tangle:verb,"tangle","verb",C1,4.00,21656,3312,,4.8665
3278,ameliorate:verb,"ameliorate","verb",,4.44,,3313,,4.8668
3279,simmer:verb,"simmer","verb",,4.10,19684,3314,,4.8670
3280,envoy:noun,"envoy","noun",,4.10,16977,3316,,4.8676
3281,beckon:verb,"beckon","verb",,4.44,43576,3317,,4.8678
3282,memento:noun,"memento","noun",,4.10,17577,3319,,4.8683
3283,congregate:verb,"congregate","verb",C1,4.00,39528,3320,,4.8686
3284,audacity:noun,"audacity","noun",,4.10,18818,3321,,4.8689
3285,phobia:noun,"phobia","noun",,4.10,21275,3322,,4.8691
3286,synchronize:verb,"synchronize","verb",,4.43,30381,3326,,4.8702
3287,repeal:verb,"repeal","verb",,4.43,37888,3328,,4.8707
3288,thrust:verb,"thrust","verb",,4.00,8376,3329,,4.8710
3289,grate:noun,"grate","noun",,4.10,21050,3334,,4.8723
3290,exhaust:verb,"exhaust","verb",C1,4.00,12317,3340,,4.8738
3291,commemoration:noun,"commemoration","noun",,4.44,42816,3342,,4.8744
3292,stature:noun,"stature","noun",,4.10,17323,3343,,4.8746
3293,nauseous:adjective,"nauseous","adjective",,4.00,13200,3344,,4.8749
3294,dominance:noun,"dominance","noun",,4.10,21302,3345,,4.8751
3295,hibernate:verb,"hibernate","verb",C1,4.00,40722,3348,,4.8759
3296,mural:noun,"mural","noun",,4.10,20319,3351,,4.8767
3297,constellation:noun,"constellation","noun",,4.10,16858,3352,,4.8770
3298,nosy:adjective,"nosy","adjective",,4.00,11536,3353,,4.8772
3299,empathy:noun,"empathy","noun",,4.00,14492,3356,,4.8780
3300,scam:noun,"scam","noun",,4.00,6571,3357,,4.8783
3301,illiterate:adjective,"illiterate","adjective",,4.10,15296,3358,,4.8785
3302,amnesty:noun,"amnesty","noun",,4.00,14668,3359,,4.8788
3303,pertain-to:phrase,"pertain to","phrase",C1,4.60,47418,373,1,4.8807
3304,flammable:adjective,"flammable","adjective",,4.10,21257,3369,,4.8814
3305,detonate:verb,"detonate","verb",,4.00,13235,3371,,4.8819
3306,aimless:adjective,"aimless","adjective",C1,4.00,37855,3373,,4.8825
3307,eject:verb,"eject","verb",,4.10,20097,3378,,4.8838
3308,villainous:adjective,"villainous","adjective",,4.43,33462,3380,,4.8843
3309,replenish:verb,"replenish","verb",,4.43,28459,3395,,4.8882
3310,hurdle:noun,"hurdle","noun",,4.10,20776,3396,,4.8885
3311,demote:verb,"demote","verb",,4.44,,3407,,4.8914
3312,foil:noun,"foil","noun",,4.10,16230,3408,,4.8916
3313,garble:verb,"garble","verb",,4.44,,3409,,4.8919
3314,auditorium:noun,"auditorium","noun",,4.10,17043,3412,,4.8927
3315,fussy:adjective,"fussy","adjective",,4.10,15442,3413,,4.8929
3316,swipe:verb,"swipe","verb",,4.00,15102,3416,,4.8937
3317,blatant:adjective,"blatant","adjective",,4.10,20692,3417,,4.8940
3318,outcast:noun,"outcast","noun",,4.10,16996,3418,,4.8942
3319,conviction:noun,"conviction","noun",C1,4.00,6727,3426,,4.8963
3320,gratuity:noun,"gratuity","noun",,4.44,42267,3429,,4.8971
3321,sarcasm:noun,"sarcasm","noun",C1,4.00,12452,3431,,4.8976
3322,buffer:noun,"buffer","noun",C1,4.00,14974,3433,,4.8982
3323,vibrant:adjective,"vibrant","adjective",,4.10,15831,3439,,4.8997
3324,adhere:verb,"adhere","verb",C2,5.00,24482,6,,5.0016
3325,stabilize:verb,"stabilize","verb",C2,5.00,15558,165,,5.0432
3326,vandalize:verb,"vandalize","verb",C2,5.00,,209,,5.0547
3327,prolong:verb,"prolong","verb",C2,5.00,20329,494,,5.1292
3328,ally:verb,"ally","verb",C2,5.00,4870,519,,5.1358
3329,utter:adjective,"utter","adjective",C2,5.00,7878,605,,5.1583
3330,provincial:adjective,"provincial","adjective",C2,5.00,14236,977,,5.2556
3331,brim:noun,"brim","noun",C2,5.00,24132,981,,5.2567
3332,counsel:noun,"counsel","noun",C2,5.00,4573,997,,5.2608
3333,solitary:adjective,"solitary","adjective",C2,5.00,7989,1069,,5.2797
3334,diminish:verb,"diminish","verb",C2,5.00,22886,1071,,5.2802
3335,commodity:noun,"commodity","noun",C2,5.00,16100,1193,,5.3121
3336,marvel:noun,"marvel","noun",C2,5.00,10992,1272,,5.3328
3337,banish:verb,"banish","verb",C2,5.00,15956,1284,,5.3359
3338,mold:verb,"mold","verb",C2,5.00,7849,1363,,5.3566
3339,trifle:noun,"trifle","noun",C2,5.00,13743,1490,,5.3898
3340,subsidy:noun,"subsidy","noun",C2,5.00,35219,1516,,5.3966
3341,melancholy:noun,"melancholy","noun",C2,5.00,11549,1671,,5.4372
3342,reconcile:verb,"reconcile","verb",C2,5.00,16075,1738,,5.4547
3343,lament:verb,"lament","verb",C2,5.00,22600,1748,,5.4573
3344,eminent:adjective,"eminent","adjective",C2,5.00,18980,1762,,5.4610
3345,menace:noun,"menace","noun",C2,5.00,11180,1797,,5.4701
3346,rhetoric:noun,"rhetoric","noun",C2,5.00,21201,1915,,5.5010
3347,malice:noun,"malice","noun",C2,5.00,16863,1943,,5.5083
3348,hypothesis:noun,"hypothesis","noun",C2,5.00,11946,1946,,5.5091
3349,reproach:noun,"reproach","noun",C2,5.00,17212,1965,,5.5141
3350,allied:adjective,"allied","adjective",C2,5.00,9445,1995,,5.5219
3351,proportional:adjective,"proportional","adjective",C2,5.00,35395,2032,,5.5316
3352,brink:noun,"brink","noun",C2,5.00,10904,2085,,5.5455
3353,equilibrium:noun,"equilibrium","noun",C2,5.00,23446,2143,,5.5607
3354,gale:noun,"gale","noun",C2,5.00,9621,2162,,5.5656
3355,collide:verb,"collide","verb",C2,5.00,17517,2196,,5.5745
3356,hitch:verb,"hitch","verb",C2,5.00,9547,2201,,5.5758
3357,parable:noun,"parable","noun",C2,5.00,34397,2210,,5.5782
3358,practitioner:noun,"practitioner","noun",C2,5.00,28417,2241,,5.5863
3359,correlation:noun,"correlation","noun",C2,5.00,26419,2248,,5.5881
3360,treacherous:adjective,"treacherous","adjective",C2,5.00,11218,2250,,5.5887
3361,rapture:noun,"rapture","noun",C2,5.00,21047,2286,,5.5981
3362,ironic:adjective,"ironic","adjective",C2,5.00,7107,2329,,5.6093
3363,hitherto:adverb,"hitherto","adverb",C2,5.00,36453,2367,,5.6193
3364,quiver:verb,"quiver","verb",C2,5.00,27154,2370,,5.6201
3365,integration:noun,"integration","noun",C2,5.00,20592,2376,,5.6216
3366,secular:adjective,"secular","adjective",C2,5.00,20626,2412,,5.6310
3367,aptitude:noun,"aptitude","noun",C2,5.00,25284,2446,,5.6399
3368,ore:noun,"ore","noun",C2,5.00,13576,2449,,5.6407
3369,allot:verb,"allot","verb",C2,5.00,47415,2456,,5.6426
3370,adornment:noun,"adornment","noun",C2,5.00,,2484,,5.6499
3371,interrogate:verb,"interrogate","verb",C2,5.00,10912,2498,,5.6535
3372,assimilate:verb,"assimilate","verb",C2,5.00,30860,2502,,5.6546
3373,instantaneous:adjective,"instantaneous","adjective",C2,5.00,24105,2516,,5.6583
3374,repute:noun,"repute","noun",C2,5.00,36480,2519,,5.6590
3375,malicious:adjective,"malicious","adjective",C2,5.00,15298,2536,,5.6635
3376,contemptuous:adjective,"contemptuous","adjective",C2,5.00,47780,2540,,5.6645
3377,moor:verb,"moor","verb",C2,5.00,13983,2556,,5.6687
3378,conjecture:noun,"conjecture","noun",C2,5.00,21871,2564,,5.6708
3379,converse:adjective,"converse","adjective",C2,5.00,22593,2592,,5.6781
3380,vocational:adjective,"vocational","adjective",C2,5.00,36126,2596,,5.6792
3381,ebb:noun,"ebb","noun",C2,5.00,31544,2606,,5.6818
3382,preoccupation:noun,"preoccupation","noun",C2,5.00,42250,2613,,5.6836
3383,pedestal:noun,"pedestal","noun",C2,5.00,18972,2636,,5.6897
3384,elasticity:noun,"elasticity","noun",C2,5.00,43514,2637,,5.6899
3385,surge:verb,"surge","verb",C2,5.00,11172,2691,,5.7040
3386,distill:verb,"distill","verb",C2,5.00,,2695,,5.7051
3387,solicit:verb,"solicit","verb",C2,5.00,32884,2718,,5.7111
3388,painstaking:adjective,"painstaking","adjective",C2,5.00,36815,2721,,5.7119
3389,plume:noun,"plume","noun",C2,5.00,25565,2729,,5.7140
3390,posterity:noun,"posterity","noun",C2,5.00,21787,2730,,5.7142
3391,diffuse:verb,"diffuse","verb",C2,5.00,27826,2733,,5.7150
3392,prone:adjective,"prone","adjective",C2,5.00,14570,2785,,5.7286
3393,meager:adjective,"meager","adjective",C2,5.00,27062,2800,,5.7326
3394,rebuke:verb,"rebuke","verb",C2,5.00,38868,2806,,5.7341
3395,denounce:verb,"denounce","verb",C2,5.00,18090,2811,,5.7354
3396,residue:noun,"residue","noun",C2,5.00,10357,2880,,5.7535
3397,myriad:noun,"myriad","noun",C2,5.00,26840,2883,,5.7543
3398,perverse:adjective,"perverse","adjective",C2,5.00,16710,2902,,5.7592
3399,intrinsic:adjective,"intrinsic","adjective",C2,5.00,42381,2911,,5.7616
3400,herald:noun,"herald","noun",C2,5.00,13404,2923,,5.7647
3401,cosmic:adjective,"cosmic","adjective",C2,5.00,7400,2927,,5.7658
3402,denote:verb,"denote","verb",C2,5.00,46151,2949,,5.7715
3403,apprehend:verb,"apprehend","verb",C2,5.00,17449,2956,,5.7734
3404,regulatory:adjective,"regulatory","adjective",C2,5.00,36730,2977,,5.7789
3405,accountability:noun,"accountability","noun",C2,5.00,27403,2986,,5.7812
3406,tactic:noun,"tactic","noun",C2,5.00,12698,2997,,5.7841
3407,cognitive:adjective,"cognitive","adjective",C2,5.00,18047,3008,,5.7870
3408,vicinity:noun,"vicinity","noun",C2,5.00,10367,3020,,5.7901
3409,fabricate:verb,"fabricate","verb",C2,5.00,29607,3068,,5.8027
3410,bout:noun,"bout","noun",C2,5.00,3907,3088,,5.8079
3411,perch:noun,"perch","noun",C2,5.00,19726,3102,,5.8116
3412,adhere-to:phrase,"adhere to","phrase",,5.03,24482,3067,1,5.8267
3413,nostalgic:adjective,"nostalgic","adjective",C2,5.00,17407,3168,,5.8288
3414,bear-the-brunt-of:phrase,"bear the brunt of","phrase",,5.03,25193,437,1,5.8290
3415,life-expectancy:noun,"life expectancy","noun",,5.03,25498,874,1,5.8300
3416,be-tidied-up:phrase,"be tidied up","phrase",,5.03,26706,2652,1,5.8338
3417,hinder:verb,"hinder","verb",C2,5.00,22367,3189,,5.8343
3418,topple:verb,"topple","verb",C2,5.00,25387,3190,,5.8346
3419,classify-a-as-b:phrase,"classify A as B","phrase",,5.03,27424,2640,1,5.8360
3420,be-akin-to:phrase,"be akin to","phrase",,5.03,27936,216,1,5.8375
3421,abstain-from:phrase,"abstain from","phrase",,5.03,29135,3415,1,5.8409
3422,doze-off:phrase,"doze off","phrase",,5.03,29551,3289,1,5.8421
3423,abound-in:phrase,"abound in","phrase",,5.03,33504,866,1,5.8523
3424,arduous:adjective,"arduous","adjective",C2,5.00,27132,3259,,5.8526
3425,capitalize-on:phrase,"capitalize on","phrase",,5.03,34299,849,1,5.8543
3426,austere:adjective,"austere","adjective",C2,5.00,33941,3266,,5.8545
3427,pore-over:phrase,"pore over","phrase",,5.03,34439,804,1,5.8546
3428,relegate:verb,"relegate","verb",C2,5.00,,3281,,5.8584
3429,tactical:adjective,"tactical","adjective",C2,5.00,8719,3304,,5.8644
3430,equate-a-with-b:phrase,"equate A with B","phrase",,5.04,39123,385,1,5.8650
3431,solitude:noun,"solitude","noun",C2,5.00,10290,3363,,5.8799
3432,categorize-a-as-b:phrase,"categorize A as B","phrase",,5.04,47637,1577,1,5.8811
3433,by-dint-of:phrase,"by dint of","phrase",,5.04,48373,901,1,5.8824
3434,vice-versa:phrase,"vice-versa","phrase",,5.04,49093,2463,1,5.8836
3435,artifact:noun,"artifact","noun",C2,5.00,13420,3384,,5.8853
3436,be-incongruous-with:phrase,"be incongruous with","phrase",,5.04,,228,1,5.9000
3437,infringe-on:phrase,"infringe on","phrase",,5.04,,369,1,5.9000
3438,embroil-in:phrase,"embroil in","phrase",,5.04,,567,1,5.9000
3439,day-in-day-out:phrase,"day in, day out","phrase",,5.04,,811,1,5.9000
