rank,headword,cefr,freqRank,tier,academic
0,"accessibility",B2,,core,AWL
1,"achievable",B2,,core,AWL
2,"attainable",B2,,core,AWL
3,"categorization",B2,,core,AWL
4,"communicative",B2,,core,AWL
5,"generalization",B2,,core,NAWL
6,"generalize",B2,,core,NAWL
7,"guideline",B2,,core,AWL
8,"industrialize",B2,,core,NAWL
9,"invariable",B2,,core,AWL
10,"legislate",B2,,core,AWL
11,"dynamically",C1,,core,AWL
12,"consultancy",C1,,core,AWL
13,"specification",C1,,core,AWL
14,"facilitation",C1,,core,AWL
15,"domestically",C1,,core,AWL
16,"domesticate",C1,,core,AWL
17,"prohibitive",C1,,core,AWL
18,"uniformity",C1,,core,AWL
19,"contextual",C1,,core,AWL
20,"dramatist",C1,,core,AWL
21,"characterization",C1,,core,NAWL
22,"neutralization",C1,,core,AWL
23,"unassisted",C1,,core,AWL
24,"innovate",C1,49661,core,AWL
25,"principally",C1,47088,core,AWL
26,"unsustainable",C1,46428,core,AWL
27,"conversely",B2,45253,core,AWL
28,"structurally",C1,43071,core,AWL
29,"complementary",C1,42404,core,AWL
30,"marginally",C1,42225,core,AWL
31,"alternatively",B2,41814,core,AWL
32,"inference",B2,41631,core,AWL
33,"broadly",B2,40366,core,NAWL
34,"theorist",B2,39045,core,AWL
35,"visibly",B2,39039,core,AWL
36,"conformity",C1,38991,core,AWL
37,"equip",B2,37608,core,AWL
38,"inclusion",C1,37190,core,NAWL
39,"sexism",B2,37122,core,AWL
40,"authoritative",B2,36205,core,AWL
41,"emphatically",B2,35423,core,AWL
42,"successive",B2,34122,core,AWL
43,"acidic",C1,34056,core,NAWL
44,"globally",B2,33413,core,AWL
45,"abnormally",B2,33391,core,AWL
46,"environmentally",B2,33219,core,AWL
47,"portrayal",C1,33012,core,NAWL
48,"ambiguity",B2,32662,core,AWL
49,"overestimate",B2,32235,core,AWL
50,"ethically",C1,32082,core,AWL
51,"conditional",C1,31881,core,NAWL
52,"notwithstanding",C1,31809,core,AWL
53,"revolutionize",B2,31214,core,AWL
54,"indefinite",C1,31198,core,AWL
55,"numerical",B2,30967,core,NAWL
56,"adaptable",B2,30667,core,AWL
57,"creatively",B2,30498,core,AWL
58,"illustration",B2,30308,core,AWL
59,"marginal",C1,30104,core,AWL
60,"emergence",B2,30039,core,AWL
61,"negatively",B2,29794,core,AWL
62,"norms",C1,29445,core,AWL
63,"adequately",B2,28867,core,AWL
64,"stimuli",C1,28795,core,NAWL
65,"degrade",C1,28639,core,NAWL
66,"effectiveness",B2,28229,core,NAWL
67,"restriction",B2,28211,core,AWL
68,"aluminium",B2,28024,core,NAWL
69,"culturally",B2,27927,core,AWL
70,"estimation",C1,27562,core,AWL
71,"invariably",B2,27527,core,AWL
72,"solvent",B2,27387,core,NAWL
73,"inherently",C1,27237,core,AWL
74,"classification",B2,26787,core,NAWL
75,"competence",B2,26728,core,NAWL
76,"deduce",B2,26636,core,AWL
77,"sponsorship",C1,26613,core,NAWL
78,"dissection",C1,26318,core,NAWL
79,"interactive",B2,26269,core,AWL
80,"individuality",C1,26069,core,AWL
81,"quotation",B2,26015,core,AWL
82,"methodical",C1,25933,core,AWL
83,"coincide",B2,25785,core,AWL
84,"insightful",C1,25695,core,AWL
85,"athletics",B2,25528,core,NAWL
86,"cite",C1,25191,core,AWL
87,"inaccurate",B2,25180,core,AWL
88,"antiquity",C1,25117,core,NAWL
89,"repertoire",B2,24808,core,NAWL
90,"bracket",B2,24769,core,NAWL
91,"innate",B2,24443,core,NAWL
92,"modification",B2,24424,core,AWL
93,"economical",B2,24292,core,AWL
94,"induction",C1,24012,core,AWL
95,"professionalism",C1,23782,core,AWL
96,"thickness",B2,23770,core,NAWL
97,"illustrate",B2,23689,core,AWL
98,"socialize",B2,23592,core,NAWL
99,"conceivable",B2,23296,core,AWL
100,"implication",B2,23195,core,AWL
101,"anthropology",C1,23145,core,NAWL
102,"overlap",B2,23142,core,AWL
103,"critically",B2,23029,core,NAWL
104,"coupled",C1,22765,core,AWL
105,"specify",B2,22751,core,AWL
106,"persistence",B2,22571,core,AWL
107,"reluctantly",C1,22280,core,AWL
108,"optional",B2,22015,core,AWL
109,"integral",C1,21981,core,AWL
110,"rendering",C1,21951,core,NAWL
111,"turbulent",B2,21749,core,NAWL
112,"elevation",C1,21733,core,NAWL
113,"lecturer",B2,21652,core,AWL
114,"mobility",B2,21641,core,NAWL
115,"corresponding",B2,21528,core,AWL
116,"circulate",C1,21303,core,NAWL
117,"niche",C1,21183,core,NAWL
118,"appropriately",B2,20864,core,AWL
119,"radically",B2,20716,core,AWL
120,"varied",B2,20689,core,AWL
121,"ethic",B2,20551,core,AWL
122,"micro",B2,20418,core,NAWL
123,"implicate",C1,20298,core,AWL
124,"stereotype",B2,20056,core,NAWL
125,"compute",B2,20046,core,AWL
126,"readily",B2,19858,core,NAWL
127,"tract",C1,19743,core,NAWL
128,"occupational",C1,19598,core,AWL
129,"unconventional",C1,19317,core,AWL
130,"invoke",B2,19316,core,AWL
131,"linear",C1,19109,core,NAWL
132,"continuity",C1,18870,core,NAWL
133,"puzzled",B2,18677,core,NAWL
134,"deduction",B2,18611,core,AWL
135,"independently",B2,18605,core,NAWL
136,"imagery",B2,18283,core,AWL
137,"degrading",C1,18164,core,NAWL
138,"millimeter",B2,17870,core,NAWL
139,"mutually",C1,17809,core,AWL
140,"exclude",B2,17671,core,AWL
141,"distributor",B2,17612,core,AWL
142,"variation",B2,17527,core,AWL
143,"chemotherapy",B2,17506,core,NAWL
144,"trait",B2,17503,core,NAWL
145,"contradiction",B2,17457,core,AWL
146,"psychologically",B2,16910,core,AWL
147,"sufficiently",B2,16908,core,AWL
148,"enormously",C1,16676,core,AWL
149,"insufficient",B2,16567,core,AWL
150,"relaxation",B2,16554,core,AWL
151,"vegetation",C1,16060,core,NAWL
152,"exploitation",C1,16037,core,AWL
153,"infect",B2,15967,core,NAWL
154,"significantly",B2,15562,core,AWL
155,"consultation",C1,15521,core,AWL
156,"actively",B2,15470,core,NAWL
157,"beneficial",B2,15391,core,AWL
158,"domination",C1,15383,core,AWL
159,"succession",C1,15341,core,AWL
160,"ideology",B2,15325,core,AWL
161,"criteria",C1,15208,core,AWL
162,"publication",B2,14837,core,AWL
163,"legislation",B2,14735,core,AWL
164,"innovation",B2,14554,core,AWL
165,"unavailable",B2,14551,core,AWL
166,"indefinitely",C1,14455,core,AWL
167,"restoration",C1,14363,core,AWL
168,"plausible",C1,14273,core,NAWL
169,"export",B2,14152,core,AWL
170,"respiratory",B2,14092,core,NAWL
171,"voluntary",C1,13764,core,AWL
172,"perceive",B2,13519,core,AWL
173,"enhance",B2,13425,core,AWL
174,"unreliable",B2,13299,core,AWL
175,"investor",B2,13030,core,AWL
176,"dramatically",B2,12995,core,AWL
177,"immigrant",B2,12963,core,AWL
178,"aluminum",B2,12871,core,NAWL
179,"correspondence",B2,12840,core,AWL
180,"output",B2,12706,core,AWL
181,"observer",B2,12700,core,NAWL
182,"analyst",B2,12537,core,AWL
183,"dominate",B2,12127,core,AWL
184,"span",B2,12072,core,NAWL
185,"synthetic",C1,11891,core,NAWL
186,"index",B2,11844,core,AWL
187,"voluntarily",C1,11782,core,AWL
188,"symbolic",B2,11769,core,AWL
189,"mathematical",B2,11737,core,NAWL
190,"interpret",B2,11692,core,AWL
191,"circumstance",B2,11689,core,AWL
192,"fiber",B2,11686,core,NAWL
193,"backward",B2,11680,core,NAWL
194,"financially",B2,11530,core,AWL
195,"phenomenal",C1,11402,core,AWL
196,"vitamin",B2,11285,core,NAWL
197,"cone",B2,11185,core,NAWL
198,"isolate",C1,10979,core,AWL
199,"interpretation",B2,10837,core,AWL
200,"rejection",B2,10560,core,AWL
201,"straightforward",B2,10516,core,AWL
202,"pi",B2,10478,core,NAWL
203,"slash",B2,10413,core,NAWL
204,"input",B2,10407,core,AWL
205,"expansion",B2,10376,core,AWL
206,"predictable",B2,10373,core,AWL
207,"statistics",B2,10278,core,AWL
208,"necessity",B2,10219,core,NAWL
209,"circulation",C1,10199,core,NAWL
210,"prospect",B2,10041,core,AWL
211,"seminar",B2,9989,core,NAWL
212,"separately",B2,9963,core,NAWL
213,"external",B2,9931,core,AWL
214,"revealing",C1,9889,core,AWL
215,"estimated",B2,9871,core,AWL
216,"insecure",C1,9837,core,AWL
217,"closure",B2,9715,core,NAWL
218,"evidently",B2,9698,core,AWL
219,"assessment",B2,9551,core,AWL
220,"resolution",B2,9541,core,AWL
221,"motivated",B2,9524,core,AWL
222,"morality",B2,9506,core,NAWL
223,"percentage",B2,9493,core,AWL
224,"convert",B2,9315,core,AWL
225,"liberal",B2,8831,core,AWL
226,"feedback",B2,8806,core,NAWL
227,"transition",B2,8634,core,AWL
228,"consultant",B2,8460,core,AWL
229,"dynamic",B2,8394,core,AWL
230,"regime",B2,8290,core,AWL
231,"portion",B2,8192,core,AWL
232,"overall",B2,8144,core,AWL
233,"psychiatric",C1,8042,core,NAWL
234,"mechanism",C1,7994,core,AWL
235,"involvement",B2,7983,core,AWL
236,"elaborate",C1,7976,core,NAWL
237,"facilities",B2,7962,core,AWL
238,"temporarily",B2,7915,core,AWL
239,"triangle",B2,7905,core,NAWL
240,"potentially",B2,7873,core,AWL
241,"fundamental",B2,7870,core,AWL
242,"alter",B2,7796,core,AWL
243,"specialty",B2,7753,core,NAWL
244,"carrier",C1,7731,core,NAWL
245,"initiative",B2,7651,core,AWL
246,"underestimate",B2,7583,core,AWL
247,"virtually",B2,7495,core,AWL
248,"injection",B2,7489,core,NAWL
249,"detect",B2,7228,core,AWL
250,"partnership",B2,7184,core,AWL
251,"exhibit",B2,7057,core,AWL
252,"breakdown",B2,6800,core,NAWL
253,"decade",B2,6694,core,AWL
254,"whereas",B2,6678,core,AWL
255,"magnetic",C1,6621,core,NAWL
256,"assembly",B2,6618,core,AWL
257,"submit",B2,6534,core,AWL
258,"elite",B2,6516,core,NAWL
259,"purchase",B2,6510,core,AWL
260,"essentially",B2,6455,core,NAWL
261,"ignorant",B2,6421,core,AWL
262,"fabric",B2,6375,core,NAWL
263,"institution",B2,6368,core,AWL
264,"investigator",B2,6361,core,AWL
265,"pursuit",B2,6216,core,AWL
266,"sketch",B2,6190,core,NAWL
267,"sensible",B2,6116,core,NAWL
268,"cease",B2,6113,core,AWL
269,"corporation",B2,6107,core,AWL
270,"translation",B2,6038,core,NAWL
271,"evolution",B2,6008,core,AWL
272,"pose",B2,5995,core,AWL
273,"scenario",C1,5969,core,AWL
274,"devoted",B2,5962,core,AWL
275,"welfare",B2,5954,core,AWL
276,"panel",B2,5939,core,AWL
277,"crucial",B2,5905,core,AWL
278,"revolutionary",B2,5884,core,AWL
279,"manual",B2,5875,core,AWL
280,"cooperation",B2,5859,core,AWL
281,"factor",B2,5813,core,AWL
282,"draft",B2,5812,core,AWL
283,"messenger",B2,5620,core,NAWL
284,"label",B2,5538,core,AWL
285,"scheduled",B2,5373,core,AWL
286,"mature",B2,5315,core,AWL
287,"tricky",B2,5286,core,NAWL
288,"missile",B2,5284,core,NAWL
289,"recipe",B2,5276,core,NAWL
290,"sector",B2,5250,core,AWL
291,"spray",B2,5147,core,NAWL
292,"technical",B2,5053,core,AWL
293,"somewhat",B2,5015,core,AWL
294,"creation",B2,4912,core,AWL
295,"primary",B2,4852,core,AWL
296,"corporate",B2,4838,core,AWL
297,"ton",B2,4753,core,NAWL
298,"beam",B2,4655,core,NAWL
299,"infected",B2,4638,core,NAWL
300,"candidate",B2,4463,core,NAWL
301,"specifically",B2,4455,core,AWL
302,"priority",B2,4423,core,AWL
303,"investment",B2,4372,core,AWL
304,"reverse",B2,4367,core,AWL
305,"interfere",B2,4344,core,NAWL
306,"backwards",B2,4317,core,NAWL
307,"amongst",B2,4228,core,NAWL
308,"phase",B2,4216,core,AWL
309,"solar",B2,4203,core,NAWL
310,"constant",B2,4186,core,AWL
311,"radar",B2,4154,core,NAWL
312,"flip",B2,4090,core,NAWL
313,"rub",B2,4050,core,NAWL
314,"ultimate",B2,3997,core,AWL
315,"nicely",B2,3834,core,NAWL
316,"attached",B2,3792,core,AWL
317,"goat",B2,3783,core,NAWL
318,"core",B2,3776,core,AWL
319,"trauma",C1,3755,core,NAWL
320,"procedure",B2,3587,core,AWL
321,"technically",B2,3552,core,AWL
322,"precisely",B2,3432,core,AWL
323,"skip",B2,3289,core,NAWL
324,"environment",B2,3263,core,AWL
325,"injured",B2,3234,core,AWL
326,"headquarters",B2,3194,core,NAWL
327,"tribe",B2,3190,core,NAWL
328,"identify",B2,3177,core,AWL
329,"removed",C1,3096,core,AWL
330,"cheat",B2,3044,core,NAWL
331,"lifetime",B2,3033,core,NAWL
332,"version",B2,2937,core,AWL
333,"reaction",B2,2934,core,AWL
334,"guts",B2,2817,core,NAWL
335,"revolution",B2,2727,core,AWL
336,"abandoned",B2,2710,core,AWL
337,"flesh",B2,2642,core,NAWL
338,"previously",B2,2592,core,AWL
339,"conference",B2,2580,core,AWL
340,"route",B2,2475,core,AWL
341,"convinced",B2,2335,core,AWL
342,"punch",B2,2325,core,NAWL
343,"theme",B2,2309,core,AWL
344,"media",B2,2210,core,AWL
345,"prime",B2,2191,core,AWL
346,"sexual",B2,2101,core,AWL
347,"odd",B2,2081,core,AWL
348,"data",B2,2045,core,AWL
349,"consonant",B1,,edge,NAWL
350,"uplifted",B1,,edge,NAWL
351,"hypothesize",C2,,edge,AWL
352,"automate",C2,,edge,AWL
353,"utilization",C2,,edge,AWL
354,"methodological",C2,,edge,AWL
355,"proportionally",C2,,edge,AWL
356,"denotation",C2,,edge,AWL
357,"brevity",C2,,edge,AWL
358,"correlate",C2,,edge,NAWL
359,"fluctuate",C2,,edge,AWL
360,"connotation",C2,,edge,NAWL
361,"qualitative",C2,,edge,AWL
362,"intrinsically",C2,,edge,AWL
363,"axiom",C2,,edge,NAWL
364,"embed",C2,,edge,NAWL
365,"indiscrete",C2,,edge,AWL
366,"individualism",C2,46699,edge,AWL
367,"subsidize",C2,45952,edge,AWL
368,"innovator",B1,44359,edge,AWL
369,"environmentalist",B1,40251,edge,AWL
370,"constrained",C2,38204,edge,AWL
371,"fluctuation",C2,37409,edge,AWL
372,"acknowledgement",B1,37112,edge,AWL
373,"transitional",B1,36629,edge,AWL
374,"synthesis",C2,34804,edge,NAWL
375,"procedural",C2,33212,edge,AWL
376,"mediate",C2,31684,edge,AWL
377,"annually",B1,31623,edge,AWL
378,"parameter",C2,31345,edge,AWL
379,"derive",B1,31119,edge,AWL
380,"methodology",C2,30387,edge,AWL
381,"incumbent",C2,29977,edge,NAWL
382,"indirect",B1,29462,edge,NAWL
383,"imposition",C2,29100,edge,AWL
384,"ecology",B1,28896,edge,NAWL
385,"summarize",B1,27621,edge,AWL
386,"mediation",C2,26465,edge,AWL
387,"revision",B1,25081,edge,AWL
388,"indiscretion",C2,24859,edge,AWL
389,"physiological",C2,24450,edge,NAWL
390,"systematic",B1,24025,edge,NAWL
391,"simplify",B1,24006,edge,NAWL
392,"spatial",C2,23843,edge,NAWL
393,"participant",B1,23185,edge,AWL
394,"usage",B1,22839,edge,NAWL
395,"graph",B1,21001,edge,NAWL
396,"similarity",B1,20905,edge,AWL
397,"emphasize",B1,20253,edge,AWL
398,"stripe",B1,20031,edge,NAWL
399,"curriculum",B1,19770,edge,NAWL
400,"anti",B1,19748,edge,NAWL
401,"beneficiary",C2,19568,edge,AWL
402,"motivate",B1,19526,edge,AWL
403,"residual",C2,19488,edge,NAWL
404,"minimize",B1,19413,edge,AWL
405,"format",B1,19370,edge,AWL
406,"comma",B1,19368,edge,NAWL
407,"calculator",B1,19258,edge,NAWL
408,"visually",B1,18514,edge,AWL
409,"corpus",C2,18441,edge,NAWL
410,"similarly",B1,18165,edge,AWL
411,"induce",C2,17396,edge,AWL
412,"conservation",B1,17264,edge,NAWL
413,"widespread",B1,17014,edge,AWL
414,"upward",B1,16725,edge,NAWL
415,"nucleus",B1,16689,edge,NAWL
416,"emphasis",B1,16263,edge,AWL
417,"distinctly",B1,16215,edge,AWL
418,"requirement",B1,16143,edge,AWL
419,"prohibition",B1,16140,edge,AWL
420,"traditionally",B1,15983,edge,AWL
421,"genetics",B1,15728,edge,NAWL
422,"liberate",B1,15528,edge,AWL
423,"slab",C2,15415,edge,NAWL
424,"evident",B1,15007,edge,AWL
425,"reproduce",B1,14976,edge,NAWL
426,"researcher",B1,14896,edge,AWL
427,"technological",B1,14739,edge,AWL
428,"hypothetical",C2,14502,edge,AWL
429,"enable",B1,14177,edge,AWL
430,"commonly",B1,14117,edge,NAWL
431,"attachment",B1,13653,edge,AWL
432,"stylish",B1,13406,edge,AWL
433,"resource",B1,13273,edge,AWL
434,"construct",B1,12735,edge,AWL
435,"regulation",B1,12724,edge,AWL
436,"genetically",B1,12626,edge,NAWL
437,"socially",B1,12333,edge,NAWL
438,"consumer",B1,12319,edge,AWL
439,"proportion",B1,12236,edge,AWL
440,"memorize",B1,12053,edge,NAWL
441,"trend",B1,12014,edge,AWL
442,"retain",B1,11924,edge,AWL
443,"agriculture",B1,11713,edge,NAWL
444,"intensive",B1,11672,edge,AWL
445,"consumption",B1,11650,edge,AWL
446,"minority",B1,11483,edge,AWL
447,"formally",B1,11471,edge,NAWL
448,"rewrite",B1,11446,edge,NAWL
449,"economics",B1,11396,edge,AWL
450,"conclude",B1,11251,edge,AWL
451,"equality",B1,11190,edge,NAWL
452,"instruction",B1,11066,edge,AWL
453,"scroll",C2,10960,edge,NAWL
454,"nonetheless",B1,10782,edge,AWL
455,"correction",B1,10673,edge,NAWL
456,"awareness",B1,10631,edge,AWL
457,"occupy",B1,10483,edge,AWL
458,"abnormal",B1,10337,edge,AWL
459,"whichever",B1,10302,edge,NAWL
460,"meaningful",B1,9875,edge,NAWL
461,"mineral",B1,9855,edge,NAWL
462,"virtual",B1,9795,edge,AWL
463,"illegally",B1,9788,edge,AWL
464,"significance",B1,9763,edge,AWL
465,"analyze",B1,9718,edge,AWL
466,"philosopher",B1,9611,edge,AWL
467,"initially",B1,9550,edge,AWL
468,"stressful",B1,9452,edge,AWL
469,"motivation",B1,9434,edge,AWL
470,"liberation",B1,9414,edge,AWL
471,"swollen",B1,9404,edge,NAWL
472,"regional",B1,9355,edge,AWL
473,"contribute",B1,9233,edge,AWL
474,"adapt",B1,9055,edge,AWL
475,"scope",B1,9019,edge,AWL
476,"slot",B1,8926,edge,NAWL
477,"insight",B1,8759,edge,AWL
478,"positively",B1,8751,edge,AWL
479,"considerable",B1,8745,edge,AWL
480,"relaxing",B1,8736,edge,AWL
481,"tropical",B1,8678,edge,NAWL
482,"category",B1,8633,edge,AWL
483,"unpredictable",B1,8628,edge,AWL
484,"academic",B1,8611,edge,AWL
485,"devotion",B1,8484,edge,AWL
486,"contribution",B1,8468,edge,AWL
487,"distribution",B1,8397,edge,AWL
488,"creator",B1,8390,edge,AWL
489,"achievement",B1,8378,edge,AWL
490,"estimate",B1,8244,edge,AWL
491,"environmental",B1,8052,edge,AWL
492,"establishment",B1,8048,edge,AWL
493,"obtain",B1,8011,edge,AWL
494,"transform",B1,7936,edge,AWL
495,"substitute",B1,7885,edge,AWL
496,"aspect",B1,7861,edge,AWL
497,"definite",B1,7846,edge,AWL
498,"immigration",B1,7813,edge,AWL
499,"transportation",B1,7798,edge,AWL
500,"select",B1,7755,edge,AWL
501,"phenomenon",B1,7537,edge,AWL
502,"unemployed",B1,7504,edge,NAWL
503,"demonstrate",B1,7458,edge,AWL
504,"edition",B1,7447,edge,AWL
505,"depressing",B1,7439,edge,AWL
506,"instructor",B1,7422,edge,AWL
507,"realistic",B1,7397,edge,NAWL
508,"sensation",B1,7341,edge,NAWL
509,"atomic",B1,7333,edge,NAWL
510,"artistic",B1,7327,edge,NAWL
511,"selection",B1,7273,edge,AWL
512,"workshop",B1,7254,edge,NAWL
513,"challenging",B1,7234,edge,AWL
514,"proposition",C2,7177,edge,NAWL
515,"terminal",B1,7123,edge,AWL
516,"reject",B1,7071,edge,AWL
517,"define",B1,7063,edge,AWL
518,"nevertheless",B1,6875,edge,AWL
519,"constitution",B1,6855,edge,AWL
520,"layer",B1,6808,edge,AWL
521,"mechanical",B1,6781,edge,NAWL
522,"mechanic",B1,6773,edge,NAWL
523,"demonstration",B1,6702,edge,AWL
524,"finance",B1,6700,edge,AWL
525,"invest",B1,6577,edge,AWL
526,"concentration",B1,6575,edge,AWL
527,"freely",B1,6562,edge,NAWL
528,"resident",B1,6537,edge,AWL
529,"maintenance",B1,6433,edge,AWL
530,"visible",B1,6414,edge,AWL
531,"clip",B1,6289,edge,NAWL
532,"classical",B1,6286,edge,AWL
533,"restore",B1,6256,edge,AWL
534,"objective",B1,6243,edge,AWL
535,"mentally",B1,6235,edge,AWL
536,"psychological",B1,6157,edge,AWL
537,"conscious",B1,6148,edge,NAWL
538,"cultural",B1,6061,edge,AWL
539,"initial",B1,6046,edge,AWL
540,"sequence",B1,5941,edge,AWL
541,"annual",B1,5906,edge,AWL
542,"occur",B1,5897,edge,AWL
543,"compound",B1,5877,edge,AWL
544,"reliable",B1,5867,edge,AWL
545,"involve",B1,5863,edge,AWL
546,"stressed",B1,5855,edge,AWL
547,"medium",B1,5841,edge,AWL
548,"volume",B1,5761,edge,AWL
549,"assist",B1,5656,edge,AWL
550,"survivor",B1,5624,edge,AWL
551,"minus",B1,5611,edge,NAWL
552,"via",B1,5600,edge,AWL
553,"administration",B1,5596,edge,AWL
554,"journal",B1,5583,edge,AWL
555,"majority",B1,5582,edge,AWL
556,"logic",B1,5575,edge,AWL
557,"tremendous",B1,5552,edge,NAWL
558,"chemistry",B1,5532,edge,NAWL
559,"economic",B1,5484,edge,AWL
560,"expose",B1,5465,edge,AWL
561,"depression",B1,5403,edge,AWL
562,"civilization",B1,5399,edge,NAWL
563,"minimum",B1,5392,edge,AWL
564,"maximum",B1,5291,edge,AWL
565,"bubble",B1,5289,edge,NAWL
566,"ensure",B1,5285,edge,AWL
567,"accurate",B1,5259,edge,AWL
568,"income",B1,5251,edge,AWL
569,"physics",B1,5244,edge,NAWL
570,"puzzle",B1,5216,edge,NAWL
571,"philosophy",B1,5197,edge,AWL
572,"plug",B1,5176,edge,NAWL
573,"element",B1,5143,edge,AWL
574,"locate",B1,5112,edge,AWL
575,"formula",B1,5091,edge,AWL
576,"myth",B1,5041,edge,NAWL
577,"institute",B1,5029,edge,AWL
578,"designer",B1,4970,edge,AWL
579,"conclusion",B1,4969,edge,AWL
580,"cycle",B1,4964,edge,AWL
581,"volunteer",B1,4951,edge,AWL
582,"recovery",B1,4950,edge,AWL
583,"lung",B1,4935,edge,NAWL
584,"alternative",B1,4834,edge,AWL
585,"visual",B1,4777,edge,AWL
586,"react",B1,4710,edge,AWL
587,"arrow",B1,4658,edge,NAWL
588,"lecture",B1,4632,edge,AWL
589,"document",B1,4599,edge,AWL
590,"economy",B1,4586,edge,AWL
591,"republic",B1,4571,edge,NAWL
592,"register",B1,4453,edge,AWL
593,"cattle",B1,4442,edge,NAWL
594,"conduct",B1,4361,edge,AWL
595,"promotion",B1,4339,edge,AWL
596,"technique",B1,4309,edge,AWL
597,"contrary",B1,4239,edge,AWL
598,"region",B1,4227,edge,AWL
599,"analysis",B1,4197,edge,AWL
600,"require",B1,4174,edge,AWL
601,"affect",B1,4125,edge,AWL
602,"recover",B1,4114,edge,AWL
603,"temporary",B1,4097,edge,AWL
604,"hip",B1,4061,edge,NAWL
605,"concept",B1,4044,edge,AWL
606,"injury",B1,4014,edge,AWL
607,"shortly",B1,3979,edge,NAWL
608,"superior",B1,3960,edge,NAWL
609,"facility",B1,3932,edge,AWL
610,"tense",B1,3914,edge,AWL
611,"survival",B1,3839,edge,AWL
612,"constantly",B1,3832,edge,AWL
613,"global",B1,3819,edge,AWL
614,"punish",B1,3795,edge,NAWL
615,"brief",B1,3794,edge,AWL
616,"internal",B1,3766,edge,AWL
617,"pole",B1,3729,edge,NAWL
618,"powder",B1,3717,edge,NAWL
619,"jazz",B1,3694,edge,NAWL
620,"transport",B1,3644,edge,AWL
621,"academy",B1,3630,edge,AWL
622,"stable",B1,3591,edge,AWL
623,"respond",B1,3585,edge,AWL
624,"intense",B1,3577,edge,AWL
625,"minor",B1,3564,edge,AWL
626,"previous",B1,3524,edge,AWL
627,"monitor",B1,3488,edge,AWL
628,"individual",B1,3415,edge,AWL
629,"comment",B1,3376,edge,AWL
630,"goods",B1,3352,edge,NAWL
631,"benefit",B1,3335,edge,AWL
632,"motive",B1,3321,edge,AWL
633,"behalf",B1,3311,edge,AWL
634,"complex",B1,3285,edge,AWL
635,"interrupt",B1,3268,edge,NAWL
636,"proceed",B1,3219,edge,AWL
637,"underneath",B1,3186,edge,NAWL
638,"link",B1,3167,edge,AWL
639,"clinic",B1,3154,edge,NAWL
640,"exit",B1,3147,edge,NAWL
641,"trigger",B1,3143,edge,AWL
642,"construction",B1,3140,edge,AWL
643,"status",B1,3130,edge,AWL
644,"confirm",B1,3103,edge,AWL
645,"robot",B1,3101,edge,NAWL
646,"painful",B1,3073,edge,NAWL
647,"financial",B1,3061,edge,AWL
648,"stress",B1,2999,edge,AWL
649,"afterwards",B1,2988,edge,NAWL
650,"network",B1,2935,edge,AWL
651,"nuclear",B1,2924,edge,AWL
652,"accent",B1,2906,edge,NAWL
653,"option",B1,2900,edge,AWL
654,"civil",B1,2881,edge,AWL
655,"punishment",B1,2829,edge,NAWL
656,"transfer",B1,2816,edge,AWL
657,"channel",B1,2800,edge,AWL
658,"unique",B1,2775,edge,AWL
659,"deny",B1,2764,edge,AWL
660,"potential",B1,2743,edge,AWL
661,"identity",B1,2738,edge,AWL
662,"policy",B1,2716,edge,AWL
663,"ignore",B1,2706,edge,AWL
664,"secure",B1,2644,edge,AWL
665,"mental",B1,2640,edge,AWL
666,"authority",B1,2618,edge,AWL
667,"normally",B1,2606,edge,AWL
668,"percent",B1,2605,edge,AWL
669,"approach",B1,2601,edge,AWL
670,"device",B1,2565,edge,AWL
671,"sometime",B1,2529,edge,NAWL
672,"incident",B1,2495,edge,AWL
673,"emperor",B1,2494,edge,NAWL
674,"trace",B1,2477,edge,AWL
675,"equipment",B1,2468,edge,AWL
676,"vision",B1,2466,edge,AWL
677,"cure",B1,2421,edge,NAWL
678,"series",B1,2413,edge,AWL
679,"shift",B1,2399,edge,AWL
680,"convince",B1,2375,edge,AWL
681,"dramatic",B1,2306,edge,AWL
682,"vehicle",B1,2263,edge,AWL
683,"remove",B1,2255,edge,AWL
684,"capable",B1,2243,edge,AWL
685,"available",B1,2202,edge,AWL
686,"bang",B1,2117,edge,NAWL
687,"grant",B1,2061,edge,AWL
688,"location",B1,2058,edge,AWL
689,"positive",B1,2051,edge,AWL
690,"assume",B1,2038,edge,AWL
691,"eventually",B1,2034,edge,AWL
692,"goodness",B1,1925,edge,NAWL
693,"obvious",B1,1920,edge,AWL
694,"legal",B1,1885,edge,AWL
695,"theory",B1,1846,edge,AWL
696,"naked",B1,1802,edge,NAWL
697,"community",B2,1781,edge,AWL
698,"access",B1,1764,edge,AWL
699,"sword",B1,1707,edge,NAWL
700,"process",B1,1706,edge,AWL
701,"bullet",B1,1692,edge,NAWL
702,"lab",B1,1648,edge,NAWL
703,"aware",B1,1642,edge,AWL
704,"suicide",B1,1572,edge,NAWL
705,"project",B2,1541,edge,AWL
706,"inspector",B2,1458,edge,AWL
707,"whoever",B1,1390,edge,NAWL
708,"client",B2,1324,edge,NAWL
709,"energy",B2,1245,edge,AWL
710,"obviously",B1,1009,edge,AWL
711,"involved",B1,1004,edge,AWL
712,"security",B1,781,edge,AWL
713,"definitely",B1,780,edge,AWL
714,"sex",B1,639,edge,AWL
715,"found",B2,245,edge,AWL
716,"admiringly",B2,,core,
717,"adversely",B2,,core,
718,"aircrew",B2,,core,
719,"anchorperson",B2,,core,
720,"antiaircraft",B2,,core,
721,"antibacterial",B2,,core,
722,"anticancer",B2,,core,
723,"antipollution",B2,,core,
724,"antistatic",B2,,core,
725,"antivirus",B2,,core,
726,"armful",B2,,core,
727,"aubergine",B2,,core,
728,"balky",B2,,core,
729,"beautify",B2,,core,
730,"bewilderment",B2,,core,
731,"biotechnology",B2,,core,
732,"bookish",B2,,core,
733,"breakable",B2,,core,
734,"burdensome",B2,,core,
735,"burgle",B2,,core,
736,"carbon dioxide",B2,,core,
737,"carbon footprint",B2,,core,
738,"carbon monoxide",B2,,core,
739,"cheerfulness",B2,,core,
740,"clearness",B2,,core,
741,"climate change",B2,,core,
742,"collocation",B2,,core,
743,"conferencing",B2,,core,
744,"countrywide",B2,,core,
745,"coziness",B2,,core,
746,"cosiness",B2,,core,
747,"crossly",B2,,core,
748,"crystallize",B2,,core,
749,"cubism",B2,,core,
750,"cursor",B2,,core,
751,"cyberaddict",B2,,core,
752,"cybercafe",B2,,core,
753,"cybercafé",B2,,core,
754,"cybercrime",B2,,core,
755,"cyberpet",B2,,core,
756,"cyberschool",B2,,core,
757,"de facto",B2,,core,
758,"debit card",B2,,core,
759,"deforestation",B2,,core,
760,"dehumanize",B2,,core,
761,"determiner",B2,,core,
762,"dispensable",B2,,core,
763,"doorkeeper",B2,,core,
764,"downsize",B2,,core,
765,"drapery",B2,,core,
766,"drinkable",B2,,core,
767,"duplication",B2,,core,
768,"ecologically",B2,,core,
769,"ecologist",B2,,core,
770,"enrol",B2,,core,
771,"environmentally friendly",B2,,core,
772,"essayist",B2,,core,
773,"exactness",B2,,core,
774,"examinee",B2,,core,
775,"exclamation mark",B2,,core,
776,"exultant",B2,,core,
777,"fed up",B2,,core,
778,"ferryboat",B2,,core,
779,"fire brigade",B2,,core,
780,"first language",B2,,core,
781,"first person",B2,,core,
782,"flexibly",B2,,core,
783,"fluency",B2,,core,
784,"functionality",B2,,core,
785,"furor",B2,,core,
786,"furore",B2,,core,
787,"glacis",B2,,core,
788,"glamourous",B2,,core,
789,"global warming",B2,,core,
790,"glocal",B2,,core,
791,"gracefulness",B2,,core,
792,"graphically",B2,,core,
793,"gymnastic",B2,,core,
794,"habitant",B2,,core,
795,"handicraft",B2,,core,
796,"handrail",B2,,core,
797,"hard drive",B2,,core,
798,"health care",B2,,core,
799,"heart-warming",B2,,core,
800,"hospitalize",B2,,core,
801,"housemaster",B2,,core,
802,"human rights",B2,,core,
803,"humanize",B2,,core,
804,"hyphen",B2,,core,
805,"impermanent",B2,,core,
806,"impolitely",B2,,core,
807,"indent",B2,,core,
808,"infringe",B2,,core,
809,"instil",B2,,core,
810,"intransitive",B2,,core,
811,"inverted commas",B2,,core,
812,"invitingly",B2,,core,
813,"irresistibly",B2,,core,
814,"islander",B2,,core,
815,"italicize",B2,,core,
816,"junk food",B2,,core,
817,"keystroke",B2,,core,
818,"last minute",B2,,core,
819,"lawmaker",B2,,core,
820,"layabout",B2,,core,
821,"lowland",B2,,core,
822,"martial art",B2,,core,
823,"mechanize",B2,,core,
824,"mediaeval",B2,,core,
825,"microcomputer",B2,,core,
826,"micrometer",B2,,core,
827,"microorganism",B2,,core,
828,"microscopy",B2,,core,
829,"mistrustful",B2,,core,
830,"modernization",B2,,core,
831,"moonscape",B2,,core,
832,"mortify",B2,,core,
833,"mutability",B2,,core,
834,"mutable",B2,,core,
835,"mystify",B2,,core,
836,"native speaker",B2,,core,
837,"netsurfer",B2,,core,
838,"net surfer",B2,,core,
839,"nonprofessional",B2,,core,
840,"organiser",B2,,core,
841,"outdistance",B2,,core,
842,"overbook",B2,,core,
843,"overemphasize",B2,,core,
844,"overshadow",B2,,core,
845,"oversize",B2,,core,
846,"owing to",B2,,core,
847,"paperless",B2,,core,
848,"penalize",B2,,core,
849,"personify",B2,,core,
850,"point of view",B2,,core,
851,"polar bear",B2,,core,
852,"polity",B2,,core,
853,"popularize",B2,,core,
854,"predicative",B2,,core,
855,"predictor",B2,,core,
856,"prehuman",B2,,core,
857,"preindustrial",B2,,core,
858,"prejudge",B2,,core,
859,"preoccupy",B2,,core,
860,"prime minister",B2,,core,
861,"proponent",B2,,core,
862,"quarrelsome",B2,,core,
863,"quotable",B2,,core,
864,"rafter",B2,,core,
865,"recommendable",B2,,core,
866,"referent",B2,,core,
867,"reprint",B2,,core,
868,"reprove",B2,,core,
869,"respectably",B2,,core,
870,"ruinous",B2,,core,
871,"rush hour",B2,,core,
872,"salesmanship",B2,,core,
873,"scholasticism",B2,,core,
874,"second person",B2,,core,
875,"semicolon",B2,,core,
876,"simplification",B2,,core,
877,"skateboarder",B2,,core,
878,"skilfully",B2,,core,
879,"skyward",B2,,core,
880,"smokestack",B2,,core,
881,"solidity",B2,,core,
882,"soliloquy",B2,,core,
883,"southward",B2,,core,
884,"sparerib",B2,,core,
885,"speeder",B2,,core,
886,"spokeswoman",B2,,core,
887,"stanza",B2,,core,
888,"steering wheel",B2,,core,
889,"stock market",B2,,core,
890,"stonework",B2,,core,
891,"subcontinent",B2,,core,
892,"subculture",B2,,core,
893,"subjunctive",B2,,core,
894,"subplot",B2,,core,
895,"tatter",B2,,core,
896,"thickly",B2,,core,
897,"third person",B2,,core,
898,"timeliness",B2,,core,
899,"tortoiseshell",B2,,core,
900,"transitive",B2,,core,
901,"truthfulness",B2,,core,
902,"unashamedly",B2,,core,
903,"uncharacteristic",B2,,core,
904,"unclearly",B2,,core,
905,"undreamed",B2,,core,
906,"uneasily",B2,,core,
907,"unenthusiastic",B2,,core,
908,"unmistakably",B2,,core,
909,"unthinkably",B2,,core,
910,"untrimmed",B2,,core,
911,"unusualness",B2,,core,
912,"unworldly",B2,,core,
913,"upside down",B2,,core,
914,"virtual reality",B2,,core,
915,"wallboard",B2,,core,
916,"wearisome",B2,,core,
917,"well-organized",B2,,core,
918,"woodcarving",B2,,core,
919,"wordlessly",B2,,core,
920,"workbench",B2,,core,
921,"worktable",B2,,core,
922,"wornout",B2,,core,
923,"worn out",B2,,core,
924,"naturalness",C1,,core,
925,"refreshingly",C1,,core,
926,"induct",C1,,core,
927,"geologically",C1,,core,
928,"explanatory",C1,,core,
929,"tactfully",C1,,core,
930,"damply",C1,,core,
931,"washtub",C1,,core,
932,"apt to",C1,,core,
933,"placidly",C1,,core,
934,"unmanageable",C1,,core,
935,"tedium",C1,,core,
936,"shortlist",C1,,core,
937,"persuasively",C1,,core,
938,"minutiae",C1,,core,
939,"believably",C1,,core,
940,"readable",C1,,core,
941,"smugly",C1,,core,
942,"repellant",C1,,core,
943,"insightfully",C1,,core,
944,"ecstatically",C1,,core,
945,"favourably",C1,,core,
946,"neglectful",C1,,core,
947,"conscientiously",C1,,core,
948,"robustly",C1,,core,
949,"dismally",C1,,core,
950,"chaotically",C1,,core,
951,"dither",C1,,core,
952,"victoriously",C1,,core,
953,"baldly",C1,,core,
954,"popularization",C1,,core,
955,"ceaselessly",C1,,core,
956,"climactic",C1,,core,
957,"anticlimactic",C1,,core,
958,"immortalize",C1,,core,
959,"divergence",C1,,core,
960,"divergent",C1,,core,
961,"superficially",C1,,core,
962,"quip",C1,,core,
963,"plausibility",C1,,core,
964,"plausibly",C1,,core,
965,"stylistic",C1,,core,
966,"stylistically",C1,,core,
967,"meaninglessly",C1,,core,
968,"provocatively",C1,,core,
969,"scornfully",C1,,core,
970,"animatedly",C1,,core,
971,"obscurely",C1,,core,
972,"tediously",C1,,core,
973,"rudiments",C1,,core,
974,"insecurely",C1,,core,
975,"insensitively",C1,,core,
976,"stressfully",C1,,core,
977,"chauffer",C1,,core,
978,"sedentary",C1,,core,
979,"possessor",C1,,core,
980,"frostily",C1,,core,
981,"impersonally",C1,,core,
982,"stuffily",C1,,core,
983,"stuffiness",C1,,core,
984,"glumly",C1,,core,
985,"gamely",C1,,core,
986,"unenviable",C1,,core,
987,"unenviably",C1,,core,
988,"inclusively",C1,,core,
989,"unconvincing",C1,,core,
990,"unconvincingly",C1,,core,
991,"conditionally",C1,,core,
992,"refurbish",C1,,core,
993,"refurbishment",C1,,core,
994,"lethargically",C1,,core,
995,"disquieting",C1,,core,
996,"exotically",C1,,core,
997,"sedately",C1,,core,
998,"dutifully",C1,,core,
999,"eclectically",C1,,core,
1000,"recognizably",C1,,core,
1001,"recognisably",C1,,core,
1002,"unreliably",C1,,core,
1003,"amplification",C1,,core,
1004,"compliantly",C1,,core,
1005,"blankness",C1,,core,
1006,"exuberantly",C1,,core,
1007,"linearly",C1,,core,
1008,"dominantly",C1,,core,
1009,"interjection",C1,,core,
1010,"gushingly",C1,,core,
1011,"voraciously",C1,,core,
1012,"impish",C1,,core,
1013,"impishly",C1,,core,
1014,"tautly",C1,,core,
1015,"startlingly",C1,,core,
1016,"slackly",C1,,core,
1017,"unwaveringly",C1,,core,
1018,"beguilingly",C1,,core,
1019,"blithely",C1,,core,
1020,"venerate",C1,,core,
1021,"staccato",C1,,core,
1022,"verve",C1,,core,
1023,"wryly",C1,,core,
1024,"poetess",C1,,core,
1025,"sentimentally",C1,,core,
1026,"untangled",C1,,core,
1027,"perceptively",C1,,core,
1028,"engross",C1,,core,
1029,"engrossing",C1,,core,
1030,"detritus",C1,,core,
1031,"detrimentally",C1,,core,
1032,"domestication",C1,,core,
1033,"eccentrically",C1,,core,
1034,"personalize",C1,,core,
1035,"personalization",C1,,core,
1036,"negligently",C1,,core,
1037,"maternalistic",C1,,core,
1038,"paternalistic",C1,,core,
1039,"unsustainably",C1,,core,
1040,"sustainably",C1,,core,
1041,"cynically",C1,,core,
1042,"intuit",C1,,core,
1043,"intuitively",C1,,core,
1044,"fiddly",C1,,core,
1045,"unmusical",C1,,core,
1046,"unmusically",C1,,core,
1047,"repertory",C1,,core,
1048,"fanatically",C1,,core,
1049,"acoustically",C1,,core,
1050,"daunt",C1,,core,
1051,"recessive",C1,,core,
1052,"prolifically",C1,,core,
1053,"proliferate",C1,,core,
1054,"fragmentation",C1,,core,
1055,"naively",C1,,core,
1056,"ludicrously",C1,,core,
1057,"cost-effective",C1,,core,
1058,"gruesomely",C1,,core,
1059,"envisage",C1,,core,
1060,"irately",C1,,core,
1061,"docilely",C1,,core,
1062,"fiendishly",C1,,core,
1063,"transfix",C1,,core,
1064,"temperamentally",C1,,core,
1065,"disillusionment",C1,,core,
1066,"raunchily",C1,,core,
1067,"verandah",C1,,core,
1068,"bureaucratically",C1,,core,
1069,"uninspiring",C1,,core,
1070,"somberly",C1,,core,
1071,"sombrely",C1,,core,
1072,"demography",C1,,core,
1073,"demographically",C1,,core,
1074,"phenomenally",C1,,core,
1075,"paywall",C1,,core,
1076,"socialization",C1,,core,
1077,"magnetically",C1,,core,
1078,"credibly",C1,,core,
1079,"credential",C1,,core,
1080,"prohibitively",C1,,core,
1081,"pendulous",C1,,core,
1082,"adjoin",C1,,core,
1083,"wizened",C1,,core,
1084,"folktale",C1,,core,
1085,"hypocritically",C1,,core,
1086,"tastebud",C1,,core,
1087,"insubordinately",C1,,core,
1088,"primitively",C1,,core,
1089,"contextually",C1,,core,
1090,"unscathing",C1,,core,
1091,"incisor",C1,,core,
1092,"chiselled",C1,,core,
1093,"elongate",C1,,core,
1094,"exhilarate",C1,,core,
1095,"unsettle",C1,,core,
1096,"benignly",C1,,core,
1097,"explosively",C1,,core,
1098,"synthetically",C1,,core,
1099,"lackluster",C1,,core,
1100,"appall",C1,,core,
1101,"appal",C1,,core,
1102,"appallingly",C1,,core,
1103,"monotonously",C1,,core,
1104,"turn to",C1,,core,
1105,"salivate",C1,,core,
1106,"remorseless",C1,,core,
1107,"remorsefully",C1,,core,
1108,"remorselessly",C1,,core,
1109,"inexcusably",C1,,core,
1110,"bulk up",C1,,core,
1111,"digitalize",C1,,core,
1112,"digitalization",C1,,core,
1113,"mark-up",C1,,core,
1114,"succulently",C1,,core,
1115,"physicality",C1,49975,core,
1116,"olympiad",B2,49813,core,
1117,"unfashionable",B2,49729,core,
1118,"practicality",B2,49694,core,
1119,"restorative",C1,49649,core,
1120,"fume",B2,49544,core,
1121,"lethargy",C1,49466,core,
1122,"modernize",B2,49443,core,
1123,"ferociously",C1,49429,core,
1124,"idolize",B2,49379,core,
1125,"gape",C1,49146,core,
1126,"untalented",B2,49026,core,
1127,"cessation",C1,48745,core,
1128,"personification",B2,48711,core,
1129,"hyperbole",B2,48664,core,
1130,"well-balanced",B2,48460,core,
1131,"amply",C1,48424,core,
1132,"attractiveness",B2,48364,core,
1133,"ageless",B2,48271,core,
1134,"jealously",B2,48147,core,
1135,"seedling",C1,47998,core,
1136,"undaunted",C1,47983,core,
1137,"permanence",B2,47827,core,
1138,"zany",C1,47712,core,
1139,"synopsis",C1,47659,core,
1140,"oddity",C1,47639,core,
1141,"exhilaration",C1,47624,core,
1142,"impressionism",B2,47587,core,
1143,"wickedly",C1,47433,core,
1144,"scathing",C1,47396,core,
1145,"naivety",C1,47351,core,
1146,"resonant",B2,47342,core,
1147,"predictive",B2,47340,core,
1148,"figurative",B2,47331,core,
1149,"versatility",C1,47225,core,
1150,"newsworthy",B2,47046,core,
1151,"gruelling",C1,47035,core,
1152,"nondescript",C1,46942,core,
1153,"unease",B2,46765,core,
1154,"candidly",C1,46653,core,
1155,"ruthlessness",C1,46563,core,
1156,"unhelpful",B2,46544,core,
1157,"exhibitionist",C1,46542,core,
1158,"sketchbook",C1,46224,core,
1159,"self-confident",B2,46159,core,
1160,"subdivision",B2,46107,core,
1161,"disillusion",B2,45976,core,
1162,"eastward",B2,45859,core,
1163,"worldview",B2,45694,core,
1164,"descriptive",B2,45636,core,
1165,"beguiling",C1,45589,core,
1166,"birdcage",B2,45519,core,
1167,"quantify",B2,45387,core,
1168,"reenact",C1,45313,core,
1169,"settee",C1,45289,core,
1170,"well-paid",B2,45249,core,
1171,"crudely",C1,45077,core,
1172,"gravitation",B2,44810,core,
1173,"glean",C1,44651,core,
1174,"attentively",B2,44544,core,
1175,"northward",B2,44418,core,
1176,"humanist",B2,44311,core,
1177,"panoramic",C1,44286,core,
1178,"apostrophe",B2,44147,core,
1179,"mountaineer",C1,44046,core,
1180,"firmness",B2,43988,core,
1181,"unconcerned",B2,43943,core,
1182,"purposeful",B2,43904,core,
1183,"unimaginably",B2,43682,core,
1184,"recognisable",C1,43529,core,
1185,"pedantic",B2,43526,core,
1186,"outshine",B2,43342,core,
1187,"aesthetically",C1,43243,core,
1188,"heighten",C1,43228,core,
1189,"enviable",C1,43115,core,
1190,"saleswoman",B2,42934,core,
1191,"torturous",C1,42897,core,
1192,"self-worth",C1,42406,core,
1193,"skylark",B2,42233,core,
1194,"preventive",B2,42163,core,
1195,"bulimia",B2,42138,core,
1196,"publicize",B2,42057,core,
1197,"dislodge",C1,42050,core,
1198,"cornet",B2,42004,core,
1199,"semi-final",B2,41900,core,
1200,"sunbeam",B2,41866,core,
1201,"misplace",C1,41725,core,
1202,"correctness",B2,41554,core,
1203,"detriment",C1,41467,core,
1204,"animate",B2,41275,core,
1205,"interject",C1,41198,core,
1206,"convoluted",C1,41197,core,
1207,"detestable",C1,41157,core,
1208,"favorably",C1,40962,core,
1209,"interpersonal",B2,40952,core,
1210,"non-smoking",B2,40909,core,
1211,"stubbornly",B2,40901,core,
1212,"bookmark",B2,40848,core,
1213,"uncomfortably",B2,40845,core,
1214,"skillfully",B2,40823,core,
1215,"salesperson",B2,40786,core,
1216,"familiarize",B2,40575,core,
1217,"cellist",B2,40487,core,
1218,"collaborative",C1,40485,core,
1219,"fabulously",C1,40458,core,
1220,"anchorman",B2,40447,core,
1221,"stopover",B2,40429,core,
1222,"outgrow",B2,40423,core,
1223,"tantamount",C1,40416,core,
1224,"raunchy",C1,40382,core,
1225,"orator",B2,40351,core,
1226,"well-built",B2,40267,core,
1227,"lethargic",C1,40241,core,
1228,"statewide",B2,40226,core,
1229,"pathos",C1,40113,core,
1230,"densely",B2,40052,core,
1231,"shakespearean",B2,39965,core,
1232,"tiredness",B2,39914,core,
1233,"exuberance",C1,39870,core,
1234,"paratrooper",B2,39819,core,
1235,"walkabout",B2,39814,core,
1236,"irate",C1,39801,core,
1237,"inexhaustible",C1,39721,core,
1238,"acutely",C1,39669,core,
1239,"outwardly",B2,39667,core,
1240,"artistically",C1,39655,core,
1241,"toughness",C1,39597,core,
1242,"symptomatic",C1,39537,core,
1243,"exuberant",C1,39437,core,
1244,"astonish",B2,39434,core,
1245,"altruism",C1,39431,core,
1246,"organizational",C1,39398,core,
1247,"broadband",B2,39340,core,
1248,"impatiently",B2,39319,core,
1249,"reorganize",B2,39282,core,
1250,"soybean",B2,39156,core,
1251,"seesaw",B2,39103,core,
1252,"homeward",B2,39066,core,
1253,"dissident",B2,38802,core,
1254,"motorist",B2,38727,core,
1255,"tactile",B2,38676,core,
1256,"wayside",C1,38605,core,
1257,"spreadsheet",B2,38572,core,
1258,"atypical",B2,38474,core,
1259,"shoplifter",B2,38473,core,
1260,"overdraft",C1,38388,core,
1261,"untangle",C1,38284,core,
1262,"unsatisfactory",B2,38236,core,
1263,"pawnbroker",B2,38221,core,
1264,"altruistic",C1,38072,core,
1265,"microbe",B2,37791,core,
1266,"suds",C1,37577,core,
1267,"paintbrush",B2,37535,core,
1268,"absentee",B2,37524,core,
1269,"contested",C1,37467,core,
1270,"suburbia",C1,37271,core,
1271,"commercially",C1,37200,core,
1272,"assertion",C1,37171,core,
1273,"additionally",B2,37127,core,
1274,"compliant",C1,37113,core,
1275,"diphtheria",B2,36998,core,
1276,"gaiety",B2,36938,core,
1277,"forestry",B2,36911,core,
1278,"insubordinate",C1,36853,core,
1279,"heartwarming",B2,36824,core,
1280,"transatlantic",C1,36791,core,
1281,"malady",B2,36748,core,
1282,"spellbound",B2,36744,core,
1283,"outdo",B2,36707,core,
1284,"enthusiastically",B2,36665,core,
1285,"pallet",B2,36632,core,
1286,"overstep",B2,36554,core,
1287,"remedial",C1,36526,core,
1288,"ewe",C1,36449,core,
1289,"wooded",C1,36348,core,
1290,"bad-tempered",B2,36311,core,
1291,"engulf",B2,36300,core,
1292,"motley",C1,36292,core,
1293,"suitably",B2,36284,core,
1294,"unoccupied",C1,36248,core,
1295,"rectangular",B2,36197,core,
1296,"elegantly",B2,36070,core,
1297,"cyberspace",B2,36062,core,
1298,"archeologist",B2,35875,core,
1299,"improperly",B2,35847,core,
1300,"intravenous",B2,35838,core,
1301,"astonishment",B2,35658,core,
1302,"bombard",B2,35655,core,
1303,"worsen",B2,35639,core,
1304,"dissatisfaction",B2,35549,core,
1305,"skilful",B2,35534,core,
1306,"powerfully",B2,35471,core,
1307,"impressionist",B2,35168,core,
1308,"perspiration",B2,35021,core,
1309,"rediscover",C1,35009,core,
1310,"prance",B2,34775,core,
1311,"resonate",C1,34725,core,
1312,"untreated",B2,34535,core,
1313,"unwavering",C1,34532,core,
1314,"bellow",B2,34530,core,
1315,"citywide",B2,34445,core,
1316,"fanciful",C1,34429,core,
1317,"cleverness",C1,34417,core,
1318,"pillowcase",B2,34392,core,
1319,"radiate",B2,34365,core,
1320,"indulgent",B2,34328,core,
1321,"inexplicably",C1,34209,core,
1322,"eclectic",C1,34100,core,
1323,"quirk",C1,34020,core,
1324,"speculative",C1,33963,core,
1325,"flax",B2,33954,core,
1326,"infringement",B2,33939,core,
1327,"indignity",B2,33845,core,
1328,"undersea",B2,33752,core,
1329,"mistreat",B2,33699,core,
1330,"disqualify",B2,33585,core,
1331,"repaint",B2,33535,core,
1332,"wrangle",C1,33515,core,
1333,"steely",B2,33494,core,
1334,"showy",C1,33319,core,
1335,"conceit",B2,33258,core,
1336,"frigate",B2,33246,core,
1337,"labourer",B2,33209,core,
1338,"waistcoat",B2,33124,core,
1339,"broadcaster",B2,33107,core,
1340,"countryman",B2,33085,core,
1341,"browser",B2,33072,core,
1342,"nano",B2,32859,core,
1343,"leek",B2,32858,core,
1344,"inclusive",C1,32833,core,
1345,"drawback",C1,32771,core,
1346,"rainstorm",B2,32706,core,
1347,"veneration",C1,32623,core,
1348,"taut",C1,32607,core,
1349,"furiously",B2,32595,core,
1350,"bothersome",B2,32558,core,
1351,"elitist",C1,32540,core,
1352,"outpatient",B2,32528,core,
1353,"calorie",C1,32484,core,
1354,"sonnet",B2,32341,core,
1355,"neurosis",B2,32298,core,
1356,"offhand",B2,32200,core,
1357,"prophetic",C1,32198,core,
1358,"nought",B2,32178,core,
1359,"depiction",C1,32153,core,
1360,"pandemic",B2,32094,core,
1361,"leaflet",B2,32084,core,
1362,"narrowly",B2,32072,core,
1363,"telltale",C1,31998,core,
1364,"transistor",B2,31983,core,
1365,"advantageous",C1,31937,core,
1366,"pastoral",B2,31907,core,
1367,"gnaw",C1,31862,core,
1368,"stockpile",B2,31846,core,
1369,"fiendish",C1,31807,core,
1370,"inert",B2,31725,core,
1371,"originate",B2,31694,core,
1372,"fissure",C1,31644,core,
1373,"jeweller",B2,31631,core,
1374,"reminiscent",C1,31551,core,
1375,"disapproval",B2,31539,core,
1376,"somersault",C1,31478,core,
1377,"justly",C1,31462,core,
1378,"stimulant",B2,31419,core,
1379,"wry",C1,31338,core,
1380,"enterprising",C1,31334,core,
1381,"desktop",B2,31324,core,
1382,"scribble",B2,31257,core,
1383,"viciously",C1,31252,core,
1384,"elective",B2,31163,core,
1385,"acoustics",C1,31149,core,
1386,"voracious",C1,31093,core,
1387,"inflammatory",B2,31079,core,
1388,"blurt",B2,31077,core,
1389,"claustrophobia",C1,31028,core,
1390,"impervious",C1,30990,core,
1391,"certification",B2,30978,core,
1392,"governmental",B2,30972,core,
1393,"brainwash",C1,30915,core,
1394,"sandstone",B2,30893,core,
1395,"mournful",B2,30838,core,
1396,"barometer",B2,30836,core,
1397,"prolific",C1,30789,core,
1398,"hi-tech",B2,30767,core,
1399,"impersonator",C1,30765,core,
1400,"wares",C1,30734,core,
1401,"diarrhoea",B2,30556,core,
1402,"tropic",B2,30550,core,
1403,"inanimate",B2,30475,core,
1404,"displeasure",B2,30470,core,
1405,"toenail",B2,30422,core,
1406,"tactful",C1,30417,core,
1407,"elude",C1,30394,core,
1408,"godly",B2,30324,core,
1409,"aspiration",B2,30284,core,
1410,"nostril",B2,30279,core,
1411,"amplifier",B2,30151,core,
1412,"confidently",B2,30070,core,
1413,"antiquated",C1,30028,core,
1414,"succulent",C1,29987,core,
1415,"clammy",C1,29869,core,
1416,"innocently",B2,29851,core,
1417,"bustling",B2,29836,core,
1418,"softness",B2,29831,core,
1419,"booklet",B2,29801,core,
1420,"imp",C1,29765,core,
1421,"carpentry",C1,29747,core,
1422,"educator",B2,29724,core,
1423,"scythe",B2,29720,core,
1424,"desolation",B2,29697,core,
1425,"refute",B2,29610,core,
1426,"overseer",C1,29582,core,
1427,"subtly",C1,29564,core,
1428,"outset",C1,29559,core,
1429,"centigrade",B2,29523,core,
1430,"teaspoon",B2,29396,core,
1431,"cleanly",C1,29371,core,
1432,"thirdly",B2,29362,core,
1433,"panorama",C1,29341,core,
1434,"radium",B2,29245,core,
1435,"uneventful",C1,29197,core,
1436,"ungodly",B2,29195,core,
1437,"impersonation",C1,29189,core,
1438,"cheerfully",B2,29186,core,
1439,"pessimist",B2,29141,core,
1440,"stately",C1,29092,core,
1441,"haggle",C1,29027,core,
1442,"fantastically",B2,28974,core,
1443,"unselfish",B2,28853,core,
1444,"upheaval",C1,28838,core,
1445,"indescribable",B2,28822,core,
1446,"benevolence",B2,28797,core,
1447,"mythological",C1,28741,core,
1448,"sliver",B2,28677,core,
1449,"worn-out",B2,28622,core,
1450,"amazement",B2,28548,core,
1451,"workman",B2,28498,core,
1452,"electronically",B2,28408,core,
1453,"sag",B2,28367,core,
1454,"persecute",C1,28298,core,
1455,"affectionately",B2,28281,core,
1456,"churn",C1,28241,core,
1457,"stopwatch",B2,28222,core,
1458,"artistry",B2,28217,core,
1459,"shortness",B2,28200,core,
1460,"scoff",C1,28152,core,
1461,"filial",B2,28102,core,
1462,"heifer",C1,28067,core,
1463,"influenza",B2,28056,core,
1464,"respite",C1,28051,core,
1465,"frantically",B2,28014,core,
1466,"avid",C1,28005,core,
1467,"advent",B2,27916,core,
1468,"rudimentary",C1,27884,core,
1469,"applicant",B2,27861,core,
1470,"vigorously",B2,27790,core,
1471,"impossibility",B2,27788,core,
1472,"poise",C1,27766,core,
1473,"workaholic",B2,27741,core,
1474,"harrow",B2,27734,core,
1475,"apprenticeship",C1,27725,core,
1476,"roundup",C1,27721,core,
1477,"culmination",B2,27653,core,
1478,"riveting",C1,27634,core,
1479,"originality",B2,27626,core,
1480,"unmistakable",B2,27597,core,
1481,"impoverished",C1,27544,core,
1482,"impersonal",C1,27409,core,
1483,"misconception",B2,27400,core,
1484,"dishonesty",B2,27396,core,
1485,"instinctive",C1,27394,core,
1486,"gutsy",C1,27391,core,
1487,"tiptoe",B2,27386,core,
1488,"retina",B2,27321,core,
1489,"closeness",C1,27277,core,
1490,"disorganized",B2,27249,core,
1491,"apprehensive",C1,27225,core,
1492,"reminisce",C1,27187,core,
1493,"hone",B2,27174,core,
1494,"impediment",C1,27172,core,
1495,"realist",C1,27148,core,
1496,"dandelion",B2,27137,core,
1497,"cyclist",B2,27071,core,
1498,"alphabetical",B2,27020,core,
1499,"irritation",B2,27009,core,
1500,"bequeath",C1,27006,core,
1501,"detach",B2,26912,core,
1502,"reassurance",C1,26891,core,
1503,"villager",B2,26889,core,
1504,"inflate",B2,26852,core,
1505,"supple",C1,26849,core,
1506,"recognizable",C1,26821,core,
1507,"unsuitable",B2,26799,core,
1508,"regrettably",B2,26798,core,
1509,"cascade",B2,26791,core,
1510,"homely",C1,26755,core,
1511,"monotonous",C1,26721,core,
1512,"debit",B2,26712,core,
1513,"loom",C1,26670,core,
1514,"anchorage",B2,26669,core,
1515,"pedicure",C1,26645,core,
1516,"dispensary",C1,26576,core,
1517,"unjustly",B2,26572,core,
1518,"caption",B2,26569,core,
1519,"leisurely",B2,26503,core,
1520,"bestseller",B2,26492,core,
1521,"salve",C1,26486,core,
1522,"darkroom",C1,26454,core,
1523,"circuitry",B2,26441,core,
1524,"bathhouse",B2,26439,core,
1525,"hatching",B2,26436,core,
1526,"overturn",B2,26432,core,
1527,"iceman",B2,26334,core,
1528,"falter",B2,26325,core,
1529,"sentient",C1,26322,core,
1530,"aimlessly",C1,26304,core,
1531,"fatality",C1,26258,core,
1532,"metric",B2,26202,core,
1533,"impersonate",C1,26195,core,
1534,"reflective",B2,26138,core,
1535,"hibernation",C1,26118,core,
1536,"broaden",B2,26102,core,
1537,"gook",B2,26089,core,
1538,"macabre",C1,26078,core,
1539,"screenwriter",C1,26035,core,
1540,"politeness",B2,26021,core,
1541,"pleasurable",C1,26010,core,
1542,"recollect",B2,25918,core,
1543,"humbug",B2,25887,core,
1544,"squander",C1,25807,core,
1545,"bustle",B2,25801,core,
1546,"mover",B2,25754,core,
1547,"laborer",B2,25673,core,
1548,"neighbouring",B2,25664,core,
1549,"outback",B2,25649,core,
1550,"breezy",B2,25639,core,
1551,"mogul",B2,25629,core,
1552,"unmanned",C1,25588,core,
1553,"commendation",C1,25561,core,
1554,"dropout",B2,25539,core,
1555,"artificially",B2,25527,core,
1556,"strait",B2,25449,core,
1557,"tightrope",B2,25418,core,
1558,"temperamental",C1,25406,core,
1559,"desertion",C1,25401,core,
1560,"carpool",B2,25383,core,
1561,"splatter",B2,25314,core,
1562,"crease",B2,25267,core,
1563,"sarcastically",C1,25252,core,
1564,"verbally",B2,25237,core,
1565,"ineffective",B2,25234,core,
1566,"gradual",B2,25222,core,
1567,"adjoining",C1,25201,core,
1568,"hastily",B2,25153,core,
1569,"preferable",B2,25145,core,
1570,"cynic",C1,25124,core,
1571,"cynicism",C1,25097,core,
1572,"strapping",C1,25040,core,
1573,"clutter",C1,25019,core,
1574,"inexcusable",C1,24930,core,
1575,"tremor",B2,24921,core,
1576,"billiards",C1,24911,core,
1577,"forcefully",B2,24890,core,
1578,"flicker",C1,24871,core,
1579,"mastery",B2,24828,core,
1580,"clog",B2,24794,core,
1581,"decomposition",B2,24780,core,
1582,"protagonist",C1,24762,core,
1583,"doubly",B2,24684,core,
1584,"suspiciously",B2,24626,core,
1585,"elemental",B2,24583,core,
1586,"brainwashing",C1,24568,core,
1587,"resin",C1,24518,core,
1588,"daunting",C1,24432,core,
1589,"anthropologist",C1,24421,core,
1590,"hemp",B2,24417,core,
1591,"organizer",B2,24400,core,
1592,"sulphur",B2,24399,core,
1593,"headstrong",C1,24372,core,
1594,"advisory",C1,24368,core,
1595,"giveaway",B2,24332,core,
1596,"expedite",C1,24273,core,
1597,"pawnshop",B2,24237,core,
1598,"prose",B2,24184,core,
1599,"paternal",C1,24110,core,
1600,"programmer",B2,24039,core,
1601,"hourly",B2,24028,core,
1602,"daydream",C1,23993,core,
1603,"fondly",B2,23963,core,
1604,"relinquish",C1,23960,core,
1605,"appreciative",B2,23944,core,
1606,"stoke",C1,23918,core,
1607,"masseur",B2,23862,core,
1608,"nomad",B2,23811,core,
1609,"tanned",B2,23765,core,
1610,"playmate",B2,23756,core,
1611,"craftsman",B2,23729,core,
1612,"papaya",B2,23711,core,
1613,"rhinoceros",B2,23679,core,
1614,"piracy",B2,23652,core,
1615,"taunt",B2,23631,core,
1616,"finely",B2,23604,core,
1617,"gushing",C1,23554,core,
1618,"showbiz",B2,23499,core,
1619,"physique",C1,23496,core,
1620,"dissect",C1,23495,core,
1621,"corona",B2,23476,core,
1622,"vocalist",B2,23448,core,
1623,"manoeuvre",C1,23418,core,
1624,"ph",B2,23402,core,
1625,"outlive",B2,23401,core,
1626,"draught",B2,23374,core,
1627,"cruelly",B2,23373,core,
1628,"clerical",B2,23324,core,
1629,"conjunction",B2,23303,core,
1630,"loosely",B2,23267,core,
1631,"prawn",B2,23260,core,
1632,"connoisseur",C1,23222,core,
1633,"blockbuster",C1,23038,core,
1634,"anchored",C1,23011,core,
1635,"collaborator",C1,23009,core,
1636,"rapport",C1,22992,core,
1637,"cornerstone",B2,22985,core,
1638,"pendulum",C1,22971,core,
1639,"gusto",C1,22943,core,
1640,"versatile",C1,22936,core,
1641,"respiration",B2,22923,core,
1642,"tablecloth",B2,22870,core,
1643,"skillful",B2,22853,core,
1644,"knowledgeable",C1,22838,core,
1645,"cardigan",B2,22620,core,
1646,"latent",C1,22617,core,
1647,"narcissistic",B2,22552,core,
1648,"alcoholism",B2,22545,core,
1649,"sociable",B2,22538,core,
1650,"hospitable",B2,22536,core,
1651,"presenter",B2,22491,core,
1652,"voter",B2,22456,core,
1653,"momentary",B2,22440,core,
1654,"beagle",B2,22437,core,
1655,"foolishly",B2,22404,core,
1656,"sedate",C1,22399,core,
1657,"playwright",B2,22330,core,
1658,"concur",C1,22323,core,
1659,"shambles",C1,22256,core,
1660,"shipwreck",B2,22218,core,
1661,"decorative",B2,22211,core,
1662,"bureaucratic",C1,22153,core,
1663,"improbable",B2,22143,core,
1664,"repetition",B2,22137,core,
1665,"typhoid",B2,22112,core,
1666,"bitterly",B2,22088,core,
1667,"denim",B2,22067,core,
1668,"pertinent",C1,21973,core,
1669,"catalyst",B2,21842,core,
1670,"mausoleum",B2,21827,core,
1671,"perseverance",B2,21790,core,
1672,"tenderly",B2,21705,core,
1673,"dissatisfied",B2,21661,core,
1674,"widen",B2,21640,core,
1675,"magnetism",C1,21631,core,
1676,"provision",B2,21590,core,
1677,"exhilarating",C1,21581,core,
1678,"shopkeeper",B2,21536,core,
1679,"enquire",B2,21515,core,
1680,"fiddler",C1,21499,core,
1681,"self-confidence",B2,21462,core,
1682,"instinctively",C1,21408,core,
1683,"snooze",C1,21395,core,
1684,"glum",C1,21389,core,
1685,"aristocracy",B2,21382,core,
1686,"suburb",B2,21323,core,
1687,"prowl",C1,21314,core,
1688,"jeweler",B2,21200,core,
1689,"trampoline",C1,21136,core,
1690,"antics",C1,21132,core,
1691,"pounce",C1,21103,core,
1692,"olympia",B2,21048,core,
1693,"buffoon",C1,21042,core,
1694,"unchanged",B2,21027,core,
1695,"admittedly",B2,21016,core,
1696,"nutshell",B2,20985,core,
1697,"unrealistic",B2,20922,core,
1698,"uneven",B2,20900,core,
1699,"unplug",C1,20855,core,
1700,"geographic",B2,20838,core,
1701,"sanctity",C1,20835,core,
1702,"align",C1,20834,core,
1703,"unbeatable",B2,20824,core,
1704,"concerto",C1,20822,core,
1705,"chisel",C1,20777,core,
1706,"trample",B2,20771,core,
1707,"aggressively",B2,20735,core,
1708,"vibrate",B2,20718,core,
1709,"tranquility",C1,20682,core,
1710,"trusty",B2,20661,core,
1711,"bony",B2,20614,core,
1712,"partisan",B2,20571,core,
1713,"nocturnal",C1,20568,core,
1714,"insubordination",C1,20536,core,
1715,"overalls",C1,20532,core,
1716,"conscientious",C1,20480,core,
1717,"overcoat",B2,20478,core,
1718,"revere",C1,20455,core,
1719,"reggae",B2,20452,core,
1720,"lastly",B2,20409,core,
1721,"polio",B2,20405,core,
1722,"refinery",B2,20389,core,
1723,"exodus",C1,20388,core,
1724,"fingernail",B2,20354,core,
1725,"waterproof",B2,20282,core,
1726,"distressing",B2,20234,core,
1727,"unwise",B2,20220,core,
1728,"misleading",B2,20198,core,
1729,"fiercely",C1,20166,core,
1730,"quirky",C1,20155,core,
1731,"tycoon",C1,20128,core,
1732,"self-conscious",C1,20005,core,
1733,"spontaneously",C1,19964,core,
1734,"conjure",C1,19926,core,
1735,"unpopular",B2,19916,core,
1736,"overhear",B2,19902,core,
1737,"spacious",C1,19866,core,
1738,"barbershop",B2,19842,core,
1739,"optimist",B2,19799,core,
1740,"unattractive",B2,19790,core,
1741,"disorderly",B2,19788,core,
1742,"affordable",B2,19786,core,
1743,"knowingly",B2,19760,core,
1744,"firewall",C1,19694,core,
1745,"repression",B2,19620,core,
1746,"generously",B2,19589,core,
1747,"demolish",B2,19587,core,
1748,"ozone",B2,19574,core,
1749,"adversity",B2,19567,core,
1750,"advancement",B2,19552,core,
1751,"genome",C1,19543,core,
1752,"tantrum",C1,19525,core,
1753,"soundtrack",B2,19519,core,
1754,"thoughtless",B2,19480,core,
1755,"collaborate",C1,19457,core,
1756,"tabloid",B2,19400,core,
1757,"impartial",B2,19396,core,
1758,"silhouette",C1,19389,core,
1759,"alignment",C1,19356,core,
1760,"hijack",B2,19335,core,
1761,"obituary",B2,19276,core,
1762,"newscaster",B2,19256,core,
1763,"warship",B2,19252,core,
1764,"hypocritical",C1,19208,core,
1765,"timeless",B2,19204,core,
1766,"birthplace",B2,19179,core,
1767,"flashback",C1,19044,core,
1768,"sanitation",B2,19035,core,
1769,"width",B2,18999,core,
1770,"otter",C1,18979,core,
1771,"limitless",C1,18948,core,
1772,"disapprove",B2,18936,core,
1773,"staple",C1,18878,core,
1774,"unhappiness",B2,18868,core,
1775,"aqua",C1,18836,core,
1776,"cannonball",B2,18826,core,
1777,"reverence",B2,18807,core,
1778,"creamy",C1,18794,core,
1779,"incurable",B2,18770,core,
1780,"unsettling",C1,18730,core,
1781,"recharge",C1,18693,core,
1782,"relativity",B2,18689,core,
1783,"stylist",B2,18657,core,
1784,"claustrophobic",C1,18639,core,
1785,"relapse",C1,18629,core,
1786,"dependable",B2,18615,core,
1787,"hospice",B2,18579,core,
1788,"unsuccessful",B2,18564,core,
1789,"detest",C1,18556,core,
1790,"flutter",B2,18554,core,
1791,"tolerant",B2,18548,core,
1792,"tuberculosis",B2,18543,core,
1793,"realization",B2,18540,core,
1794,"stimulation",B2,18505,core,
1795,"deficit",B2,18487,core,
1796,"thinker",B2,18428,core,
1797,"landslide",B2,18411,core,
1798,"waterfront",C1,18370,core,
1799,"suitor",C1,18335,core,
1800,"rejoin",B2,18331,core,
1801,"invoice",C1,18302,core,
1802,"coastline",B2,18272,core,
1803,"indispensable",B2,18197,core,
1804,"momentarily",B2,18179,core,
1805,"unofficial",B2,18142,core,
1806,"hugely",B2,18095,core,
1807,"perceptive",C1,18093,core,
1808,"ordinarily",C1,18083,core,
1809,"conservatory",C1,18040,core,
1810,"heartbreaking",B2,18030,core,
1811,"seasonal",B2,18002,core,
1812,"revival",B2,17988,core,
1813,"mould",B2,17987,core,
1814,"ammonia",B2,17960,core,
1815,"discredit",B2,17937,core,
1816,"detachment",B2,17874,core,
1817,"kerosene",B2,17813,core,
1818,"benign",C1,17723,core,
1819,"recollection",B2,17662,core,
1820,"tremendously",B2,17653,core,
1821,"neighboring",B2,17638,core,
1822,"follower",B2,17630,core,
1823,"bubbly",C1,17628,core,
1824,"ghostly",C1,17622,core,
1825,"benevolent",B2,17596,core,
1826,"hazardous",B2,17507,core,
1827,"grapefruit",C1,17472,core,
1828,"wartime",B2,17468,core,
1829,"dreamy",B2,17431,core,
1830,"tulip",B2,17376,core,
1831,"startling",C1,17366,core,
1832,"guerrilla",B2,17362,core,
1833,"petrified",B2,17324,core,
1834,"vibration",B2,17320,core,
1835,"enduring",B2,17314,core,
1836,"profoundly",C1,17281,core,
1837,"unwilling",B2,17280,core,
1838,"eyebrow",B2,17277,core,
1839,"unison",C1,17237,core,
1840,"abruptly",B2,17223,core,
1841,"adversary",C1,17219,core,
1842,"unrest",B2,17195,core,
1843,"slang",B2,17123,core,
1844,"tiresome",B2,17103,core,
1845,"passionately",B2,17100,core,
1846,"inseparable",B2,17089,core,
1847,"endorsement",C1,17080,core,
1848,"sprint",B2,17079,core,
1849,"patriotism",B2,17071,core,
1850,"inspirational",B2,17045,core,
1851,"silverware",B2,17029,core,
1852,"archaeologist",B2,17004,core,
1853,"viewer",B2,16967,core,
1854,"manicure",C1,16964,core,
1855,"schoolgirl",B2,16948,core,
1856,"bloodstream",B2,16894,core,
1857,"complimentary",C1,16884,core,
1858,"provocative",C1,16881,core,
1859,"barley",B2,16810,core,
1860,"catchy",B2,16768,core,
1861,"astonished",B2,16766,core,
1862,"canon",B2,16748,core,
1863,"penicillin",B2,16741,core,
1864,"ludicrous",C1,16733,core,
1865,"twitch",C1,16721,core,
1866,"unsure",B2,16697,core,
1867,"inexperienced",B2,16681,core,
1868,"fanatic",C1,16663,core,
1869,"stimulate",B2,16658,core,
1870,"unimaginable",B2,16657,core,
1871,"judo",B2,16638,core,
1872,"scuba",B2,16603,core,
1873,"apt",C1,16592,core,
1874,"breathtaking",B2,16588,core,
1875,"brewery",B2,16578,core,
1876,"spokesman",B2,16547,core,
1877,"walnut",B2,16505,core,
1878,"unsafe",B2,16456,core,
1879,"acre",C1,16448,core,
1880,"lifeless",B2,16430,core,
1881,"pyjamas",B2,16393,core,
1882,"cherished",B2,16318,core,
1883,"conveniently",B2,16228,core,
1884,"shoplifting",B2,16173,core,
1885,"skateboard",B2,16144,core,
1886,"spartan",C1,16136,core,
1887,"wrongly",B2,16129,core,
1888,"recreation",B2,16119,core,
1889,"ballad",B2,16107,core,
1890,"snowball",B2,16087,core,
1891,"selfless",B2,16054,core,
1892,"fearsome",B2,16028,core,
1893,"exceptionally",B2,16011,core,
1894,"high-tech",B2,16003,core,
1895,"lush",B2,15957,core,
1896,"graft",C1,15943,core,
1897,"scientifically",B2,15925,core,
1898,"weakly",B2,15861,core,
1899,"fictional",B2,15834,core,
1900,"trio",B2,15802,core,
1901,"elegance",B2,15731,core,
1902,"upbringing",B2,15719,core,
1903,"stamina",C1,15708,core,
1904,"wary",C1,15696,core,
1905,"linger",B2,15659,core,
1906,"geological",C1,15653,core,
1907,"firearm",B2,15626,core,
1908,"recession",B2,15624,core,
1909,"brilliantly",B2,15529,core,
1910,"wasp",B2,15525,core,
1911,"agreeable",C1,15522,core,
1912,"extraordinarily",B2,15516,core,
1913,"bio",B2,15509,core,
1914,"cosy",B2,15495,core,
1915,"bossy",B2,15485,core,
1916,"electrician",B2,15466,core,
1917,"ointment",B2,15461,core,
1918,"microscopic",B2,15446,core,
1919,"elect",B2,15443,core,
1920,"persecution",C1,15416,core,
1921,"unfamiliar",B2,15414,core,
1922,"downfall",B2,15378,core,
1923,"bearded",C1,15370,core,
1924,"flask",C1,15359,core,
1925,"atmospheric",C1,15346,core,
1926,"psyche",C1,15300,core,
1927,"predicament",B2,15290,core,
1928,"redo",B2,15270,core,
1929,"endlessly",B2,15266,core,
1930,"orchestral",B2,15265,core,
1931,"hypocrisy",C1,15255,core,
1932,"mutton",B2,15254,core,
1933,"trainee",B2,15210,core,
1934,"literal",B2,15200,core,
1935,"outing",B2,15134,core,
1936,"frosty",C1,15119,core,
1937,"tack",B2,15100,core,
1938,"blindness",B2,15090,core,
1939,"gourmet",C1,15074,core,
1940,"completion",B2,15057,core,
1941,"indebted",B2,14991,core,
1942,"doubtful",B2,14971,core,
1943,"ventilation",C1,14952,core,
1944,"setback",B2,14946,core,
1945,"simplicity",C1,14938,core,
1946,"customary",C1,14933,core,
1947,"righteousness",B2,14904,core,
1948,"earnings",B2,14902,core,
1949,"trolley",B2,14890,core,
1950,"wondrous",B2,14864,core,
1951,"replica",B2,14863,core,
1952,"showcase",B2,14856,core,
1953,"luxurious",B2,14852,core,
1954,"prefect",B2,14829,core,
1955,"genre",B2,14803,core,
1956,"catalogue",B2,14789,core,
1957,"long-distance",B2,14753,core,
1958,"unauthorized",B2,14752,core,
1959,"complexion",B2,14711,core,
1960,"fulfil",B2,14690,core,
1961,"outskirts",B2,14677,core,
1962,"correspondent",B2,14675,core,
1963,"mortar",B2,14671,core,
1964,"juror",B2,14660,core,
1965,"slob",C1,14656,core,
1966,"listener",B2,14631,core,
1967,"incision",C1,14627,core,
1968,"desirable",B2,14587,core,
1969,"blindly",B2,14581,core,
1970,"proximity",B2,14550,core,
1971,"catalog",B2,14536,core,
1972,"ploy",C1,14528,core,
1973,"disposition",B2,14524,core,
1974,"checkpoint",B2,14483,core,
1975,"worldly",B2,14473,core,
1976,"irritated",B2,14472,core,
1977,"inflation",B2,14466,core,
1978,"paramedic",B2,14445,core,
1979,"somber",C1,14437,core,
1980,"radiator",C1,14429,core,
1981,"battered",C1,14410,core,
1982,"midwife",C1,14389,core,
1983,"expectation",B2,14374,core,
1984,"adventurous",B2,14368,core,
1985,"carefree",B2,14309,core,
1986,"harass",C1,14245,core,
1987,"handicap",B2,14147,core,
1988,"staggering",C1,14105,core,
1989,"faulty",B2,14100,core,
1990,"needless",B2,14099,core,
1991,"demolition",C1,14060,core,
1992,"obsessive",B2,14014,core,
1993,"malaria",B2,13992,core,
1994,"refresh",B2,13955,core,
1995,"blooming",B2,13948,core,
1996,"jeopardize",B2,13892,core,
1997,"hostility",C1,13840,core,
1998,"orchid",B2,13839,core,
1999,"cello",B2,13834,core,
2000,"fiend",C1,13760,core,
2001,"snail",C1,13754,core,
2002,"colon",B2,13748,core,
2003,"paralysis",B2,13697,core,
2004,"stingy",B2,13637,core,
2005,"exterior",C1,13611,core,
2006,"navigate",B2,13605,core,
2007,"flawless",B2,13592,core,
2008,"elusive",C1,13589,core,
2009,"manufacturer",B2,13581,core,
2010,"curl",B2,13578,core,
2011,"reasonably",B2,13563,core,
2012,"youthful",B2,13554,core,
2013,"divert",B2,13546,core,
2014,"casually",B2,13538,core,
2015,"manufacture",B2,13536,core,
2016,"morally",B2,13507,core,
2017,"disconnect",B2,13505,core,
2018,"peer",B2,13465,core,
2019,"posture",C1,13462,core,
2020,"prehistoric",B2,13391,core,
2021,"gruesome",C1,13362,core,
2022,"incense",B2,13341,core,
2023,"explorer",B2,13325,core,
2024,"aquarium",C1,13311,core,
2025,"kangaroo",B2,13288,core,
2026,"decoration",B2,13264,core,
2027,"farce",C1,13251,core,
2028,"helper",B2,13212,core,
2029,"muse",B2,13202,core,
2030,"postal",B2,13195,core,
2031,"grin",B2,13186,core,
2032,"indifferent",B2,13181,core,
2033,"forfeit",C1,13176,core,
2034,"hedgehog",C1,13165,core,
2035,"intrusion",B2,13164,core,
2036,"rhythmic",B2,13079,core,
2037,"truthful",B2,13016,core,
2038,"cavity",C1,12952,core,
2039,"icon",B2,12937,core,
2040,"overlook",B2,12936,core,
2041,"trader",B2,12924,core,
2042,"imperative",B2,12923,core,
2043,"inventor",B2,12881,core,
2044,"commonwealth",B2,12877,core,
2045,"canoe",C1,12812,core,
2046,"intrude",B2,12785,core,
2047,"demise",C1,12769,core,
2048,"comfortably",B2,12761,core,
2049,"munch",C1,12737,core,
2050,"satisfactory",B2,12731,core,
2051,"rightly",B2,12713,core,
2052,"stuffy",C1,12689,core,
2053,"dictator",B2,12688,core,
2054,"import",B2,12676,core,
2055,"accordingly",B2,12666,core,
2056,"proudly",B2,12623,core,
2057,"manufacturing",B2,12619,core,
2058,"picky",B2,12612,core,
2059,"appalling",C1,12595,core,
2060,"overly",B2,12590,core,
2061,"tangled",C1,12583,core,
2062,"tinker",C1,12579,core,
2063,"credible",C1,12560,core,
2064,"zebra",B2,12535,core,
2065,"gateway",B2,12525,core,
2066,"intersection",B2,12501,core,
2067,"unstoppable",B2,12476,core,
2068,"disregard",B2,12392,core,
2069,"rubble",B2,12357,core,
2070,"troublesome",B2,12356,core,
2071,"craving",C1,12348,core,
2072,"climax",C1,12339,core,
2073,"catastrophic",B2,12322,core,
2074,"preferably",B2,12315,core,
2075,"provisions",C1,12310,core,
2076,"landlady",B2,12251,core,
2077,"amazingly",B2,12217,core,
2078,"navigation",B2,12204,core,
2079,"soaking",B2,12201,core,
2080,"winding",B2,12105,core,
2081,"windshield",B2,12085,core,
2082,"miniature",B2,12063,core,
2083,"mango",B2,12055,core,
2084,"balanced",B2,11983,core,
2085,"decorate",B2,11918,core,
2086,"patriotic",B2,11910,core,
2087,"linen",B2,11908,core,
2088,"beforehand",C1,11885,core,
2089,"motorbike",B2,11869,core,
2090,"malfunction",C1,11863,core,
2091,"shaky",B2,11818,core,
2092,"catering",B2,11813,core,
2093,"bankruptcy",B2,11796,core,
2094,"rim",B2,11763,core,
2095,"upgrade",B2,11747,core,
2096,"smug",C1,11710,core,
2097,"formality",C1,11707,core,
2098,"salsa",B2,11698,core,
2099,"last-minute",B2,11687,core,
2100,"offshore",B2,11666,core,
2101,"victorious",C1,11656,core,
2102,"journalism",B2,11638,core,
2103,"holder",B2,11635,core,
2104,"impulsive",B2,11627,core,
2105,"usher",B2,11626,core,
2106,"immoral",B2,11623,core,
2107,"rural",B2,11615,core,
2108,"everlasting",B2,11609,core,
2109,"cardboard",B2,11605,core,
2110,"surroundings",B2,11585,core,
2111,"extortion",C1,11560,core,
2112,"awe",B2,11553,core,
2113,"clam",B2,11531,core,
2114,"honk",C1,11516,core,
2115,"vinegar",B2,11505,core,
2116,"unlimited",B2,11503,core,
2117,"sparkling",B2,11496,core,
2118,"popularity",B2,11486,core,
2119,"portable",C1,11485,core,
2120,"unnatural",B2,11473,core,
2121,"stepmother",B2,11469,core,
2122,"maneuver",C1,11404,core,
2123,"subtitle",B2,11394,core,
2124,"firstly",B2,11366,core,
2125,"tyrant",B2,11347,core,
2126,"premier",C1,11333,core,
2127,"goodwill",B2,11289,core,
2128,"salvage",C1,11263,core,
2129,"immortality",B2,11239,core,
2130,"ingenious",C1,11231,core,
2131,"sparrow",B2,11225,core,
2132,"coaching",B2,11210,core,
2133,"pedal",B2,11197,core,
2134,"sauna",C1,11186,core,
2135,"peacock",C1,11156,core,
2136,"crater",B2,11128,core,
2137,"liaison",C1,11126,core,
2138,"pancake",B2,11118,core,
2139,"undressed",B2,11074,core,
2140,"thrilling",B2,11057,core,
2141,"seller",B2,11042,core,
2142,"offender",B2,11004,core,
2143,"withdrawn",C1,10946,core,
2144,"hybrid",B2,10907,core,
2145,"haunting",B2,10884,core,
2146,"retard",B2,10844,core,
2147,"refugee",B2,10829,core,
2148,"needy",B2,10828,core,
2149,"fragrance",B2,10820,core,
2150,"doorway",B2,10797,core,
2151,"accustomed",C1,10792,core,
2152,"wrench",C1,10788,core,
2153,"indulge",B2,10787,core,
2154,"insensitive",C1,10779,core,
2155,"seldom",B2,10770,core,
2156,"programming",B2,10764,core,
2157,"icy",B2,10757,core,
2158,"captive",B2,10742,core,
2159,"funk",B2,10738,core,
2160,"bruise",B2,10705,core,
2161,"fiddle",C1,10700,core,
2162,"traumatic",C1,10687,core,
2163,"posh",B2,10672,core,
2164,"undoubtedly",B2,10658,core,
2165,"user",B2,10655,core,
2166,"wed",B2,10586,core,
2167,"stretching",C1,10544,core,
2168,"housewife",B2,10537,core,
2169,"glamorous",B2,10524,core,
2170,"daft",B2,10490,core,
2171,"debut",C1,10481,core,
2172,"honourable",B2,10453,core,
2173,"breakup",B2,10450,core,
2174,"bumper",B2,10399,core,
2175,"existing",B2,10393,core,
2176,"scarlet",B2,10381,core,
2177,"probable",B2,10362,core,
2178,"standby",B2,10347,core,
2179,"charter",C1,10343,core,
2180,"privileged",C1,10315,core,
2181,"exhausting",B2,10294,core,
2182,"glee",B2,10245,core,
2183,"remotely",C1,10244,core,
2184,"trek",B2,10230,core,
2185,"upright",B2,10229,core,
2186,"moody",B2,10208,core,
2187,"quarry",C1,10191,core,
2188,"plum",B2,10182,core,
2189,"scrooge",B2,10133,core,
2190,"ax",B2,10128,core,
2191,"cloak",C1,10100,core,
2192,"outsider",B2,10052,core,
2193,"batter",C1,10038,core,
2194,"dedication",B2,10024,core,
2195,"effectively",B2,10023,core,
2196,"diversion",B2,10022,core,
2197,"cube",B2,10010,core,
2198,"criticism",B2,9955,core,
2199,"clinical",C1,9953,core,
2200,"squash",B2,9945,core,
2201,"quarantine",B2,9933,core,
2202,"willingly",B2,9921,core,
2203,"caravan",B2,9898,core,
2204,"console",B2,9895,core,
2205,"gadget",C1,9893,core,
2206,"ounce",B2,9891,core,
2207,"dowry",B2,9878,core,
2208,"daytime",B2,9877,core,
2209,"relay",B2,9860,core,
2210,"demo",C1,9851,core,
2211,"plumbing",C1,9844,core,
2212,"heroine",C1,9841,core,
2213,"royalty",B2,9824,core,
2214,"pneumonia",B2,9804,core,
2215,"bypass",C1,9803,core,
2216,"unreasonable",B2,9781,core,
2217,"misunderstand",B2,9768,core,
2218,"excessive",B2,9721,core,
2219,"descent",C1,9716,core,
2220,"evacuation",B2,9712,core,
2221,"generosity",B2,9687,core,
2222,"veteran",B2,9616,core,
2223,"bouquet",C1,9607,core,
2224,"nervously",B2,9605,core,
2225,"cocoa",B2,9594,core,
2226,"refreshing",C1,9572,core,
2227,"leash",B2,9562,core,
2228,"getaway",B2,9559,core,
2229,"wink",B2,9549,core,
2230,"vaccine",B2,9523,core,
2231,"leopard",B2,9514,core,
2232,"bravery",B2,9494,core,
2233,"arch",B2,9468,core,
2234,"salty",B2,9459,core,
2235,"bikini",B2,9454,core,
2236,"adrenaline",C1,9442,core,
2237,"mist",B2,9437,core,
2238,"crocodile",B2,9430,core,
2239,"mixture",B2,9409,core,
2240,"hostess",C1,9401,core,
2241,"fireplace",B2,9389,core,
2242,"urgently",B2,9380,core,
2243,"extensive",B2,9378,core,
2244,"employ",B2,9374,core,
2245,"unload",B2,9347,core,
2246,"polo",B2,9297,core,
2247,"bind",B2,9287,core,
2248,"coral",B2,9247,core,
2249,"berry",B2,9228,core,
2250,"astonishing",B2,9220,core,
2251,"privately",B2,9211,core,
2252,"testament",C1,9159,core,
2253,"rhyme",B2,9133,core,
2254,"genuinely",B2,9126,core,
2255,"packet",B2,9123,core,
2256,"tailor",C1,9119,core,
2257,"flick",C1,9115,core,
2258,"secondly",B2,9111,core,
2259,"greatness",B2,9089,core,
2260,"frontier",B2,9073,core,
2261,"karaoke",B2,9015,core,
2262,"marathon",B2,8996,core,
2263,"ghetto",B2,8984,core,
2264,"skilled",B2,8967,core,
2265,"soaked",B2,8945,core,
2266,"openly",B2,8941,core,
2267,"torment",C1,8930,core,
2268,"bourbon",B2,8904,core,
2269,"fascinated",B2,8884,core,
2270,"cuff",B2,8868,core,
2271,"lava",B2,8844,core,
2272,"bun",B2,8833,core,
2273,"pajamas",B2,8818,core,
2274,"secondary",B2,8817,core,
2275,"pickle",B2,8809,core,
2276,"exquisite",B2,8808,core,
2277,"belongings",B2,8798,core,
2278,"yield",B2,8788,core,
2279,"screenplay",C1,8763,core,
2280,"priceless",B2,8733,core,
2281,"mamma",B2,8685,core,
2282,"shaken",B2,8648,core,
2283,"understandable",B2,8609,core,
2284,"translator",B2,8600,core,
2285,"lighten",B2,8596,core,
2286,"strap",C1,8579,core,
2287,"nightclub",B2,8510,core,
2288,"ox",B2,8497,core,
2289,"unacceptable",B2,8477,core,
2290,"funky",B2,8454,core,
2291,"employer",B2,8431,core,
2292,"unbearable",B2,8413,core,
2293,"carpenter",C1,8403,core,
2294,"artery",B2,8393,core,
2295,"scooter",B2,8305,core,
2296,"wage",B2,8298,core,
2297,"tackle",B2,8297,core,
2298,"contempt",B2,8291,core,
2299,"pentagon",B2,8281,core,
2300,"bidding",B2,8277,core,
2301,"humiliation",B2,8265,core,
2302,"dearly",B2,8264,core,
2303,"peacefully",B2,8257,core,
2304,"penguin",B2,8248,core,
2305,"addicted",B2,8221,core,
2306,"distinguished",B2,8219,core,
2307,"verse",B2,8213,core,
2308,"telescope",B2,8212,core,
2309,"zoom",B2,8191,core,
2310,"long-term",B2,8184,core,
2311,"housekeeper",B2,8182,core,
2312,"harassment",C1,8176,core,
2313,"daughter-in-law",B2,8157,core,
2314,"coverage",C1,8141,core,
2315,"dismiss",B2,8131,core,
2316,"dorm",B2,8104,core,
2317,"rental",B2,8087,core,
2318,"presidential",B2,8086,core,
2319,"gaze",B2,8067,core,
2320,"boost",B2,8062,core,
2321,"pint",B2,8054,core,
2322,"dwarf",B2,8051,core,
2323,"gardener",B2,8032,core,
2324,"chancellor",B2,8023,core,
2325,"grown-up",B2,8016,core,
2326,"yummy",B2,8002,core,
2327,"maestro",B2,7978,core,
2328,"whilst",C1,7974,core,
2329,"boxer",B2,7973,core,
2330,"overboard",B2,7954,core,
2331,"reconsider",B2,7950,core,
2332,"microphone",B2,7946,core,
2333,"recommendation",B2,7944,core,
2334,"extension",B2,7927,core,
2335,"province",B2,7901,core,
2336,"blossom",B2,7833,core,
2337,"injustice",C1,7828,core,
2338,"father-in-law",B2,7816,core,
2339,"trainer",B2,7810,core,
2340,"terrace",B2,7795,core,
2341,"nursery",B2,7785,core,
2342,"knot",B2,7767,core,
2343,"dove",B2,7707,core,
2344,"detailed",B2,7703,core,
2345,"temptation",B2,7694,core,
2346,"banker",B2,7682,core,
2347,"entertaining",B2,7658,core,
2348,"distraction",B2,7655,core,
2349,"hardware",B2,7644,core,
2350,"tramp",B2,7632,core,
2351,"boiling",B2,7626,core,
2352,"bomber",B2,7624,core,
2353,"dental",B2,7607,core,
2354,"concerning",B2,7601,core,
2355,"premises",C1,7544,core,
2356,"reform",B2,7492,core,
2357,"resignation",B2,7472,core,
2358,"preacher",C1,7450,core,
2359,"overtime",B2,7425,core,
2360,"offend",B2,7411,core,
2361,"intellectual",B2,7403,core,
2362,"millionaire",B2,7389,core,
2363,"classy",C1,7375,core,
2364,"obligation",B2,7364,core,
2365,"urban",B2,7346,core,
2366,"recognition",B2,7325,core,
2367,"fuse",C1,7314,core,
2368,"mint",B2,7312,core,
2369,"unlock",B2,7305,core,
2370,"battlefield",B2,7295,core,
2371,"humiliating",B2,7288,core,
2372,"peach",B2,7269,core,
2373,"offence",B2,7241,core,
2374,"mustache",B2,7240,core,
2375,"salon",B2,7235,core,
2376,"porch",B2,7190,core,
2377,"glow",B2,7170,core,
2378,"lid",B2,7168,core,
2379,"collector",B2,7163,core,
2380,"keeper",B2,7156,core,
2381,"meaningless",C1,7125,core,
2382,"coconut",B2,7115,core,
2383,"utterly",B2,7102,core,
2384,"confront",B2,7101,core,
2385,"spa",B2,7086,core,
2386,"facial",C1,7066,core,
2387,"foreman",B2,7065,core,
2388,"marketing",B2,7052,core,
2389,"waist",B2,7038,core,
2390,"untie",B2,7010,core,
2391,"rider",B2,6959,core,
2392,"forensic",C1,6949,core,
2393,"cane",B2,6942,core,
2394,"compromised",C1,6940,core,
2395,"owl",B2,6938,core,
2396,"universal",B2,6928,core,
2397,"lyrics",B2,6925,core,
2398,"lease",B2,6908,core,
2399,"childish",B2,6905,core,
2400,"hairy",B2,6898,core,
2401,"thoughtful",B2,6894,core,
2402,"yacht",B2,6892,core,
2403,"barrier",B2,6887,core,
2404,"tray",B2,6882,core,
2405,"carnival",B2,6876,core,
2406,"duel",B2,6872,core,
2407,"loneliness",B2,6845,core,
2408,"moonlight",B2,6821,core,
2409,"swan",B2,6819,core,
2410,"burial",B2,6795,core,
2411,"legendary",B2,6776,core,
2412,"demanding",B2,6751,core,
2413,"mortgage",B2,6748,core,
2414,"pointless",B2,6745,core,
2415,"jaw",B2,6740,core,
2416,"zip",B2,6732,core,
2417,"thrill",B2,6729,core,
2418,"pigeon",C1,6699,core,
2419,"pine",B2,6695,core,
2420,"axe",B2,6669,core,
2421,"obsession",B2,6665,core,
2422,"gypsy",C1,6651,core,
2423,"interior",B2,6645,core,
2424,"anchor",B2,6643,core,
2425,"pumpkin",B2,6640,core,
2426,"ling",B2,6630,core,
2427,"sharply",B2,6612,core,
2428,"bolt",B2,6610,core,
2429,"peak",B2,6568,core,
2430,"stew",B2,6544,core,
2431,"whisky",B2,6519,core,
2432,"rival",B2,6507,core,
2433,"x-ray",B2,6475,core,
2434,"unto",B2,6473,core,
2435,"explosive",B2,6471,core,
2436,"peg",B2,6398,core,
2437,"cope",B2,6390,core,
2438,"addict",B2,6388,core,
2439,"developing",B2,6387,core,
2440,"substance",B2,6358,core,
2441,"sentimental",C1,6330,core,
2442,"straighten",B2,6304,core,
2443,"database",B2,6263,core,
2444,"buzzer",C1,6253,core,
2445,"gangster",B2,6237,core,
2446,"flee",B2,6236,core,
2447,"dash",B2,6232,core,
2448,"bombing",B2,6225,core,
2449,"parliament",B2,6191,core,
2450,"pad",B2,6180,core,
2451,"biological",B2,6177,core,
2452,"olive",B2,6155,core,
2453,"regardless",B2,6133,core,
2454,"disorder",B2,6109,core,
2455,"pudding",B2,6103,core,
2456,"trophy",B2,6083,core,
2457,"rash",B2,6068,core,
2458,"amateur",C1,6066,core,
2459,"cottage",B2,6064,core,
2460,"crab",B2,6055,core,
2461,"divided",B2,6051,core,
2462,"melody",B2,6029,core,
2463,"son-in-law",B2,6028,core,
2464,"bartender",B2,6012,core,
2465,"circuit",B2,5965,core,
2466,"fulfill",B2,5909,core,
2467,"elegant",B2,5876,core,
2468,"bearing",B2,5856,core,
2469,"memorial",B2,5853,core,
2470,"carbon",B2,5836,core,
2471,"terrifying",B2,5806,core,
2472,"racist",B2,5800,core,
2473,"educated",B2,5778,core,
2474,"savings",B2,5775,core,
2475,"lighting",B2,5772,core,
2476,"violet",C1,5770,core,
2477,"creek",B2,5748,core,
2478,"caring",B2,5741,core,
2479,"proposed",B2,5739,core,
2480,"hint",B2,5708,core,
2481,"corps",C1,5700,core,
2482,"withdraw",B2,5694,core,
2483,"possessed",B2,5684,core,
2484,"ballet",B2,5681,core,
2485,"versus",B2,5623,core,
2486,"lawn",B2,5599,core,
2487,"exception",B2,5578,core,
2488,"intimate",B2,5556,core,
2489,"publicity",B2,5547,core,
2490,"worm",B2,5546,core,
2491,"ego",C1,5541,core,
2492,"hilarious",B2,5492,core,
2493,"sister-in-law",B2,5490,core,
2494,"psychiatrist",C1,5472,core,
2495,"rebel",B2,5457,core,
2496,"hack",C1,5447,core,
2497,"dime",B2,5444,core,
2498,"wealthy",B2,5401,core,
2499,"reference",B2,5385,core,
2500,"donkey",B2,5380,core,
2501,"cocktail",B2,5379,core,
2502,"mansion",B2,5364,core,
2503,"enterprise",B2,5351,core,
2504,"copper",B2,5342,core,
2505,"mill",B2,5333,core,
2506,"retirement",B2,5326,core,
2507,"pirate",B2,5320,core,
2508,"rainbow",B2,5313,core,
2509,"cellar",B2,5302,core,
2510,"lobby",B2,5275,core,
2511,"laser",B2,5255,core,
2512,"originally",B2,5241,core,
2513,"hush",B2,5235,core,
2514,"ranger",B2,5222,core,
2515,"naive",C1,5207,core,
2516,"privilege",B2,5204,core,
2517,"reed",B2,5200,core,
2518,"discipline",B2,5192,core,
2519,"respected",B2,5179,core,
2520,"concrete",B2,5159,core,
2521,"tomb",B2,5139,core,
2522,"thrilled",B2,5073,core,
2523,"deer",B2,5064,core,
2524,"therapist",B2,5033,core,
2525,"ceiling",B2,5013,core,
2526,"so-called",B2,5003,core,
2527,"tub",B2,4996,core,
2528,"risky",B2,4980,core,
2529,"sweep",B2,4975,core,
2530,"goose",C1,4967,core,
2531,"twisted",B2,4926,core,
2532,"grip",B2,4887,core,
2533,"worthless",B2,4881,core,
2534,"trailer",B2,4866,core,
2535,"adopted",B2,4857,core,
2536,"penalty",B2,4795,core,
2537,"cabinet",B2,4780,core,
2538,"aircraft",B2,4769,core,
2539,"keen",B2,4768,core,
2540,"corporal",B2,4745,core,
2541,"gum",B2,4741,core,
2542,"dated",B2,4736,core,
2543,"rear",B2,4730,core,
2544,"flame",B2,4724,core,
2545,"roommate",B2,4700,core,
2546,"brother-in-law",B2,4698,core,
2547,"remaining",B2,4680,core,
2548,"operator",B2,4669,core,
2549,"personnel",B2,4654,core,
2550,"solo",B2,4641,core,
2551,"relieved",B2,4639,core,
2552,"gig",C1,4631,core,
2553,"foul",B2,4608,core,
2554,"threaten",B2,4591,core,
2555,"dignity",B2,4577,core,
2556,"rehearsal",B2,4566,core,
2557,"shield",B2,4562,core,
2558,"scandal",B2,4555,core,
2559,"clothing",B2,4525,core,
2560,"explode",B2,4467,core,
2561,"lance",B2,4464,core,
2562,"cherry",B2,4436,core,
2563,"pearl",B2,4420,core,
2564,"parade",B2,4413,core,
2565,"grounds",C1,4397,core,
2566,"ash",B2,4395,core,
2567,"ram",B2,4381,core,
2568,"tag",B2,4380,core,
2569,"audition",B2,4332,core,
2570,"massage",B2,4326,core,
2571,"gently",B2,4311,core,
2572,"con",C1,4307,core,
2573,"executive",B2,4284,core,
2574,"nut",B2,4261,core,
2575,"smash",B2,4238,core,
2576,"whip",B2,4225,core,
2577,"prom",B2,4217,core,
2578,"employee",B2,4200,core,
2579,"sack",B2,4172,core,
2580,"valentine",B2,4164,core,
2581,"soviet",B2,4143,core,
2582,"rocky",B2,4139,core,
2583,"necessarily",B2,4129,core,
2584,"patch",B2,4127,core,
2585,"bothered",B2,4110,core,
2586,"plot",B2,4103,core,
2587,"clan",C1,4094,core,
2588,"eagle",B2,4085,core,
2589,"jersey",C1,4084,core,
2590,"polish",B2,4077,core,
2591,"badge",B2,4059,core,
2592,"sail",B2,4054,core,
2593,"lap",B2,4037,core,
2594,"madness",B2,4011,core,
2595,"paperwork",B2,4002,core,
2596,"payment",B2,4000,core,
2597,"cable",B2,3978,core,
2598,"multiple",B2,3977,core,
2599,"stroke",B2,3927,core,
2600,"profit",B2,3870,core,
2601,"salary",B2,3852,core,
2602,"nerves",B2,3835,core,
2603,"resistance",B2,3790,core,
2604,"whiskey",B2,3788,core,
2605,"serial",B2,3777,core,
2606,"blade",B2,3734,core,
2607,"bum",B2,3719,core,
2608,"walker",B2,3669,core,
2609,"creepy",B2,3647,core,
2610,"chop",B2,3614,core,
2611,"gambling",B2,3584,core,
2612,"rocket",B2,3571,core,
2613,"shed",B2,3563,core,
2614,"profile",B2,3559,core,
2615,"hood",B2,3544,core,
2616,"snap",B2,3542,core,
2617,"offense",B2,3539,core,
2618,"spin",B2,3517,core,
2619,"helicopter",B2,3515,core,
2620,"pitch",B2,3507,core,
2621,"relief",B2,3462,core,
2622,"worrying",B2,3453,core,
2623,"underwear",B2,3437,core,
2624,"tattoo",B2,3417,core,
2625,"lousy",B2,3403,core,
2626,"territory",B2,3338,core,
2627,"backup",B2,3326,core,
2628,"trunk",B2,3313,core,
2629,"packed",B2,3308,core,
2630,"booth",B2,3304,core,
2631,"hail",B2,3302,core,
2632,"determined",B2,3300,core,
2633,"woo",C1,3293,core,
2634,"timing",B2,3283,core,
2635,"starving",B2,3272,core,
2636,"ease",B2,3266,core,
2637,"western",B2,3264,core,
2638,"costume",B2,3232,core,
2639,"landing",B2,3220,core,
2640,"stake",B2,3211,core,
2641,"nerve",B2,3209,core,
2642,"related",B2,3199,core,
2643,"deputy",B2,3192,core,
2644,"chip",B2,3178,core,
2645,"underground",B2,3168,core,
2646,"motion",B2,3116,core,
2647,"division",B2,3106,core,
2648,"deck",B2,3068,core,
2649,"wipe",B2,3056,core,
2650,"practically",B2,3053,core,
2651,"servant",B2,3049,core,
2652,"therapy",B2,3032,core,
2653,"fox",B2,3013,core,
2654,"pee",B2,2998,core,
2655,"tunnel",B2,2971,core,
2656,"gear",B2,2939,core,
2657,"considering",B2,2915,core,
2658,"sensitive",B2,2846,core,
2659,"impressed",B2,2838,core,
2660,"navy",B2,2812,core,
2661,"loan",B2,2794,core,
2662,"species",B2,2791,core,
2663,"mask",B2,2785,core,
2664,"billion",B2,2777,core,
2665,"swing",B2,2755,core,
2666,"pa",B2,2703,core,
2667,"alert",B2,2677,core,
2668,"senator",B2,2651,core,
2669,"actual",B2,2637,core,
2670,"nightmare",B2,2621,core,
2671,"rape",B2,2612,core,
2672,"tail",B2,2607,core,
2673,"gunshot",B2,2563,core,
2674,"understanding",B2,2538,core,
2675,"learning",B2,2513,core,
2676,"charming",B2,2509,core,
2677,"friendly",B2,2504,core,
2678,"campaign",B2,2464,core,
2679,"wolf",B2,2361,core,
2680,"hunting",B2,2320,core,
2681,"cast",B2,2318,core,
2682,"remains",B2,2294,core,
2683,"literally",B2,2254,core,
2684,"suffering",B2,2247,core,
2685,"hook",B2,2231,core,
2686,"freak",B2,2177,core,
2687,"crack",B2,2145,core,
2688,"sexy",B2,2082,core,
2689,"saving",B2,2062,core,
2690,"jury",B2,2049,core,
2691,"fixed",B2,2041,core,
2692,"particular",B2,2019,core,
2693,"aborigine",B1,,edge,
2694,"according to",B1,,edge,
2695,"addressee",B1,,edge,
2696,"adverbial",B1,,edge,
2697,"air conditioning",B1,,edge,
2698,"air force",B1,,edge,
2699,"antonym",B1,,edge,
2700,"backpacker",B1,,edge,
2701,"bank account",B1,,edge,
2702,"because of",B1,,edge,
2703,"cashpoint",B1,,edge,
2704,"cd-rom",B1,,edge,
2705,"central heating",B1,,edge,
2706,"chat show",B1,,edge,
2707,"check-in counter",B1,,edge,
2708,"check-in desk",B1,,edge,
2709,"chest of drawers",B1,,edge,
2710,"chewing gum",B1,,edge,
2711,"common sense",B1,,edge,
2712,"connexion",B1,,edge,
2713,"courgette",B1,,edge,
2714,"definite article",B1,,edge,
2715,"disc jockey",B1,,edge,
2716,"disk jockey",B1,,edge,
2717,"duty-free",B1,,edge,
2718,"earache",B1,,edge,
2719,"exchange rate",B1,,edge,
2720,"extreme sports",B1,,edge,
2721,"face to face",B1,,edge,
2722,"feverishly",B1,,edge,
2723,"film-maker",B1,,edge,
2724,"fire station",B1,,edge,
2725,"first floor",B1,,edge,
2726,"first lady",B1,,edge,
2727,"first-floor",B1,,edge,
2728,"frying pan",B1,,edge,
2729,"full stop",B1,,edge,
2730,"ground floor",B1,,edge,
2731,"heart attack",B1,,edge,
2732,"horrify",B1,,edge,
2733,"ice hockey",B1,,edge,
2734,"ice skating",B1,,edge,
2735,"identity card",B1,,edge,
2736,"indefinite article",B1,,edge,
2737,"infinitive",B1,,edge,
2738,"inscribe",B1,,edge,
2739,"instal",B1,,edge,
2740,"instead of",B1,,edge,
2741,"interviewee",B1,,edge,
2742,"gaol",B1,,edge,
2743,"latecomer",B1,,edge,
2744,"message board",B1,,edge,
2745,"mixing bowl",B1,,edge,
2746,"modal verb",B1,,edge,
2747,"modal",B1,,edge,
2748,"navy blue",B1,,edge,
2749,"next door",B1,,edge,
2750,"noticeboard",B1,,edge,
2751,"on to",B1,,edge,
2752,"ought to",B1,,edge,
2753,"per cent",B1,,edge,
2754,"phrasal verb",B1,,edge,
2755,"pocket money",B1,,edge,
2756,"prefix",B1,,edge,
2757,"preposition",B1,,edge,
2758,"primary school",B1,,edge,
2759,"procrastination",B1,,edge,
2760,"public transport",B1,,edge,
2761,"question mark",B1,,edge,
2762,"remote control",B1,,edge,
2763,"retell",B1,,edge,
2764,"reunify",B1,,edge,
2765,"science fiction",B1,,edge,
2766,"secondary school",B1,,edge,
2767,"self-service",B1,,edge,
2768,"soap opera",B1,,edge,
2769,"social networking",B1,,edge,
2770,"suffix",B1,,edge,
2771,"traffic jam",B1,,edge,
2772,"travel agent",B1,,edge,
2773,"used to",B1,,edge,
2774,"vice president",B1,,edge,
2775,"video clip",B1,,edge,
2776,"washbowl",B1,,edge,
2777,"weather forecast",B1,,edge,
2778,"wetland",B1,,edge,
2779,"windsurfing",B1,,edge,
2780,"mien",C2,,edge,
2781,"timidity",C2,,edge,
2782,"concurrence",C2,,edge,
2783,"unpromising",C2,,edge,
2784,"teem",C2,,edge,
2785,"indignantly",C2,,edge,
2786,"eccentricity",C2,,edge,
2787,"locomotion",C2,,edge,
2788,"enthuse",C2,,edge,
2789,"belligerence",C2,,edge,
2790,"stoicism",C2,,edge,
2791,"metalled",C2,,edge,
2792,"shamble",C2,,edge,
2793,"disdainful",C2,,edge,
2794,"encumbrance",C2,,edge,
2795,"encumber",C2,,edge,
2796,"utilitarian",C2,,edge,
2797,"predilection",C2,,edge,
2798,"commensurate",C2,,edge,
2799,"commensurately",C2,,edge,
2800,"vindicate",C2,,edge,
2801,"wrack",C2,,edge,
2802,"callously",C2,,edge,
2803,"evokingly",C2,,edge,
2804,"equable",C2,,edge,
2805,"extant",C2,,edge,
2806,"denunciation",C2,,edge,
2807,"indulgently",C2,,edge,
2808,"laudatory",C2,,edge,
2809,"laud",C2,,edge,
2810,"glitzy",C2,,edge,
2811,"athleticism",C2,,edge,
2812,"affectation",C2,,edge,
2813,"anticlimactically",C2,,edge,
2814,"tenaciously",C2,,edge,
2815,"genomic",C2,,edge,
2816,"genomically",C2,,edge,
2817,"capacious",C2,,edge,
2818,"portraiture",C2,,edge,
2819,"circumnavigate",C2,,edge,
2820,"circumnavigation",C2,,edge,
2821,"contractually",C2,,edge,
2822,"sheaf",C2,,edge,
2823,"articulation",C2,,edge,
2824,"spuriously",C2,,edge,
2825,"calorific",C2,,edge,
2826,"fabulate",C2,,edge,
2827,"fabulation",C2,,edge,
2828,"octogenarian",C2,,edge,
2829,"voracity",C2,,edge,
2830,"brandish",C2,,edge,
2831,"unencumbered",C2,,edge,
2832,"buffoonery",C2,,edge,
2833,"domesticity",C2,,edge,
2834,"accrue",C2,,edge,
2835,"blandishment",C2,,edge,
2836,"anthropologically",C2,,edge,
2837,"carbonize",C2,,edge,
2838,"midwifery",C2,,edge,
2839,"malleability",C2,,edge,
2840,"distillation",C2,,edge,
2841,"vis-a-vis",C2,,edge,
2842,"nostalgically",C2,,edge,
2843,"physiologically",C2,,edge,
2844,"methodologically",C2,,edge,
2845,"inartistic",C2,,edge,
2846,"modernism",C2,,edge,
2847,"presuppose",C2,,edge,
2848,"presupposition",C2,,edge,
2849,"archival",C2,,edge,
2850,"egalitarian",C2,,edge,
2851,"materialization",C2,,edge,
2852,"pervasiveness",C2,,edge,
2853,"autonomously",C2,,edge,
2854,"insular",C2,,edge,
2855,"postural",C2,,edge,
2856,"revelatory",C2,,edge,
2857,"haphazardly",C2,,edge,
2858,"deficiently",C2,,edge,
2859,"muscle-bound",C2,,edge,
2860,"posit",C2,,edge,
2861,"ignominious",C2,,edge,
2862,"ignominiously",C2,,edge,
2863,"euphorically",C2,,edge,
2864,"treacherously",C2,,edge,
2865,"hermetic",C2,,edge,
2866,"irrelevancy",C2,,edge,
2867,"preeminent",C2,,edge,
2868,"unsuspected",C2,,edge,
2869,"paralyzingly",C2,,edge,
2870,"paralysingly",C2,,edge,
2871,"glory in",C2,,edge,
2872,"decentralize",C2,,edge,
2873,"pressurize",C2,,edge,
2874,"pressurization",C2,,edge,
2875,"hotelier",C2,,edge,
2876,"profitability",C2,,edge,
2877,"declination",C2,,edge,
2878,"spatially",C2,,edge,
2879,"encompass",C2,,edge,
2880,"all-encompassing",C2,,edge,
2881,"side-step",C2,,edge,
2882,"anarchic",C2,,edge,
2883,"crystallization",C2,,edge,
2884,"prescriptive",C2,,edge,
2885,"retrospection",C2,,edge,
2886,"wordage",C2,,edge,
2887,"enabler",C2,,edge,
2888,"lyricist",C2,,edge,
2889,"lyrically",C2,,edge,
2890,"bona fide",C2,,edge,
2891,"moribund",C2,,edge,
2892,"philanthropically",C2,,edge,
2893,"precociously",C2,,edge,
2894,"wordsmith",C2,,edge,
2895,"connote",C2,,edge,
2896,"inducement",C2,,edge,
2897,"anthology",C2,,edge,
2898,"lamentation",C2,,edge,
2899,"chronology",C2,,edge,
2900,"chronologically",C2,,edge,
2901,"flagging",C2,,edge,
2902,"caffeinate",C2,,edge,
2903,"recuperation",C2,,edge,
2904,"recuperative",C2,,edge,
2905,"cultish",C2,,edge,
2906,"unnerve",C2,,edge,
2907,"unnervingly",C2,,edge,
2908,"protrude",C2,,edge,
2909,"protrusion",C2,,edge,
2910,"demystify",C2,,edge,
2911,"demystification",C2,,edge,
2912,"proprietorial",C2,,edge,
2913,"imperceptible",C2,,edge,
2914,"imperceptibly",C2,,edge,
2915,"catastrophically",C2,,edge,
2916,"blurb",C2,,edge,
2917,"indolent",C2,,edge,
2918,"indolently",C2,,edge,
2919,"indolence",C2,,edge,
2920,"taste-maker",C2,,edge,
2921,"deviantly",C2,,edge,
2922,"engender",C2,,edge,
2923,"emolument",C2,,edge,
2924,"munificence",C2,,edge,
2925,"venomously",C2,,edge,
2926,"choreographical",C2,,edge,
2927,"archetypal",C2,,edge,
2928,"exaltedly",C2,,edge,
2929,"angsty",C2,,edge,
2930,"drabness",C2,,edge,
2931,"melodiously",C2,,edge,
2932,"meteorology",C2,,edge,
2933,"unsurpassed",C2,,edge,
2934,"promotable",C2,,edge,
2935,"disseminate",C2,,edge,
2936,"dissemination",C2,,edge,
2937,"dissemble",C2,,edge,
2938,"bereftly",C2,,edge,
2939,"solipsism",C2,,edge,
2940,"soliloquize",C2,,edge,
2941,"mutinous",C2,,edge,
2942,"mutinously",C2,,edge,
2943,"undiminishing",C2,,edge,
2944,"computerize",C2,,edge,
2945,"recumbent",C2,,edge,
2946,"nonchalantly",C2,,edge,
2947,"mesmeric",C2,,edge,
2948,"stultify",C2,,edge,
2949,"stultifyingly",C2,,edge,
2950,"ponderous",C2,,edge,
2951,"ponderously",C2,,edge,
2952,"lassitude",C2,,edge,
2953,"antediluvian",C2,,edge,
2954,"ostensible",C2,,edge,
2955,"undemonstrative",C2,,edge,
2956,"undemonstratively",C2,,edge,
2957,"menacingly",C2,,edge,
2958,"calamitous",C2,,edge,
2959,"calamitously",C2,,edge,
2960,"austerely",C2,,edge,
2961,"idiosyncrasy",C2,,edge,
2962,"idiosyncratic",C2,,edge,
2963,"idiomatic",C2,,edge,
2964,"idiomatically",C2,,edge,
2965,"kinetically",C2,,edge,
2966,"unmediated",C2,,edge,
2967,"unharried",C2,,edge,
2968,"mundanity",C2,,edge,
2969,"dubiously",C2,,edge,
2970,"antithesis",C2,,edge,
2971,"antithetical",C2,,edge,
2972,"detract",C2,,edge,
2973,"interrogative",C2,,edge,
2974,"interrogatively",C2,,edge,
2975,"perversity",C2,,edge,
2976,"opacity",C2,,edge,
2977,"remittance",C2,,edge,
2978,"luridly",C2,,edge,
2979,"polysyllabic",C2,,edge,
2980,"syllabic",C2,,edge,
2981,"superfluously",C2,,edge,
2982,"snippet",C2,,edge,
2983,"ephemera",C2,,edge,
2984,"ephemerality",C2,,edge,
2985,"summarily",C2,,edge,
2986,"infallibly",C2,,edge,
2987,"infallibility",C2,,edge,
2988,"deprecate",C2,,edge,
2989,"deprecatingly",C2,,edge,
2990,"revile",C2,,edge,
2991,"arcanely",C2,,edge,
2992,"porten",C2,,edge,
2993,"totemic",C2,,edge,
2994,"emulation",C2,,edge,
2995,"vestigial",C2,,edge,
2996,"vestigially",C2,,edge,
2997,"brouhaha",C2,,edge,
2998,"magnanimously",C2,,edge,
2999,"magnanimity",C2,,edge,
3000,"secularly",C2,,edge,
3001,"euphemistic",C2,,edge,
3002,"euphemistically",C2,,edge,
3003,"redundantly",C2,,edge,
3004,"colloquial",C2,,edge,
3005,"colloquium",C2,,edge,
3006,"colloquially",C2,,edge,
3007,"allusion",C2,,edge,
3008,"allude",C2,,edge,
3009,"disparage",C2,,edge,
3010,"disparagingly",C2,,edge,
3011,"disparagement",C2,,edge,
3012,"topographical",C2,,edge,
3013,"topographically",C2,,edge,
3014,"confabulate",C2,,edge,
3015,"confabulation",C2,,edge,
3016,"contrive",C2,,edge,
3017,"impressionistic",C2,,edge,
3018,"impressionistically",C2,,edge,
3019,"snobbery",C2,,edge,
3020,"gravitate",C2,,edge,
3021,"gravitationally",C2,,edge,
3022,"consternation",C2,,edge,
3023,"haughtily",C2,,edge,
3024,"axiomatic",C2,,edge,
3025,"enduringly",C2,,edge,
3026,"reissue",C2,,edge,
3027,"sulphuric",C2,,edge,
3028,"solitariness",C2,,edge,
3029,"adhesion",C2,,edge,
3030,"proscribe",C2,,edge,
3031,"proscription",C2,,edge,
3032,"crony",C2,,edge,
3033,"consign",C2,,edge,
3034,"dole out",C2,,edge,
3035,"opulence",C2,,edge,
3036,"opulently",C2,,edge,
3037,"plutocrat",C2,,edge,
3038,"edify",C2,,edge,
3039,"edification",C2,,edge,
3040,"rhetorically",C2,,edge,
3041,"flightiness",C2,,edge,
3042,"romper",C2,,edge,
3043,"ingratiate",C2,,edge,
3044,"ingratiating",C2,,edge,
3045,"ingratiatingly",C2,,edge,
3046,"mottled",C2,,edge,
3047,"angularity",C2,,edge,
3048,"cay",C2,,edge,
3049,"infernally",C2,,edge,
3050,"presentational",C2,,edge,
3051,"happenstance",C2,,edge,
3052,"conciliatory",C2,,edge,
3053,"conciliation",C2,,edge,
3054,"preconception",C2,,edge,
3055,"elephantine",C2,,edge,
3056,"unobtrusive",C2,,edge,
3057,"unobtrusively",C2,,edge,
3058,"unobtrusiveness",C2,,edge,
3059,"compellingly",C2,,edge,
3060,"hauntingly",C2,,edge,
3061,"preservationist",C2,,edge,
3062,"qualm",C2,,edge,
3063,"besiege",C2,,edge,
3064,"patchily",C2,,edge,
3065,"resoundingly",C2,,edge,
3066,"ordain",C2,,edge,
3067,"inchoate",C2,,edge,
3068,"inchoately",C2,,edge,
3069,"suffuse",C2,,edge,
3070,"totter",C2,,edge,
3071,"contemptuously",C2,,edge,
3072,"forlornly",C2,,edge,
3073,"abhorrently",C2,,edge,
3074,"emulsify",C2,,edge,
3075,"emulsification",C2,,edge,
3076,"emulsifier",C2,,edge,
3077,"confection",C2,,edge,
3078,"paradoxically",C2,,edge,
3079,"astringent",C2,,edge,
3080,"stringently",C2,,edge,
3081,"economize",C2,,edge,
3082,"cosset",C2,,edge,
3083,"misdemanour",C2,,edge,
3084,"tantalize",C2,,edge,
3085,"tantalizingly",C2,,edge,
3086,"tantalisingly",C2,,edge,
3087,"leaven",C2,,edge,
3088,"leavening",C2,,edge,
3089,"interweave",C2,,edge,
3090,"telescopic",C2,,edge,
3091,"telescopically",C2,,edge,
3092,"amorphous",C2,,edge,
3093,"amorphously",C2,,edge,
3094,"selectivity",C2,,edge,
3095,"fractious",C2,,edge,
3096,"intersperse",C2,,edge,
3097,"verisimilitude",C2,,edge,
3098,"artifice",C2,,edge,
3099,"unfeasible",C2,,edge,
3100,"unfeasibly",C2,,edge,
3101,"virtuosity",C2,,edge,
3102,"nascent",C2,,edge,
3103,"smattering",C2,,edge,
3104,"neophyte",C2,,edge,
3105,"formidably",C2,,edge,
3106,"flatout",C2,,edge,
3107,"derision",C2,,edge,
3108,"derisive",C2,,edge,
3109,"derisively",C2,,edge,
3110,"truism",C2,,edge,
3111,"prurient",C2,,edge,
3112,"prurience",C2,,edge,
3113,"tetchy",C2,,edge,
3114,"aghast",C2,,edge,
3115,"dwarfism",C2,,edge,
3116,"etching",C2,,edge,
3117,"rapturous",C2,,edge,
3118,"rapturously",C2,,edge,
3119,"ad lib",C2,,edge,
3120,"ad-lib",C2,,edge,
3121,"improvisational",C2,,edge,
3122,"acrobatically",C2,,edge,
3123,"arduously",C2,,edge,
3124,"counterproductively",C2,,edge,
3125,"mull over",C2,,edge,
3126,"ruminate",C2,,edge,
3127,"rumination",C2,,edge,
3128,"ruminant",C2,,edge,
3129,"ruminative",C2,,edge,
3130,"blubbery",C2,,edge,
3131,"eke out",C2,,edge,
3132,"squirmy",C2,,edge,
3133,"floe",C2,,edge,
3134,"wistfully",C2,,edge,
3135,"skew",C2,,edge,
3136,"subsist",C2,,edge,
3137,"subsistence",C2,,edge,
3138,"confrontationally",C2,,edge,
3139,"histrionic",C2,,edge,
3140,"histrionically",C2,,edge,
3141,"marketability",C2,,edge,
3142,"tacit",C2,,edge,
3143,"tacitly",C2,,edge,
3144,"taciturn",C2,,edge,
3145,"taciturnity",C2,,edge,
3146,"surreptitious",C2,,edge,
3147,"surreptitiously",C2,,edge,
3148,"allegorical",C2,,edge,
3149,"punitively",C2,,edge,
3150,"self-aggrandizement",C2,,edge,
3151,"self-aggrandisement",C2,,edge,
3152,"adulterate",C2,,edge,
3153,"patronizingly",C2,,edge,
3154,"patronisingly",C2,,edge,
3155,"cogent",C2,,edge,
3156,"cogently",C2,,edge,
3157,"incongruous",C2,,edge,
3158,"incongruously",C2,,edge,
3159,"incongruity",C2,,edge,
3160,"deaden",C2,,edge,
3161,"attributive",C2,,edge,
3162,"ecotourism",C2,,edge,
3163,"farcical",C2,,edge,
3164,"incise",C2,,edge,
3165,"incipient",C2,,edge,
3166,"echolocation",C2,,edge,
3167,"echolocate",C2,,edge,
3168,"reverb",C2,,edge,
3169,"reverberation",C2,,edge,
3170,"reverberate",C2,,edge,
3171,"ingenuous",C2,,edge,
3172,"ingenuously",C2,,edge,
3173,"salivary",C2,,edge,
3174,"hypnotherapy",C2,,edge,
3175,"remonstrate",C2,,edge,
3176,"remonstrance",C2,,edge,
3177,"unexcused",C2,,edge,
3178,"unexceptionally",C2,,edge,
3179,"unexceptional",C2,,edge,
3180,"inexorability",C2,,edge,
3181,"tranquilize",C2,,edge,
3182,"patchy",C2,49850,edge,
3183,"epoxy",C2,49735,edge,
3184,"outmoded",C2,49688,edge,
3185,"inexorable",C2,49354,edge,
3186,"impeccably",C2,49300,edge,
3187,"unequivocal",C2,49245,edge,
3188,"ravish",C2,49148,edge,
3189,"cloistered",C2,49107,edge,
3190,"ardor",C2,48951,edge,
3191,"tactically",C2,48839,edge,
3192,"forfeiture",C2,48701,edge,
3193,"acreage",C2,48687,edge,
3194,"inexorably",C2,48648,edge,
3195,"zoologist",C2,48541,edge,
3196,"centralized",C2,48464,edge,
3197,"sterility",C2,48387,edge,
3198,"inhabitant",B1,48170,edge,
3199,"resound",C2,47692,edge,
3200,"interlocking",C2,47691,edge,
3201,"friendliness",B1,47682,edge,
3202,"categorize",B1,47637,edge,
3203,"exude",C2,47610,edge,
3204,"puritanical",C2,47516,edge,
3205,"out-of-date",B1,47469,edge,
3206,"anthropological",C2,47323,edge,
3207,"recitation",C2,47096,edge,
3208,"singe",C2,47085,edge,
3209,"parochial",C2,47071,edge,
3210,"additive",C2,47042,edge,
3211,"proliferation",C2,47002,edge,
3212,"opulent",C2,46974,edge,
3213,"mangle",C2,46913,edge,
3214,"saucepan",B1,46893,edge,
3215,"spurious",C2,46826,edge,
3216,"surrealism",C2,46756,edge,
3217,"paradoxical",C2,46370,edge,
3218,"contractual",C2,46291,edge,
3219,"sandwiched",C2,46070,edge,
3220,"disparaging",C2,46015,edge,
3221,"unadulterated",C2,45987,edge,
3222,"jarring",C2,45960,edge,
3223,"stipulation",C2,45887,edge,
3224,"buccaneer",C2,45749,edge,
3225,"attrition",C2,45714,edge,
3226,"minster",C2,45587,edge,
3227,"wane",C2,45579,edge,
3228,"dissension",C2,45468,edge,
3229,"facsimile",C2,45432,edge,
3230,"irrevocably",C2,45383,edge,
3231,"burgeoning",C2,45327,edge,
3232,"uninterested",B1,45314,edge,
3233,"backache",B1,45294,edge,
3234,"stringent",C2,45282,edge,
3235,"maelstrom",C2,45228,edge,
3236,"acrobatic",C2,45048,edge,
3237,"ethos",C2,44838,edge,
3238,"etch",C2,44762,edge,
3239,"edifice",C2,44697,edge,
3240,"vindication",C2,44635,edge,
3241,"acknowledgment",B1,44413,edge,
3242,"surrealist",C2,44117,edge,
3243,"haphazard",C2,44116,edge,
3244,"fallacy",C2,44076,edge,
3245,"painstakingly",C2,43888,edge,
3246,"counterproductive",C2,43697,edge,
3247,"settler",B1,43593,edge,
3248,"cull",C2,43558,edge,
3249,"revulsion",C2,43543,edge,
3250,"torrential",C2,43423,edge,
3251,"hand-held",B1,43330,edge,
3252,"maliciously",C2,43310,edge,
3253,"philanthropic",C2,43204,edge,
3254,"proximal",C2,43117,edge,
3255,"abhorrent",C2,43101,edge,
3256,"encyclopaedia",B1,43043,edge,
3257,"archetype",C2,42983,edge,
3258,"drudgery",C2,42699,edge,
3259,"wistful",C2,42651,edge,
3260,"oblique",C2,42533,edge,
3261,"hurriedly",B1,42490,edge,
3262,"attuned",C2,42411,edge,
3263,"signpost",B1,42350,edge,
3264,"acrobatics",C2,42310,edge,
3265,"zoology",C2,42281,edge,
3266,"pervasive",C2,42209,edge,
3267,"mercantile",C2,42201,edge,
3268,"milieu",C2,42193,edge,
3269,"electrode",C2,42008,edge,
3270,"involuntarily",B1,41957,edge,
3271,"laryngitis",C2,41942,edge,
3272,"loiter",C2,41838,edge,
3273,"ostensibly",C2,41794,edge,
3274,"dampen",C2,41657,edge,
3275,"bauble",C2,41641,edge,
3276,"habitation",C2,41567,edge,
3277,"wheeze",C2,41489,edge,
3278,"unequivocally",C2,41339,edge,
3279,"monastic",C2,41282,edge,
3280,"malleable",C2,41229,edge,
3281,"assimilation",C2,41221,edge,
3282,"materialism",C2,41184,edge,
3283,"snowboard",B1,41173,edge,
3284,"hairdryer",B1,41140,edge,
3285,"ornate",C2,41043,edge,
3286,"remit",C2,41024,edge,
3287,"topography",C2,40978,edge,
3288,"palatable",C2,40905,edge,
3289,"avian",C2,40858,edge,
3290,"plumage",C2,40835,edge,
3291,"allegory",C2,40712,edge,
3292,"northeastern",B1,40709,edge,
3293,"melodious",C2,40453,edge,
3294,"scholarly",C2,40330,edge,
3295,"stipulate",C2,40294,edge,
3296,"impresario",C2,40272,edge,
3297,"glitz",C2,40264,edge,
3298,"sunbathe",B1,40204,edge,
3299,"thicket",C2,40094,edge,
3300,"confrontational",C2,39780,edge,
3301,"schoolmate",B1,39765,edge,
3302,"virginal",C2,39755,edge,
3303,"divination",C2,39692,edge,
3304,"meteorological",C2,39472,edge,
3305,"elation",C2,39408,edge,
3306,"whir",C2,39404,edge,
3307,"spire",C2,39356,edge,
3308,"calmness",B1,39338,edge,
3309,"remorseful",C2,39305,edge,
3310,"inscrutable",C2,39219,edge,
3311,"flit",C2,39161,edge,
3312,"commode",C2,39055,edge,
3313,"philanthropy",C2,39052,edge,
3314,"slither",C2,38988,edge,
3315,"condensation",C2,38835,edge,
3316,"ephemeral",C2,38773,edge,
3317,"collider",C2,38759,edge,
3318,"liaise",C2,38742,edge,
3319,"testimonial",C2,38682,edge,
3320,"floodgates",C2,38575,edge,
3321,"overlay",C2,38559,edge,
3322,"sundial",B1,38389,edge,
3323,"breadwinner",C2,38364,edge,
3324,"averse",C2,38321,edge,
3325,"flighty",C2,38222,edge,
3326,"irrevocable",C2,38051,edge,
3327,"opaque",C2,38009,edge,
3328,"curate",C2,37930,edge,
3329,"chrysalis",C2,37863,edge,
3330,"reclusive",C2,37808,edge,
3331,"eagerness",B1,37738,edge,
3332,"reunification",B1,37689,edge,
3333,"prostrate",C2,37616,edge,
3334,"nonchalant",C2,37469,edge,
3335,"noisily",B1,37450,edge,
3336,"telecommunications",B1,37438,edge,
3337,"lurid",C2,37436,edge,
3338,"substantiate",C2,37317,edge,
3339,"backpacking",B1,37285,edge,
3340,"retrospective",C2,37131,edge,
3341,"dispersal",C2,37105,edge,
3342,"overwork",B1,36983,edge,
3343,"fruition",C2,36779,edge,
3344,"easy-going",B1,36659,edge,
3345,"gauche",C2,36601,edge,
3346,"verily",C2,36575,edge,
3347,"arcane",C2,36563,edge,
3348,"grouping",B1,36533,edge,
3349,"sportsmanship",B1,36171,edge,
3350,"fluently",B1,36139,edge,
3351,"materialize",C2,36114,edge,
3352,"delicatessen",C2,36046,edge,
3353,"virtuoso",C2,35914,edge,
3354,"glint",B1,35903,edge,
3355,"instantaneously",C2,35832,edge,
3356,"deficient",C2,35775,edge,
3357,"indignant",C2,35748,edge,
3358,"verbatim",C2,35298,edge,
3359,"euphoric",C2,35291,edge,
3360,"romp",C2,35121,edge,
3361,"eco",B1,35078,edge,
3362,"rickety",C2,34834,edge,
3363,"biochemistry",B1,34544,edge,
3364,"angular",C2,34498,edge,
3365,"shoal",C2,34480,edge,
3366,"cloister",C2,34435,edge,
3367,"abhor",C2,34408,edge,
3368,"ferocity",C2,34281,edge,
3369,"fascinate",B1,34104,edge,
3370,"tracksuit",B1,33955,edge,
3371,"feign",C2,33949,edge,
3372,"mariner",C2,33850,edge,
3373,"hapless",C2,33743,edge,
3374,"parasitic",C2,33635,edge,
3375,"outweigh",B1,33539,edge,
3376,"posturing",C2,33528,edge,
3377,"fabled",C2,33491,edge,
3378,"interlude",C2,33460,edge,
3379,"thunderous",B1,33418,edge,
3380,"brainstorming",B1,33361,edge,
3381,"uninteresting",B1,33343,edge,
3382,"primeval",C2,33286,edge,
3383,"redundancy",C2,33223,edge,
3384,"bereft",C2,33114,edge,
3385,"fete",C2,33103,edge,
3386,"precocious",C2,33076,edge,
3387,"austerity",C2,32993,edge,
3388,"materialistic",C2,32792,edge,
3389,"embody",C2,32726,edge,
3390,"stratosphere",C2,32677,edge,
3391,"resounding",C2,32273,edge,
3392,"menial",C2,32223,edge,
3393,"characterize",B1,32102,edge,
3394,"dustbin",B1,32030,edge,
3395,"philistine",C2,31861,edge,
3396,"westward",B1,31859,edge,
3397,"behest",C2,31692,edge,
3398,"allotment",C2,31649,edge,
3399,"belligerent",C2,31643,edge,
3400,"armoury",C2,31467,edge,
3401,"continual",B1,31394,edge,
3402,"depressive",C2,31128,edge,
3403,"magnanimous",C2,31113,edge,
3404,"repose",C2,31097,edge,
3405,"hindrance",C2,31069,edge,
3406,"proprietary",C2,31067,edge,
3407,"intermediary",C2,31063,edge,
3408,"notoriety",C2,31038,edge,
3409,"rife",C2,31002,edge,
3410,"narrate",B1,30868,edge,
3411,"lyrical",C2,30808,edge,
3412,"recuperate",C2,30806,edge,
3413,"handball",B1,30743,edge,
3414,"nightlife",B1,30709,edge,
3415,"resuscitation",C2,30696,edge,
3416,"prissy",C2,30666,edge,
3417,"unnerving",C2,30617,edge,
3418,"clinch",C2,30561,edge,
3419,"limitation",B1,30555,edge,
3420,"annoyance",B1,30432,edge,
3421,"dialog",B1,30421,edge,
3422,"swivel",C2,30288,edge,
3423,"spontaneity",C2,30250,edge,
3424,"modem",B1,29870,edge,
3425,"abundantly",C2,29807,edge,
3426,"aberration",C2,29805,edge,
3427,"mountaintop",B1,29561,edge,
3428,"banishment",C2,29534,edge,
3429,"unafraid",B1,29375,edge,
3430,"firework",B1,29368,edge,
3431,"magnate",C2,29347,edge,
3432,"abject",C2,29296,edge,
3433,"reptilian",C2,29266,edge,
3434,"ingrate",C2,29185,edge,
3435,"elated",C2,29138,edge,
3436,"resuscitate",C2,29078,edge,
3437,"cinematographer",C2,29041,edge,
3438,"emulate",C2,28996,edge,
3439,"shimmer",C2,28987,edge,
3440,"shopper",B1,28882,edge,
3441,"turret",C2,28793,edge,
3442,"innermost",B1,28655,edge,
3443,"blubber",C2,28467,edge,
3444,"punitive",C2,28428,edge,
3445,"favourable",B1,28380,edge,
3446,"conglomerate",C2,28316,edge,
3447,"meticulously",C2,28300,edge,
3448,"forlorn",C2,28290,edge,
3449,"extensively",B1,28289,edge,
3450,"jargon",C2,28283,edge,
3451,"blogger",B1,28274,edge,
3452,"nervousness",B1,28253,edge,
3453,"vandal",C2,28240,edge,
3454,"haughty",C2,28176,edge,
3455,"deterrent",C2,28172,edge,
3456,"diligently",C2,27976,edge,
3457,"webcam",B1,27969,edge,
3458,"motionless",B1,27938,edge,
3459,"duvet",B1,27918,edge,
3460,"up-to-date",B1,27742,edge,
3461,"wristwatch",B1,27670,edge,
3462,"adept",C2,27575,edge,
3463,"depravity",C2,27569,edge,
3464,"superfluous",C2,27542,edge,
3465,"figuratively",C2,27412,edge,
3466,"angst",C2,27330,edge,
3467,"innuendo",C2,27319,edge,
3468,"columnist",B1,27315,edge,
3469,"blight",C2,27304,edge,
3470,"recourse",C2,27261,edge,
3471,"frolic",C2,27247,edge,
3472,"goalkeeper",B1,27140,edge,
3473,"sandal",B1,26977,edge,
3474,"coax",C2,26913,edge,
3475,"autonomous",C2,26904,edge,
3476,"agility",C2,26846,edge,
3477,"seawater",B1,26824,edge,
3478,"vividly",B1,26784,edge,
3479,"well-dressed",B1,26761,edge,
3480,"kinetic",C2,26671,edge,
3481,"extracurricular",C2,26583,edge,
3482,"baroque",C2,26467,edge,
3483,"embodiment",C2,26433,edge,
3484,"derelict",C2,26430,edge,
3485,"windscreen",B1,26329,edge,
3486,"enthusiast",B1,26266,edge,
3487,"rudely",B1,26261,edge,
3488,"photocopy",B1,26205,edge,
3489,"mediocrity",C2,26197,edge,
3490,"fabrication",C2,26196,edge,
3491,"magpie",C2,26188,edge,
3492,"farmland",B1,26157,edge,
3493,"brimstone",C2,26147,edge,
3494,"recluse",C2,25961,edge,
3495,"wasteful",B1,25866,edge,
3496,"curiously",B1,25857,edge,
3497,"squint",C2,25780,edge,
3498,"pleasantly",B1,25627,edge,
3499,"shadowy",B1,25606,edge,
3500,"informative",B1,25576,edge,
3501,"buzzard",C2,25495,edge,
3502,"philanthropist",C2,25485,edge,
3503,"carelessly",B1,25433,edge,
3504,"contagion",C2,25398,edge,
3505,"takeaway",B1,25359,edge,
3506,"warmly",B1,25341,edge,
3507,"squirm",C2,25326,edge,
3508,"carelessness",B1,25290,edge,
3509,"seedy",C2,25105,edge,
3510,"unfairly",B1,25075,edge,
3511,"euphemism",C2,24971,edge,
3512,"pyre",C2,24763,edge,
3513,"patronizing",C2,24735,edge,
3514,"venomous",C2,24705,edge,
3515,"notoriously",C2,24696,edge,
3516,"homestead",C2,24468,edge,
3517,"deviant",C2,24425,edge,
3518,"crippling",C2,24414,edge,
3519,"grievance",C2,24385,edge,
3520,"northwestern",B1,24355,edge,
3521,"tenacity",C2,24330,edge,
3522,"veritable",C2,24228,edge,
3523,"mystique",C2,24156,edge,
3524,"infallible",C2,24084,edge,
3525,"viewpoint",B1,24069,edge,
3526,"check-in",B1,24060,edge,
3527,"snowstorm",B1,23941,edge,
3528,"golfer",B1,23818,edge,
3529,"tenacious",C2,23740,edge,
3530,"requisition",C2,23739,edge,
3531,"anxiously",B1,23708,edge,
3532,"internationally",B1,23691,edge,
3533,"gambit",C2,23526,edge,
3534,"illuminate",B1,23420,edge,
3535,"storyteller",B1,23348,edge,
3536,"nationalist",B1,23345,edge,
3537,"apostle",C2,23334,edge,
3538,"euphoria",C2,23329,edge,
3539,"exalted",C2,23287,edge,
3540,"wallow",C2,23105,edge,
3541,"flunk",B1,23103,edge,
3542,"take-off",B1,23094,edge,
3543,"fondness",B1,22902,edge,
3544,"farthest",B1,22868,edge,
3545,"proverbial",C2,22798,edge,
3546,"babble",C2,22771,edge,
3547,"autopilot",C2,22725,edge,
3548,"dribble",C2,22697,edge,
3549,"unfriendly",B1,22528,edge,
3550,"mesh",C2,22337,edge,
3551,"aerobics",B1,22234,edge,
3552,"scenic",B1,22185,edge,
3553,"indirectly",B1,22164,edge,
3554,"advert",B1,22114,edge,
3555,"gout",C2,21928,edge,
3556,"checkout",B1,21844,edge,
3557,"consignment",C2,21829,edge,
3558,"succumb",C2,21659,edge,
3559,"hearted",B1,21657,edge,
3560,"hamper",C2,21645,edge,
3561,"cv",B1,21583,edge,
3562,"menacing",C2,21576,edge,
3563,"barman",B1,21361,edge,
3564,"hysterically",C2,21188,edge,
3565,"guitarist",B1,21173,edge,
3566,"exorcist",C2,21167,edge,
3567,"promenade",C2,21165,edge,
3568,"humorous",B1,21151,edge,
3569,"annex",C2,21012,edge,
3570,"callous",C2,21003,edge,
3571,"next-door",B1,20933,edge,
3572,"indulgence",C2,20909,edge,
3573,"timely",B1,20860,edge,
3574,"combustion",C2,20785,edge,
3575,"counselling",B1,20769,edge,
3576,"nutritious",B1,20686,edge,
3577,"headmistress",C2,20652,edge,
3578,"agile",C2,20585,edge,
3579,"recycled",B1,20514,edge,
3580,"locomotive",C2,20472,edge,
3581,"hindsight",C2,20462,edge,
3582,"climber",B1,20429,edge,
3583,"anonymity",C2,20372,edge,
3584,"tasteless",B1,20227,edge,
3585,"lovingly",B1,20215,edge,
3586,"seismic",C2,20121,edge,
3587,"overjoyed",B1,20050,edge,
3588,"second-hand",B1,20034,edge,
3589,"furthest",B1,19906,edge,
3590,"scavenger",C2,19889,edge,
3591,"excitedly",B1,19845,edge,
3592,"condone",C2,19844,edge,
3593,"possessive",B1,19809,edge,
3594,"misdemeanor",C2,19796,edge,
3595,"stricken",B1,19751,edge,
3596,"patronize",C2,19734,edge,
3597,"breathless",B1,19718,edge,
3598,"loudspeaker",B1,19601,edge,
3599,"graphics",B1,19572,edge,
3600,"authenticity",C2,19517,edge,
3601,"ecosystem",B1,19444,edge,
3602,"nigh",C2,19417,edge,
3603,"preschool",B1,19405,edge,
3604,"maggot",C2,19349,edge,
3605,"oily",B1,19321,edge,
3606,"minefield",C2,19305,edge,
3607,"thriller",B1,19181,edge,
3608,"safeguard",B1,19147,edge,
3609,"campsite",B1,19144,edge,
3610,"rearrange",B1,19053,edge,
3611,"conduit",C2,18925,edge,
3612,"uncontrollable",B1,18919,edge,
3613,"mathematician",B1,18916,edge,
3614,"brood",C2,18793,edge,
3615,"rhetorical",C2,18729,edge,
3616,"teammate",B1,18651,edge,
3617,"wayward",C2,18435,edge,
3618,"cocoon",C2,18404,edge,
3619,"abundant",B1,18379,edge,
3620,"decrease",B1,18364,edge,
3621,"cordon",C2,18333,edge,
3622,"infernal",C2,18232,edge,
3623,"contraption",C2,18185,edge,
3624,"maverick",C2,18184,edge,
3625,"outward",B1,18034,edge,
3626,"depraved",C2,18020,edge,
3627,"specialize",B1,17984,edge,
3628,"wholly",C2,17979,edge,
3629,"entertainer",B1,17918,edge,
3630,"whirlwind",C2,17865,edge,
3631,"roadside",B1,17810,edge,
3632,"meticulous",C2,17781,edge,
3633,"boldly",B1,17742,edge,
3634,"blitz",C2,17734,edge,
3635,"unravel",C2,17675,edge,
3636,"supporter",B1,17669,edge,
3637,"housework",B1,17617,edge,
3638,"sweatshirt",B1,17601,edge,
3639,"cinematography",C2,17526,edge,
3640,"reconciliation",C2,17389,edge,
3641,"refreshments",B1,17384,edge,
3642,"curator",C2,17369,edge,
3643,"palate",C2,17307,edge,
3644,"downward",B1,17304,edge,
3645,"talkative",B1,17257,edge,
3646,"hard-working",B1,17132,edge,
3647,"choreography",C2,17070,edge,
3648,"armory",C2,17034,edge,
3649,"quake",B1,17017,edge,
3650,"schoolteacher",B1,16953,edge,
3651,"copyright",B1,16846,edge,
3652,"paramount",C2,16828,edge,
3653,"provocation",C2,16709,edge,
3654,"huddle",C2,16532,edge,
3655,"continually",B1,16529,edge,
3656,"animated",B1,16449,edge,
3657,"nostalgia",C2,16421,edge,
3658,"unheard",B1,16392,edge,
3659,"enjoyment",B1,16375,edge,
3660,"characteristic",B1,16373,edge,
3661,"rainforest",B1,16285,edge,
3662,"uncanny",C2,16283,edge,
3663,"hoist",C2,16262,edge,
3664,"novelist",B1,16169,edge,
3665,"unrelated",B1,16080,edge,
3666,"carton",B1,16063,edge,
3667,"earnest",B1,15975,edge,
3668,"firefighter",B1,15965,edge,
3669,"lifeguard",B1,15902,edge,
3670,"complicate",B1,15899,edge,
3671,"turbulence",B1,15865,edge,
3672,"hermit",C2,15829,edge,
3673,"smoker",B1,15819,edge,
3674,"exorcism",C2,15780,edge,
3675,"ironing",B1,15675,edge,
3676,"newcomer",B1,15563,edge,
3677,"hearty",B1,15447,edge,
3678,"hysteria",C2,15399,edge,
3679,"tourism",B1,15286,edge,
3680,"gallon",B1,15198,edge,
3681,"auxiliary",B1,15101,edge,
3682,"likeness",B1,15087,edge,
3683,"safari",B1,15060,edge,
3684,"outline",B1,15045,edge,
3685,"disable",B1,14965,edge,
3686,"imitate",B1,14936,edge,
3687,"impeccable",C2,14929,edge,
3688,"ness",B1,14925,edge,
3689,"nectar",B1,14880,edge,
3690,"calamity",C2,14879,edge,
3691,"disagreement",B1,14871,edge,
3692,"moisture",B1,14860,edge,
3693,"inscription",B1,14848,edge,
3694,"symptom",B1,14819,edge,
3695,"prosperous",B1,14818,edge,
3696,"unfit",B1,14804,edge,
3697,"gall",B1,14790,edge,
3698,"disperse",C2,14745,edge,
3699,"knit",B1,14695,edge,
3700,"enquiry",B1,14658,edge,
3701,"preference",B1,14643,edge,
3702,"adviser",B1,14544,edge,
3703,"reduction",B1,14487,edge,
3704,"reclaim",B1,14444,edge,
3705,"advertise",B1,14330,edge,
3706,"takeoff",B1,14283,edge,
3707,"festive",B1,14252,edge,
3708,"oppression",B1,14250,edge,
3709,"steadily",B1,14196,edge,
3710,"bravely",B1,14182,edge,
3711,"rebound",C2,14170,edge,
3712,"govern",B1,14091,edge,
3713,"upload",B1,14028,edge,
3714,"mercenary",C2,14024,edge,
3715,"excellence",B1,14005,edge,
3716,"stormy",B1,13954,edge,
3717,"continuously",B1,13871,edge,
3718,"motherland",B1,13861,edge,
3719,"broccoli",B1,13850,edge,
3720,"vortex",C2,13830,edge,
3721,"sophomore",B1,13771,edge,
3722,"unusually",B1,13721,edge,
3723,"enjoyable",B1,13703,edge,
3724,"persuasive",B1,13665,edge,
3725,"gymnastics",B1,13648,edge,
3726,"knack",C2,13629,edge,
3727,"recycling",B1,13587,edge,
3728,"ration",B1,13582,edge,
3729,"lawful",B1,13560,edge,
3730,"circular",B1,13528,edge,
3731,"distinguish",B1,13511,edge,
3732,"dangerously",B1,13484,edge,
3733,"renew",B1,13474,edge,
3734,"giraffe",B1,13464,edge,
3735,"swimmer",B1,13457,edge,
3736,"historian",B1,13442,edge,
3737,"spinach",B1,13427,edge,
3738,"politely",B1,13339,edge,
3739,"treachery",C2,13324,edge,
3740,"bedside",B1,13317,edge,
3741,"incorrect",B1,13296,edge,
3742,"dishwasher",B1,13278,edge,
3743,"tile",B1,13256,edge,
3744,"violently",B1,13255,edge,
3745,"aloud",B1,13197,edge,
3746,"underage",B1,13136,edge,
3747,"unwanted",B1,13082,edge,
3748,"lifelong",B1,13066,edge,
3749,"rift",C2,13062,edge,
3750,"vermin",C2,13059,edge,
3751,"crossroads",B1,13040,edge,
3752,"irregular",B1,12986,edge,
3753,"cushion",B1,12948,edge,
3754,"cucumber",B1,12880,edge,
3755,"fashionable",B1,12841,edge,
3756,"hardship",B1,12827,edge,
3757,"greenhouse",B1,12807,edge,
3758,"inconvenient",B1,12750,edge,
3759,"teamwork",B1,12720,edge,
3760,"unwell",B1,12674,edge,
3761,"alphabet",B1,12664,edge,
3762,"mash",B1,12600,edge,
3763,"gardening",B1,12577,edge,
3764,"jug",B1,12564,edge,
3765,"gravitational",C2,12551,edge,
3766,"outdoors",B1,12508,edge,
3767,"isle",B1,12479,edge,
3768,"sticker",B1,12474,edge,
3769,"refund",B1,12458,edge,
3770,"wildly",B1,12456,edge,
3771,"encouragement",B1,12429,edge,
3772,"inhale",B1,12411,edge,
3773,"helm",C2,12409,edge,
3774,"misty",B1,12407,edge,
3775,"fitness",B1,12397,edge,
3776,"largely",B1,12358,edge,
3777,"unclear",B1,12281,edge,
3778,"diver",B1,12266,edge,
3779,"indoors",B1,12257,edge,
3780,"quantity",B1,12237,edge,
3781,"outdoor",B1,12194,edge,
3782,"strengthen",B1,12179,edge,
3783,"unpack",B1,12162,edge,
3784,"lorry",B1,12126,edge,
3785,"unexpectedly",B1,12121,edge,
3786,"trustworthy",B1,12114,edge,
3787,"jogging",B1,12111,edge,
3788,"waterfall",B1,12081,edge,
3789,"handshake",B1,12033,edge,
3790,"builder",B1,12006,edge,
3791,"slogan",B1,11996,edge,
3792,"workplace",B1,11984,edge,
3793,"newborn",B1,11934,edge,
3794,"educate",B1,11926,edge,
3795,"maple",B1,11897,edge,
3796,"middle-aged",B1,11865,edge,
3797,"memorable",B1,11864,edge,
3798,"blush",B1,11845,edge,
3799,"defender",B1,11837,edge,
3800,"toothpaste",B1,11792,edge,
3801,"animation",B1,11780,edge,
3802,"babysit",B1,11754,edge,
3803,"chariot",B1,11740,edge,
3804,"graphic",B1,11735,edge,
3805,"heater",B1,11708,edge,
3806,"chemist",B1,11578,edge,
3807,"hostel",B1,11572,edge,
3808,"postman",B1,11567,edge,
3809,"wrapping",B1,11519,edge,
3810,"splinter",C2,11506,edge,
3811,"tiring",B1,11498,edge,
3812,"jog",B1,11494,edge,
3813,"onstage",B1,11478,edge,
3814,"logo",B1,11419,edge,
3815,"remark",B1,11417,edge,
3816,"shortage",B1,11400,edge,
3817,"outlaw",B1,11385,edge,
3818,"racial",B1,11365,edge,
3819,"raspberry",B1,11364,edge,
3820,"hiv",B1,11313,edge,
3821,"face-to-face",B1,11301,edge,
3822,"bogus",C2,11294,edge,
3823,"bulletin",B1,11236,edge,
3824,"performer",B1,11227,edge,
3825,"northeast",B1,11224,edge,
3826,"extinction",B1,11187,edge,
3827,"accessory",B1,11120,edge,
3828,"oneself",B1,11079,edge,
3829,"hopeful",B1,11058,edge,
3830,"acceptance",B1,11050,edge,
3831,"underpants",B1,11040,edge,
3832,"lettuce",B1,11029,edge,
3833,"southwest",B1,10990,edge,
3834,"englishman",B1,10948,edge,
3835,"meditation",B1,10872,edge,
3836,"qualify",B1,10868,edge,
3837,"hairdresser",B1,10855,edge,
3838,"mosquito",B1,10819,edge,
3839,"canned",B1,10803,edge,
3840,"intentionally",B1,10801,edge,
3841,"composition",B1,10785,edge,
3842,"canteen",B1,10747,edge,
3843,"calculate",B1,10699,edge,
3844,"negotiation",B1,10695,edge,
3845,"frequent",B1,10690,edge,
3846,"typically",B1,10645,edge,
3847,"slope",B1,10629,edge,
3848,"ingredient",B1,10597,edge,
3849,"paddle",B1,10591,edge,
3850,"southeast",B1,10582,edge,
3851,"referee",B1,10527,edge,
3852,"critic",B1,10509,edge,
3853,"cod",B1,10488,edge,
3854,"booking",B1,10447,edge,
3855,"workout",B1,10433,edge,
3856,"pineapple",B1,10422,edge,
3857,"dependent",B1,10330,edge,
3858,"install",B1,10322,edge,
3859,"unemployment",B1,10318,edge,
3860,"northwest",B1,10313,edge,
3861,"literary",B1,10309,edge,
3862,"destructive",B1,10284,edge,
3863,"mailbox",B1,10257,edge,
3864,"certainty",B1,10226,edge,
3865,"orderly",B1,10222,edge,
3866,"harness",B1,10215,edge,
3867,"loaf",B1,10178,edge,
3868,"tornado",B1,10171,edge,
3869,"accidental",B1,10114,edge,
3870,"jumper",B1,9985,edge,
3871,"legion",C2,9968,edge,
3872,"tablet",B1,9942,edge,
3873,"headline",B1,9940,edge,
3874,"spelling",B1,9938,edge,
3875,"eminence",C2,9920,edge,
3876,"queue",B1,9907,edge,
3877,"mediterranean",B1,9892,edge,
3878,"wildlife",B1,9730,edge,
3879,"parachute",B1,9717,edge,
3880,"combine",B1,9703,edge,
3881,"counseling",B1,9690,edge,
3882,"dolphin",B1,9662,edge,
3883,"undress",B1,9661,edge,
3884,"membership",B1,9626,edge,
3885,"nod",B1,9602,edge,
3886,"frequently",B1,9581,edge,
3887,"increasingly",B1,9537,edge,
3888,"diaper",B1,9496,edge,
3889,"disc",B1,9492,edge,
3890,"filter",B1,9485,edge,
3891,"bathe",B1,9474,edge,
3892,"merit",C2,9450,edge,
3893,"pupil",B1,9398,edge,
3894,"teller",B1,9339,edge,
3895,"mathematics",B1,9323,edge,
3896,"reef",B1,9319,edge,
3897,"postcard",B1,9313,edge,
3898,"firmly",B1,9301,edge,
3899,"encouraging",B1,9295,edge,
3900,"capsule",B1,9281,edge,
3901,"arise",B1,9257,edge,
3902,"disk",B1,9242,edge,
3903,"surround",B1,9213,edge,
3904,"airline",B1,9205,edge,
3905,"bronze",B1,9203,edge,
3906,"moreover",B1,9193,edge,
3907,"beaver",B1,9153,edge,
3908,"transmitter",C2,9137,edge,
3909,"farming",B1,9125,edge,
3910,"runaway",B1,9050,edge,
3911,"gravy",B1,9025,edge,
3912,"burglar",B1,9006,edge,
3913,"allowance",B1,8972,edge,
3914,"calf",B1,8970,edge,
3915,"sponge",B1,8956,edge,
3916,"keyboard",B1,8938,edge,
3917,"judgement",B1,8922,edge,
3918,"greeting",B1,8879,edge,
3919,"monthly",B1,8847,edge,
3920,"moss",B1,8839,edge,
3921,"motto",B1,8838,edge,
3922,"repeatedly",B1,8807,edge,
3923,"inspire",B1,8750,edge,
3924,"cabbage",B1,8742,edge,
3925,"full-time",B1,8694,edge,
3926,"ecstasy",B1,8675,edge,
3927,"bakery",B1,8663,edge,
3928,"improvement",B1,8654,edge,
3929,"comparison",B1,8639,edge,
3930,"cautious",B1,8636,edge,
3931,"publicly",B1,8614,edge,
3932,"brotherhood",B1,8605,edge,
3933,"handkerchief",B1,8592,edge,
3934,"scholar",B1,8570,edge,
3935,"supportive",B1,8564,edge,
3936,"absent",B1,8554,edge,
3937,"part-time",B1,8538,edge,
3938,"breeding",B1,8537,edge,
3939,"introduction",B1,8529,edge,
3940,"historic",B1,8518,edge,
3941,"server",B1,8513,edge,
3942,"blog",B1,8496,edge,
3943,"informant",C2,8491,edge,
3944,"curve",B1,8490,edge,
3945,"advisor",B1,8469,edge,
3946,"kitten",B1,8455,edge,
3947,"flute",B1,8442,edge,
3948,"preparation",B1,8439,edge,
3949,"juicy",B1,8415,edge,
3950,"newly",B1,8382,edge,
3951,"hull",C2,8354,edge,
3952,"numerous",B1,8328,edge,
3953,"relatively",B1,8306,edge,
3954,"curly",B1,8275,edge,
3955,"delete",B1,8241,edge,
3956,"babysitter",B1,8217,edge,
3957,"imaginary",B1,8187,edge,
3958,"comedian",B1,8175,edge,
3959,"trumpet",B1,8153,edge,
3960,"specially",B1,8146,edge,
3961,"conservative",B1,8125,edge,
3962,"surprisingly",B1,8094,edge,
3963,"vegetarian",B1,8092,edge,
3964,"terrorism",B1,8070,edge,
3965,"fax",B1,8063,edge,
3966,"countless",B1,8029,edge,
3967,"gorilla",B1,8025,edge,
3968,"mild",B1,8018,edge,
3969,"gifted",B1,7981,edge,
3970,"skeleton",B1,7947,edge,
3971,"poisonous",B1,7916,edge,
3972,"strawberry",B1,7907,edge,
3973,"permanently",B1,7900,edge,
3974,"aspirin",B1,7889,edge,
3975,"strangely",B1,7875,edge,
3976,"relate",B1,7862,edge,
3977,"antidote",C2,7852,edge,
3978,"teen",B1,7845,edge,
3979,"mustard",B1,7793,edge,
3980,"elbow",B1,7787,edge,
3981,"competitive",B1,7772,edge,
3982,"caller",B1,7761,edge,
3983,"spice",B1,7760,edge,
3984,"visa",B1,7759,edge,
3985,"thirst",B1,7754,edge,
3986,"careless",B1,7706,edge,
3987,"crop",B1,7701,edge,
3988,"rail",B1,7669,edge,
3989,"pause",B1,7663,edge,
3990,"parrot",B1,7656,edge,
3991,"enthusiasm",B1,7641,edge,
3992,"sponsor",B1,7573,edge,
3993,"annoyed",B1,7555,edge,
3994,"neighbourhood",B1,7527,edge,
3995,"mule",B1,7524,edge,
3996,"hysterical",C2,7514,edge,
3997,"inquiry",B1,7499,edge,
3998,"ant",B1,7491,edge,
3999,"spicy",B1,7480,edge,
4000,"backpack",B1,7444,edge,
4001,"overwhelming",B1,7412,edge,
4002,"cheerful",B1,7394,edge,
4003,"sleeve",B1,7374,edge,
4004,"caution",B1,7354,edge,
4005,"delight",B1,7350,edge,
4006,"ferry",B1,7329,edge,
4007,"jewel",B1,7321,edge,
4008,"freezer",B1,7317,edge,
4009,"translate",B1,7286,edge,
4010,"democratic",B1,7280,edge,
4011,"sunrise",B1,7265,edge,
4012,"attraction",B1,7244,edge,
4013,"handwriting",B1,7232,edge,
4014,"unlucky",B1,7222,edge,
4015,"rapid",B1,7198,edge,
4016,"opposition",B1,7180,edge,
4017,"fade",B1,7127,edge,
4018,"farther",B1,7111,edge,
4019,"heel",B1,7081,edge,
4020,"grill",B1,7051,edge,
4021,"voyage",B1,7042,edge,
4022,"merchant",B1,7035,edge,
4023,"reflection",B1,7032,edge,
4024,"diving",B1,7000,edge,
4025,"extent",B1,6962,edge,
4026,"phantom",B1,6945,edge,
4027,"amazed",B1,6923,edge,
4028,"politician",B1,6915,edge,
4029,"entertain",B1,6901,edge,
4030,"buyer",B1,6860,edge,
4031,"frost",B1,6851,edge,
4032,"consideration",B1,6837,edge,
4033,"adopt",B1,6834,edge,
4034,"gown",B1,6809,edge,
4035,"lightly",B1,6804,edge,
4036,"accomplish",B1,6794,edge,
4037,"extend",B1,6787,edge,
4038,"relation",B1,6779,edge,
4039,"efficient",B1,6763,edge,
4040,"rapidly",B1,6755,edge,
4041,"popcorn",B1,6742,edge,
4042,"tuna",B1,6716,edge,
4043,"respectable",B1,6701,edge,
4044,"casual",B1,6689,edge,
4045,"heavenly",B1,6679,edge,
4046,"examination",B1,6659,edge,
4047,"urge",B1,6647,edge,
4048,"thankful",B1,6644,edge,
4049,"wardrobe",B1,6629,edge,
4050,"preserve",B1,6599,edge,
4051,"frustrated",B1,6583,edge,
4052,"stunning",B1,6582,edge,
4053,"sour",B1,6560,edge,
4054,"historical",B1,6554,edge,
4055,"satisfaction",B1,6553,edge,
4056,"craft",B1,6517,edge,
4057,"tick",B1,6506,edge,
4058,"guidance",B1,6500,edge,
4059,"orchestra",B1,6498,edge,
4060,"vet",B1,6490,edge,
4061,"flavor",B1,6487,edge,
4062,"origin",B1,6472,edge,
4063,"variety",B1,6450,edge,
4064,"yoga",B1,6439,edge,
4065,"discount",B1,6438,edge,
4066,"tobacco",B1,6434,edge,
4067,"dj",B1,6417,edge,
4068,"amusing",B1,6408,edge,
4069,"emotionally",B1,6401,edge,
4070,"reduce",B1,6396,edge,
4071,"possess",B1,6384,edge,
4072,"railway",B1,6377,edge,
4073,"alcoholic",B1,6374,edge,
4074,"gap",B1,6365,edge,
4075,"endure",B1,6357,edge,
4076,"digital",B1,6322,edge,
4077,"jade",B1,6316,edge,
4078,"railroad",B1,6303,edge,
4079,"crow",B1,6298,edge,
4080,"occasionally",B1,6277,edge,
4081,"attract",B1,6246,edge,
4082,"altogether",B1,6245,edge,
4083,"beautifully",B1,6238,edge,
4084,"wax",B1,6213,edge,
4085,"salmon",B1,6204,edge,
4086,"brand-new",B1,6185,edge,
4087,"salesman",B1,6172,edge,
4088,"agenda",B1,6170,edge,
4089,"straw",B1,6162,edge,
4090,"lodge",B1,6134,edge,
4091,"graduation",B1,6127,edge,
4092,"interrogation",C2,6123,edge,
4093,"specialist",B1,6118,edge,
4094,"sadness",B1,6111,edge,
4095,"magician",B1,6091,edge,
4096,"telegram",B1,6080,edge,
4097,"representative",B1,6075,edge,
4098,"update",B1,6063,edge,
4099,"laboratory",B1,6053,edge,
4100,"regard",B1,6018,edge,
4101,"industrial",B1,6005,edge,
4102,"persuade",B1,5992,edge,
4103,"equally",B1,5974,edge,
4104,"choir",B1,5970,edge,
4105,"dot",B1,5967,edge,
4106,"nickname",B1,5966,edge,
4107,"settlement",B1,5958,edge,
4108,"anxiety",B1,5949,edge,
4109,"congratulate",B1,5948,edge,
4110,"literature",B1,5932,edge,
4111,"stall",B1,5919,edge,
4112,"depth",B1,5892,edge,
4113,"echo",C2,5871,edge,
4114,"reserve",B1,5824,edge,
4115,"melt",B1,5799,edge,
4116,"leadership",B1,5793,edge,
4117,"poverty",B1,5792,edge,
4118,"qualified",B1,5784,edge,
4119,"engage",B1,5767,edge,
4120,"unlikely",B1,5754,edge,
4121,"jar",B1,5737,edge,
4122,"gesture",B1,5721,edge,
4123,"contain",B1,5715,edge,
4124,"bracelet",B1,5714,edge,
4125,"peanut",B1,5709,edge,
4126,"reservation",B1,5703,edge,
4127,"shocking",B1,5695,edge,
4128,"curiosity",B1,5686,edge,
4129,"household",B1,5678,edge,
4130,"shrimp",B1,5669,edge,
4131,"customs",B1,5664,edge,
4132,"sickness",B1,5660,edge,
4133,"runway",B1,5654,edge,
4134,"pond",B1,5653,edge,
4135,"cough",B1,5629,edge,
4136,"healing",B1,5618,edge,
4137,"resort",B1,5603,edge,
4138,"ink",B1,5592,edge,
4139,"climate",B1,5590,edge,
4140,"bent",B1,5585,edge,
4141,"compromise",B1,5581,edge,
4142,"allergic",B1,5567,edge,
4143,"presentation",B1,5566,edge,
4144,"atlantic",B1,5560,edge,
4145,"eager",B1,5557,edge,
4146,"lottery",B1,5545,edge,
4147,"companion",B1,5544,edge,
4148,"phoenix",B1,5543,edge,
4149,"rarely",B1,5526,edge,
4150,"tasty",B1,5523,edge,
4151,"brass",B1,5516,edge,
4152,"confusion",B1,5502,edge,
4153,"sigh",B1,5482,edge,
4154,"growth",B1,5471,edge,
4155,"disappoint",B1,5463,edge,
4156,"fur",B1,5435,edge,
4157,"approval",B1,5429,edge,
4158,"phrase",B1,5426,edge,
4159,"password",B1,5410,edge,
4160,"tide",B1,5404,edge,
4161,"harbor",B1,5360,edge,
4162,"tournament",B1,5352,edge,
4163,"length",B1,5347,edge,
4164,"platform",B1,5327,edge,
4165,"deed",B1,5316,edge,
4166,"honesty",B1,5309,edge,
4167,"curtain",B1,5294,edge,
4168,"carriage",B1,5293,edge,
4169,"declare",B1,5282,edge,
4170,"secretly",B1,5281,edge,
4171,"generally",B1,5279,edge,
4172,"confusing",B1,5274,edge,
4173,"boxing",B1,5258,edge,
4174,"celebrity",B1,5223,edge,
4175,"wizard",B1,5221,edge,
4176,"absence",B1,5194,edge,
4177,"endless",B1,5191,edge,
4178,"affection",B1,5189,edge,
4179,"old-fashioned",B1,5169,edge,
4180,"pace",B1,5156,edge,
4181,"handy",B1,5150,edge,
4182,"eternity",B1,5149,edge,
4183,"broadcast",B1,5146,edge,
4184,"engineering",B1,5142,edge,
4185,"sunset",B1,5135,edge,
4186,"luxury",B1,5130,edge,
4187,"stream",B1,5120,edge,
4188,"candle",B1,5118,edge,
4189,"examine",B1,5116,edge,
4190,"arrangement",B1,5106,edge,
4191,"bare",B1,5102,edge,
4192,"rank",B1,5084,edge,
4193,"idol",B1,5082,edge,
4194,"overcome",B1,5068,edge,
4195,"formal",B1,5047,edge,
4196,"appetite",B1,5046,edge,
4197,"helpless",B1,5042,edge,
4198,"democracy",B1,5038,edge,
4199,"compete",B1,5034,edge,
4200,"electrical",B1,5024,edge,
4201,"slight",B1,4998,edge,
4202,"accidentally",B1,4968,edge,
4203,"observe",B1,4963,edge,
4204,"narrow",B1,4956,edge,
4205,"filling",B1,4946,edge,
4206,"coal",B1,4937,edge,
4207,"dial",B1,4931,edge,
4208,"whale",B1,4930,edge,
4209,"infection",B1,4914,edge,
4210,"stuffed",B1,4910,edge,
4211,"ginger",B1,4905,edge,
4212,"kindness",B1,4883,edge,
4213,"motorcycle",B1,4856,edge,
4214,"folk",B1,4839,edge,
4215,"storage",B1,4825,edge,
4216,"belief",B1,4824,edge,
4217,"mere",B1,4822,edge,
4218,"collar",B1,4821,edge,
4219,"tin",B1,4819,edge,
4220,"helmet",B1,4801,edge,
4221,"twin",B1,4789,edge,
4222,"defence",B1,4779,edge,
4223,"pale",B1,4773,edge,
4224,"aggressive",B1,4772,edge,
4225,"profession",B1,4761,edge,
4226,"application",B1,4760,edge,
4227,"liquid",B1,4754,edge,
4228,"hopeless",B1,4749,edge,
4229,"content",B1,4744,edge,
4230,"emotion",B1,4734,edge,
4231,"silk",B1,4726,edge,
4232,"misery",B1,4713,edge,
4233,"protest",B1,4712,edge,
4234,"breast",B1,4692,edge,
4235,"toss",B1,4681,edge,
4236,"shave",B1,4679,edge,
4237,"eastern",B1,4677,edge,
4238,"journalist",B1,4667,edge,
4239,"carpet",B1,4660,edge,
4240,"poet",B1,4656,edge,
4241,"rubber",B1,4649,edge,
4242,"marked",B1,4647,edge,
4243,"practical",B1,4646,edge,
4244,"determine",B1,4642,edge,
4245,"deposit",B1,4625,edge,
4246,"cotton",B1,4624,edge,
4247,"announcement",B1,4621,edge,
4248,"hut",B1,4611,edge,
4249,"stare",B1,4609,edge,
4250,"broad",B1,4600,edge,
4251,"mankind",B1,4598,edge,
4252,"excitement",B1,4597,edge,
4253,"tissue",B1,4590,edge,
4254,"gossip",B1,4584,edge,
4255,"overnight",B1,4572,edge,
4256,"electronic",B1,4570,edge,
4257,"scan",B1,4569,edge,
4258,"arrival",B1,4551,edge,
4259,"unexpected",B1,4550,edge,
4260,"spiritual",B1,4543,edge,
4261,"approve",B1,4536,edge,
4262,"relative",B1,4530,edge,
4263,"alike",B1,4528,edge,
4264,"drown",B1,4527,edge,
4265,"lighter",B1,4521,edge,
4266,"announce",B1,4508,edge,
4267,"pillow",B1,4501,edge,
4268,"combination",B1,4474,edge,
4269,"hunger",B1,4472,edge,
4270,"immediate",B1,4468,edge,
4271,"turtle",B1,4458,edge,
4272,"sore",B1,4440,edge,
4273,"boot",B1,4432,edge,
4274,"closely",B1,4419,edge,
4275,"steam",B1,4417,edge,
4276,"tire",B1,4411,edge,
4277,"misunderstanding",B1,4410,edge,
4278,"terror",B1,4409,edge,
4279,"worn",B1,4391,edge,
4280,"avenue",B1,4365,edge,
4281,"sheet",B1,4363,edge,
4282,"packing",B1,4351,edge,
4283,"burst",B1,4342,edge,
4284,"bacon",B1,4336,edge,
4285,"wagon",B1,4331,edge,
4286,"northern",B1,4301,edge,
4287,"spider",B1,4300,edge,
4288,"daisy",B1,4298,edge,
4289,"permit",B1,4296,edge,
4290,"weakness",B1,4289,edge,
4291,"regarding",B1,4288,edge,
4292,"independent",B1,4277,edge,
4293,"delicate",B1,4276,edge,
4294,"needle",B1,4273,edge,
4295,"niece",B1,4270,edge,
4296,"crossing",B1,4259,edge,
4297,"terrified",B1,4207,edge,
4298,"height",B1,4204,edge,
4299,"damaged",B1,4202,edge,
4300,"palm",B1,4184,edge,
4301,"illness",B1,4171,edge,
4302,"marine",B1,4170,edge,
4303,"counter",B1,4165,edge,
4304,"pump",B1,4163,edge,
4305,"dive",B1,4152,edge,
4306,"discovery",B1,4146,edge,
4307,"various",B1,4144,edge,
4308,"humor",B1,4136,edge,
4309,"provided",B1,4130,edge,
4310,"forbidden",B1,4126,edge,
4311,"basis",B1,4112,edge,
4312,"blessing",B1,4108,edge,
4313,"proposal",B1,4105,edge,
4314,"lamb",B1,4102,edge,
4315,"effective",B1,4098,edge,
4316,"pub",B1,4096,edge,
4317,"privacy",B1,4086,edge,
4318,"satellite",B1,4083,edge,
4319,"log",B1,4072,edge,
4320,"unfortunate",B1,4071,edge,
4321,"homeless",B1,4069,edge,
4322,"measure",B1,4060,edge,
4323,"baker",B1,4055,edge,
4324,"soil",B1,4052,edge,
4325,"recommend",B1,4040,edge,
4326,"brick",B1,4035,edge,
4327,"fond",B1,4029,edge,
4328,"pound",B1,4024,edge,
4329,"mount",B1,4021,edge,
4330,"freezing",B1,4018,edge,
4331,"entry",B1,4013,edge,
4332,"magical",B1,4008,edge,
4333,"pork",B1,3998,edge,
4334,"goddess",B1,3983,edge,
4335,"poetry",B1,3976,edge,
4336,"currently",B1,3964,edge,
4337,"motor",B1,3940,edge,
4338,"remarkable",B1,3934,edge,
4339,"comedy",B1,3925,edge,
4340,"management",B1,3916,edge,
4341,"muscle",B1,3912,edge,
4342,"praise",B1,3897,edge,
4343,"critical",B1,3891,edge,
4344,"appeal",B1,3889,edge,
4345,"honeymoon",B1,3888,edge,
4346,"tale",B1,3869,edge,
4347,"upper",B1,3867,edge,
4348,"possession",B1,3860,edge,
4349,"connect",B1,3846,edge,
4350,"propose",B1,3830,edge,
4351,"tent",B1,3826,edge,
4352,"bitter",B1,3821,edge,
4353,"development",B1,3816,edge,
4354,"tend",B1,3811,edge,
4355,"talented",B1,3771,edge,
4356,"safely",B1,3757,edge,
4357,"active",B1,3752,edge,
4358,"intention",B1,3750,edge,
4359,"moral",B1,3742,edge,
4360,"typical",B1,3698,edge,
4361,"southern",B1,3684,edge,
4362,"necklace",B1,3677,edge,
4363,"experienced",B1,3675,edge,
4364,"pin",B1,3670,edge,
4365,"exhausted",B1,3666,edge,
4366,"lightning",B1,3656,edge,
4367,"destruction",B1,3650,edge,
4368,"hop",B1,3632,edge,
4369,"threatening",B1,3628,edge,
4370,"worthy",B1,3624,edge,
4371,"corpse",C2,3622,edge,
4372,"commercial",B1,3619,edge,
4373,"shocked",B1,3617,edge,
4374,"meanwhile",B1,3610,edge,
4375,"unable",B1,3600,edge,
4376,"stretch",B1,3597,edge,
4377,"capture",B1,3593,edge,
4378,"session",B1,3592,edge,
4379,"tragedy",B1,3590,edge,
4380,"angle",B1,3581,edge,
4381,"gene",B1,3562,edge,
4382,"extreme",B1,3554,edge,
4383,"producer",B1,3551,edge,
4384,"humanity",B1,3550,edge,
4385,"deaf",B1,3537,edge,
4386,"beneath",B1,3532,edge,
4387,"hammer",B1,3508,edge,
4388,"passport",B1,3506,edge,
4389,"fantasy",B1,3505,edge,
4390,"resist",B1,3503,edge,
4391,"yell",B1,3499,edge,
4392,"signature",B1,3485,edge,
4393,"ad",B1,3474,edge,
4394,"occasion",B1,3471,edge,
4395,"mud",B1,3468,edge,
4396,"circus",B1,3467,edge,
4397,"patrol",B1,3466,edge,
4398,"merely",B1,3435,edge,
4399,"limit",B1,3424,edge,
4400,"actress",B1,3413,edge,
4401,"existence",B1,3405,edge,
4402,"judgment",B1,3400,edge,
4403,"slightly",B1,3397,edge,
4404,"monk",B1,3396,edge,
4405,"strip",B1,3393,edge,
4406,"flow",B1,3383,edge,
4407,"shelter",B1,3382,edge,
4408,"organization",B1,3370,edge,
4409,"paradise",B1,3367,edge,
4410,"pit",B1,3365,edge,
4411,"atmosphere",B1,3356,edge,
4412,"pipe",B1,3349,edge,
4413,"thus",B1,3345,edge,
4414,"nearby",B1,3330,edge,
4415,"dealer",B1,3324,edge,
4416,"reasonable",B1,3312,edge,
4417,"officially",B1,3296,edge,
4418,"prayer",B1,3288,edge,
4419,"frozen",B1,3286,edge,
4420,"forth",B1,3279,edge,
4421,"election",B1,3276,edge,
4422,"satisfied",B1,3270,edge,
4423,"nail",B1,3261,edge,
4424,"cliff",B1,3260,edge,
4425,"aim",B1,3252,edge,
4426,"someplace",B1,3250,edge,
4427,"pattern",B1,3244,edge,
4428,"foolish",B1,3228,edge,
4429,"recording",B1,3227,edge,
4430,"patience",B1,3226,edge,
4431,"nephew",B1,3215,edge,
4432,"port",B1,3212,edge,
4433,"divorced",B1,3210,edge,
4434,"equal",B1,3195,edge,
4435,"routine",B1,3183,edge,
4436,"jungle",B1,3166,edge,
4437,"gain",B1,3162,edge,
4438,"generous",B1,3161,edge,
4439,"cancel",B1,3149,edge,
4440,"inform",B1,3128,edge,
4441,"standard",B1,3123,edge,
4442,"distant",B1,3114,edge,
4443,"valuable",B1,3113,edge,
4444,"scratch",B1,3107,edge,
4445,"mile",B1,3105,edge,
4446,"plain",B1,3090,edge,
4447,"virus",B1,3086,edge,
4448,"fuel",B1,3079,edge,
4449,"religion",B1,3075,edge,
4450,"industry",B1,3062,edge,
4451,"cabin",B1,3060,edge,
4452,"steel",B1,3055,edge,
4453,"attend",B1,3045,edge,
4454,"experiment",B1,3039,edge,
4455,"throughout",B1,3034,edge,
4456,"champion",B1,3030,edge,
4457,"selfish",B1,3023,edge,
4458,"insist",B1,3020,edge,
4459,"tax",B1,3016,edge,
4460,"arrange",B1,3003,edge,
4461,"wing",B1,3001,edge,
4462,"cave",B1,3000,edge,
4463,"gym",B1,2992,edge,
4464,"comfort",B1,2989,edge,
4465,"bust",B1,2982,edge,
4466,"aboard",B1,2974,edge,
4467,"term",B1,2960,edge,
4468,"fifth",B1,2959,edge,
4469,"crisis",B1,2958,edge,
4470,"league",B1,2952,edge,
4471,"ceremony",B1,2951,edge,
4472,"defeat",B1,2942,edge,
4473,"impression",B1,2929,edge,
4474,"balance",B1,2922,edge,
4475,"charity",B1,2914,edge,
4476,"trail",B1,2899,edge,
4477,"possibility",B1,2879,edge,
4478,"package",B1,2875,edge,
4479,"joint",B1,2873,edge,
4480,"particularly",B1,2870,edge,
4481,"steady",B1,2866,edge,
4482,"demand",B1,2857,edge,
4483,"rolling",B1,2848,edge,
4484,"hopefully",B1,2847,edge,
4485,"supply",B1,2845,edge,
4486,"guide",B1,2814,edge,
4487,"basement",B1,2807,edge,
4488,"struggle",B1,2795,edge,
4489,"massive",B1,2789,edge,
4490,"behave",B1,2787,edge,
4491,"whistle",B1,2760,edge,
4492,"dirt",B1,2759,edge,
4493,"teaching",B1,2751,edge,
4494,"advance",B1,2748,edge,
4495,"delivery",B1,2747,edge,
4496,"dozen",B1,2746,edge,
4497,"impressive",B1,2740,edge,
4498,"bow",B1,2723,edge,
4499,"naturally",B1,2707,edge,
4500,"gee",B1,2704,edge,
4501,"district",B1,2702,edge,
4502,"intend",B1,2701,edge,
4503,"solid",B1,2699,edge,
4504,"agreement",B1,2689,edge,
4505,"slip",B1,2672,edge,
4506,"extraordinary",B1,2662,edge,
4507,"entirely",B1,2661,edge,
4508,"reward",B1,2656,edge,
4509,"setting",B1,2649,edge,
4510,"emotional",B1,2648,edge,
4511,"sand",B1,2647,edge,
4512,"highly",B1,2645,edge,
4513,"beloved",B1,2635,edge,
4514,"confidence",B1,2633,edge,
4515,"reputation",B1,2632,edge,
4516,"failure",B1,2620,edge,
4517,"current",B1,2619,edge,
4518,"tank",B1,2616,edge,
4519,"wire",B1,2598,edge,
4520,"sports",B1,2593,edge,
4521,"prize",B1,2591,edge,
4522,"alcohol",B1,2577,edge,
4523,"politics",B1,2575,edge,
4524,"object",B1,2571,edge,
4525,"thunder",B1,2570,edge,
4526,"movement",B1,2569,edge,
4527,"hire",B1,2553,edge,
4528,"empire",B1,2550,edge,
4529,"passion",B1,2548,edge,
4530,"gorgeous",B1,2546,edge,
4531,"bull",B1,2541,edge,
4532,"sharp",B1,2515,edge,
4533,"anger",B1,2511,edge,
4534,"engaged",B1,2507,edge,
4535,"leading",B1,2503,edge,
4536,"dump",B1,2482,edge,
4537,"defend",B1,2476,edge,
4538,"mass",B1,2471,edge,
4539,"county",B1,2462,edge,
4540,"progress",B1,2460,edge,
4541,"ambulance",B1,2454,edge,
4542,"parking",B1,2453,edge,
4543,"pot",B1,2448,edge,
4544,"pie",B1,2445,edge,
4545,"prisoner",B1,2444,edge,
4546,"explosion",B1,2432,edge,
4547,"rare",B1,2424,edge,
4548,"darkness",B1,2417,edge,
4549,"score",B1,2408,edge,
4550,"exact",B1,2402,edge,
4551,"ordinary",B1,2384,edge,
4552,"drag",B1,2380,edge,
4553,"beast",B1,2376,edge,
4554,"precious",B1,2362,edge,
4555,"presence",B1,2344,edge,
4556,"fallen",B1,2342,edge,
4557,"warn",B1,2336,edge,
4558,"silent",B1,2321,edge,
4559,"surface",B1,2316,edge,
4560,"directly",B1,2315,edge,
4561,"properly",B1,2311,edge,
4562,"refuse",B1,2307,edge,
4563,"desperate",B1,2304,edge,
4564,"penny",B1,2301,edge,
4565,"former",B1,2283,edge,
4566,"boom",B1,2282,edge,
4567,"edge",B1,2277,edge,
4568,"curious",B1,2272,edge,
4569,"unbelievable",B1,2268,edge,
4570,"governor",B1,2250,edge,
4571,"rescue",B1,2242,edge,
4572,"treatment",B1,2234,edge,
4573,"protection",B1,2233,edge,
4574,"christian",B1,2229,edge,
4575,"miracle",B1,2224,edge,
4576,"desire",B1,2215,edge,
4577,"iron",B1,2213,edge,
4578,"studio",B1,2209,edge,
4579,"union",B1,2207,edge,
4580,"central",B1,2206,edge,
4581,"firm",B1,2190,edge,
4582,"violence",B1,2185,edge,
4583,"aside",B1,2171,edge,
4584,"pure",B1,2169,edge,
4585,"neighborhood",B1,2163,edge,
4586,"victory",B1,2154,edge,
4587,"threat",B1,2146,edge,
4588,"council",B1,2142,edge,
4589,"disease",B1,2139,edge,
4590,"hunt",B1,2132,edge,
4591,"courage",B1,2131,edge,
4592,"poison",B1,2118,edge,
4593,"wherever",B1,2104,edge,
4594,"suffer",B1,2102,edge,
4595,"chase",B1,2079,edge,
4596,"grave",B1,2078,edge,
4597,"switch",B1,2077,edge,
4598,"scary",B1,2070,edge,
4599,"useless",B1,2060,edge,
4600,"rise",B1,2040,edge,
4601,"horn",B1,2033,edge,
4602,"scare",B1,2002,edge,
4603,"insurance",B1,1999,edge,
4604,"giant",B1,1998,edge,
4605,"burning",B1,1989,edge,
4606,"priest",B1,1976,edge,
4607,"defense",B1,1970,edge,
4608,"madame",B2,1969,edge,
4609,"lower",B2,1966,edge,
4610,"crash",B1,1964,edge,
4611,"warning",B1,1961,edge,
4612,"including",B1,1950,edge,
4613,"liar",B1,1944,edge,
4614,"dna",B2,1943,edge,
4615,"ocean",B1,1942,edge,
4616,"cancer",B1,1940,edge,
4617,"tongue",B1,1936,edge,
4618,"genius",B2,1932,edge,
4619,"rough",B1,1910,edge,
4620,"connection",B1,1901,edge,
4621,"revenge",B2,1897,edge,
4622,"loss",B1,1895,edge,
4623,"dating",B1,1894,edge,
4624,"growing",B2,1886,edge,
4625,"artist",B1,1868,edge,
4626,"personally",B1,1867,edge,
4627,"reality",B1,1845,edge,
4628,"funeral",B1,1842,edge,
4629,"divorce",B2,1841,edge,
4630,"safety",B1,1819,edge,
4631,"amount",B1,1815,edge,
4632,"damage",B1,1807,edge,
4633,"spare",B2,1787,edge,
4634,"signal",B1,1785,edge,
4635,"finger",B1,1762,edge,
4636,"expected",B2,1747,edge,
4637,"fate",B2,1744,edge,
4638,"gentleman",B1,1742,edge,
4639,"mayor",B1,1732,edge,
4640,"surgery",B1,1730,edge,
4641,"gang",B2,1723,edge,
4642,"settle",B1,1719,edge,
4643,"property",B1,1717,edge,
4644,"tiny",B1,1714,edge,
4645,"whenever",B1,1703,edge,
4646,"responsibility",B1,1702,edge,
4647,"distance",B1,1701,edge,
4648,"season",B1,1697,edge,
4649,"opening",B1,1691,edge,
4650,"dumb",B2,1659,edge,
4651,"total",B1,1658,edge,
4652,"afford",B1,1656,edge,
4653,"proof",B1,1650,edge,
4654,"command",B1,1649,edge,
4655,"lift",B1,1647,edge,
4656,"surely",B1,1643,edge,
4657,"universe",B1,1630,edge,
4658,"finding",B1,1610,edge,
4659,"recognize",B1,1603,edge,
4660,"turning",B1,1601,edge,
4661,"sheriff",B1,1599,edge,
4662,"nowhere",B1,1598,edge,
4663,"concerned",B1,1582,edge,
4664,"onto",B1,1581,edge,
4665,"fake",B1,1566,edge,
4666,"honestly",B1,1558,edge,
4667,"criminal",B1,1554,edge,
4668,"united",B2,1547,edge,
4669,"prepared",B1,1545,edge,
4670,"doc",B1,1540,edge,
4671,"nonsense",B1,1539,edge,
4672,"planning",B2,1526,edge,
4673,"loud",B1,1514,edge,
4674,"monster",B1,1513,edge,
4675,"crew",B2,1500,edge,
4676,"operation",B1,1498,edge,
4677,"breath",B1,1497,edge,
4678,"career",B1,1482,edge,
4679,"hearing",B1,1465,edge,
4680,"somehow",B1,1464,edge,
4681,"trial",B2,1460,edge,
4682,"hanging",B1,1446,edge,
4683,"nor",B1,1444,edge,
4684,"blind",B1,1436,edge,
4685,"fellow",B1,1427,edge,
4686,"devil",B2,1400,edge,
4687,"main",B1,1398,edge,
4688,"commander",B2,1396,edge,
4689,"justice",B1,1394,edge,
4690,"responsible",B1,1383,edge,
4691,"skin",B1,1375,edge,
4692,"willing",B2,1372,edge,
4693,"lay",B1,1370,edge,
4694,"deserve",B1,1362,edge,
4695,"shame",B1,1347,edge,
4696,"shooting",B2,1342,edge,
4697,"van",B1,1331,edge,
4698,"suspect",B1,1327,edge,
4699,"bomb",B1,1325,edge,
4700,"spirit",B1,1296,edge,
4701,"treat",B1,1293,edge,
4702,"weapon",B1,1285,edge,
4703,"written",B1,1278,edge,
4704,"engine",B1,1277,edge,
4705,"throat",B2,1265,edge,
4706,"taste",B1,1252,edge,
4707,"waste",B1,1247,edge,
4708,"pregnant",B1,1246,edge,
4709,"bunch",B1,1222,edge,
4710,"duty",B1,1213,edge,
4711,"guilty",B1,1210,edge,
4712,"department",B1,1209,edge,
4713,"gay",B1,1208,edge,
4714,"battle",B1,1202,edge,
4715,"enemy",B1,1201,edge,
4716,"narrator",B2,1197,edge,
4717,"innocent",B1,1196,edge,
4718,"awesome",B1,1189,edge,
4719,"otherwise",B1,1182,edge,
4720,"risk",B1,1171,edge,
4721,"race",B1,1170,edge,
4722,"heaven",B1,1166,edge,
4723,"mission",B1,1164,edge,
4724,"foot",B1,1157,edge,
4725,"press",B1,1155,edge,
4726,"mate",B2,1153,edge,
4727,"grand",B2,1145,edge,
4728,"ow",B2,1142,edge,
4729,"owe",B1,1120,edge,
4730,"rid",B1,1117,edge,
4731,"suddenly",B1,1111,edge,
4732,"victim",B1,1097,edge,
4733,"immediately",B1,1091,edge,
4734,"stuck",B1,1081,edge,
4735,"grab",B1,1079,edge,
4736,"madam",B2,1073,edge,
4737,"laughter",B1,1055,edge,
4738,"decision",B1,1051,edge,
4739,"jail",B1,1035,edge,
4740,"holy",B1,1033,edge,
4741,"huge",B1,1032,edge,
4742,"professor",B1,1028,edge,
4743,"evil",B2,1027,edge,
4744,"neither",B2,1010,edge,
4745,"bloody",B2,1001,edge,
4746,"relationship",B1,985,edge,
4747,"dare",B1,984,edge,
4748,"mama",B2,980,edge,
4749,"honest",B1,971,edge,
4750,"drunk",B1,958,edge,
4751,"cell",B1,957,edge,
4752,"tough",B2,953,edge,
4753,"mess",B1,952,edge,
4754,"respect",B1,949,edge,
4755,"standing",C2,946,edge,
4756,"killing",B1,945,edge,
4757,"fighting",B2,935,edge,
4758,"soul",B1,934,edge,
4759,"service",B1,929,edge,
4760,"proud",B1,927,edge,
4761,"whether",B1,916,edge,
4762,"stick",B1,908,edge,
4763,"prison",B1,906,edge,
4764,"charge",B1,874,edge,
4765,"marriage",B1,855,edge,
4766,"army",B1,837,edge,
4767,"swear",B1,829,edge,
4768,"protect",B1,825,edge,
4769,"paid",B1,824,edge,
4770,"entire",B1,814,edge,
4771,"unless",B1,786,edge,
4772,"totally",B1,772,edge,
4773,"completely",B1,770,edge,
4774,"suppose",B1,765,edge,
4775,"pain",B1,736,edge,
4776,"general",B1,735,edge,
4777,"chief",B1,732,edge,
4778,"amazing",B1,719,edge,
4779,"none",B1,718,edge,
4780,"moving",B2,713,edge,
4781,"president",B1,710,edge,
4782,"dude",B1,708,edge,
4783,"darling",B2,707,edge,
4784,"worth",B1,706,edge,
4785,"absolutely",B1,693,edge,
4786,"calm",B1,685,edge,
4787,"beat",B1,664,edge,
4788,"bet",B1,654,edge,
4789,"known",B2,643,edge,
4790,"master",B2,642,edge,
4791,"hang",B1,631,edge,
4792,"scared",B1,592,edge,
4793,"serious",B1,588,edge,
4794,"sort",B1,562,edge,
4795,"sometimes",B1,529,edge,
4796,"stupid",B1,523,edge,
4797,"able",B1,478,edge,
4798,"rest",B1,453,edge,
4799,"means",B2,415,edge,
4800,"times",B2,409,edge,
4801,"damn",B2,396,edge,
4802,"working",B1,377,edge,
4803,"trying",C1,265,edge,
4804,"hell",B2,263,edge,
4805,"god",B2,150,edge,
